N,P,K,temperature,humidity,ph,rainfall,soil_type,label
72.641937174694,74.97658611813041,249.26224913709942,25.602711608253838,83.18278808647463,5.856029277697512,161.657177778666,sandy,banana
68.00975455490729,15.698064341683983,39.35384979979811,23.097408658133244,56.67618757257926,7.0171965749308605,173.86467774613607,loamy,coffee
70.81357667084345,52.20147651215971,45.91530137840758,24.521055077733948,78.08250313201172,6.41937116833192,227.5189434994442,loamy,rice
22.376861506044683,16.313165998642933,27.459800049067567,29.325273204454174,59.7893185628158,5.797508268837229,101.62148772640306,red,mango
66.61955219353027,39.09340025630715,34.06024351661137,18.29666470642409,47.43693856512148,6.594619205180356,50.49338636834802,loamy,wheat
9.407512169539814,13.52636572185936,6.174130668784912,21.05041664457812,93.67805715378682,7.7395691348965725,74.22135512703784,red,orange
72.68281622668735,84.45080852617977,159.9172758283955,27.573661740293353,72.93783991332187,5.571988966500157,167.15065279835716,loamy,banana
15.277988099164748,39.51410091473103,17.769371958235585,19.674655726642612,21.757584858739893,5.882641783290335,121.41820005339744,loamy,kidneybeans
13.542922662126113,154.36041147021038,192.62872899347536,21.025528291356185,78.49755718707559,5.6243135283309575,63.02469863243537,loamy,grapes
112.7617563796291,14.081536612554,50.405332321436624,26.206596747989597,82.2496544534308,6.471340367298908,37.996675921401,loamy,watermelon
83.44048715058055,15.334968046541215,47.50522922532561,30.790283600480258,86.10059173088683,6.81081357539438,43.58621634611222,loamy,watermelon
15.454338302670305,18.727147603318635,30.824768260078432,25.78293789054626,46.289739001425644,5.636526623555859,121.85308775585264,loamy,mango
7.4005880856492645,53.71458377385998,26.02253775803078,18.23764514341242,13.91495543448507,6.5067463544794455,94.42116535370471,red,kidneybeans
28.681798666980292,25.723702429892658,41.89085534461843,30.499097657568043,98.137181029706,6.339865272206651,168.77395582106683,sandy,coconut
30.75674476810551,69.01732449028026,16.700761411768216,23.303516295973377,53.247760342095845,7.479585314465783,48.75459729115933,clay,lentil
136.60365927809852,45.62991571404244,57.22596415243837,20.320250301092507,67.10397754089531,7.085570561805733,204.91193247322627,clay,sugarcane
15.929900726953136,64.10075994744983,21.28847860638278,16.450125714075785,24.790821086140866,5.916791617331323,99.31397427771904,loamy,kidneybeans
19.218263625070815,117.57609406608763,232.488773665828,29.203287519541718,81.98894178423585,6.777205750818448,59.79726442696987,loamy,grapes
82.82538041971917,57.888929187996965,30.221005499680775,25.747108366920827,92.92779310487865,5.539296340728293,168.7572317261667,loamy,rice
17.22889171439773,28.07070795153711,10.068320000812715,20.14844764974456,89.25839096657081,6.470911069997683,131.86440074200976,red,orange
15.256128547202312,135.23464835003588,237.7559648991084,21.88788619133773,84.20265764315104,6.007332192500255,70.3608655459477,sandy,grapes
70.79042251465275,39.1249788023855,33.507199590463145,11.542074983638443,49.12681802708265,5.994114207626634,54.640225524646375,clay,wheat
15.543926871793083,50.52252285070141,25.169047206994883,12.887701123057782,25.634279567882707,5.724183306228082,90.76906793838943,loamy,kidneybeans
110.68988687642197,62.46100334544903,55.066622854000286,25.20909957208205,79.3012890711311,6.877980610067685,207.45805159939636,loamy,sugarcane
17.731991460697696,113.16603869178952,204.6924033017931,22.941797642900525,85.46100961457743,6.320046879056256,76.88484848911044,sandy,grapes
17.301231429656365,18.027948949576142,21.788231587442766,30.693138512602822,89.05783956075706,5.467867491121353,150.9586067881639,sandy,coconut
98.02384711432042,19.24403381767691,25.974263485771804,25.554093192973763,58.63041792377953,7.024924954108852,139.28417765757843,loamy,coffee
111.9548254188029,26.4026486303387,48.68611374090498,23.16525980833546,75.22515727871098,6.759069129221949,38.397713097666276,loamy,watermelon
126.88587817605838,18.788495989174287,25.48282827030483,20.483858679992775,69.04244582184644,6.571966479588937,97.29798439911512,loamy,coffee
108.0445214831241,46.141612253883785,34.653839957557615,19.027135126055427,41.63152732129236,7.079869310141145,55.92858370611947,loamy,wheat
100.6492379739918,33.94254787698368,43.142619746079355,21.878368182527396,84.84818253077921,6.14756533972491,146.76376696609879,loamy,rice
18.642330978953872,120.85269342642067,197.5370718981275,16.848101688930385,80.16358350276681,5.879893689272858,55.99809462990232,loamy,grapes
17.71313307763295,26.380478217234486,31.124205174828592,36.654424184136374,50.07099817133569,6.437578141433405,80.04549569872009,loamy,mango
99.51059466236637,24.639235911554678,32.49299804539679,21.88533231304667,70.98011310469134,6.482873800405474,136.33439628370056,loamy,coffee
64.55092902471162,36.225715372362885,54.69530822657051,33.71520150772122,74.97060022704795,6.052700417284788,233.66222203762038,sandy,rice
99.46998171559078,15.91020528510866,36.65246417987055,26.32467313562231,66.67350677612878,6.125811346540926,189.14733053532987,red,coffee
19.404729588643693,63.192825642386026,17.291998492830395,19.716287170795447,22.878651488061784,6.059745100953946,109.26920924888975,loamy,kidneybeans
13.060887197002506,15.799222393426398,24.63525878470131,28.930792979246423,38.470133333087844,6.070791105634192,124.0714075829085,loamy,mango
83.79954413748112,64.41802897657931,206.41896700094796,25.079192536006296,76.14410638767293,6.541040798386741,145.99934356820543,sandy,banana
88.22953944912268,37.754710870869935,25.448377061107912,19.18921365639588,59.7090709130786,6.065579344009777,94.1080164845479,sandy,maize
94.37884170540484,16.431496206118393,36.647573434932916,26.794020770089197,62.27590363862066,7.371229132087125,165.08067402171832,loamy,coffee
89.10763597462685,44.99235415153265,8.88702886759279,22.697207559705085,59.38155655795981,6.240771038180898,75.91321436437326,loamy,maize
42.29512894634084,45.86220265171074,90.38289928983819,17.36865158694183,23.05658492938356,7.26486572855852,68.07060029030795,clay,chickpea
89.0920657931353,55.29673807957529,49.86694048689587,24.595683660734412,63.74019822871127,6.818256225385487,120.26984621119485,black,cotton
22.25973790807696,24.081021704413402,30.8735018104429,31.14020668523762,45.51886683849699,6.533246515570086,109.50210418921357,red,mango
22.250648982525146,45.18061668008836,15.273717240633118,22.05504411858032,30.124395089035577,5.435303089458412,88.41216925174612,sandy,kidneybeans
40.682971052820704,48.384950802614895,61.55879548832475,19.765246131603277,13.0401059613501,6.93416948866906,64.05879974046987,red,chickpea
30.61653743608762,28.21303498192844,35.61713481843325,28.987188747970567,45.915027288484985,6.032873740827102,78.5427652343474,red,mango
102.65845217902168,74.47802753592907,41.42016980413641,18.089921184614944,44.76487929662803,7.244225096117107,64.95749742119042,clay,wheat
112.69260194541793,45.525363617935184,36.591315438151476,18.101051324393563,59.34141077248263,6.794266398195235,94.47992675518972,clay,wheat
90.69702318169126,51.48178877871415,44.493294462421886,22.507059233044142,49.30076101318272,7.034632934933392,78.91636775762922,clay,wheat
90.12715295958584,27.526375484303323,55.98693906869973,21.9152068020359,86.16071894321793,6.73141415796514,42.29697368980101,sandy,watermelon
18.813576622291315,13.062119386856155,12.295722461465711,26.05345185931724,95.36671254441093,7.409845247088347,75.50660802427964,loamy,orange
32.33981267175851,72.21538414830002,19.68395878041147,24.83591928094145,53.549288414140506,6.582051203614782,65.91996153589491,clay,lentil
18.142353955547136,134.42138293082954,195.77000507806295,15.034513266362909,74.17928105367777,5.962287162084382,75.47093705939056,sandy,grapes
16.54870335409489,21.92387323024583,20.8999238393721,31.58755497434091,48.91911362935617,6.021923943929321,126.86602890488491,loamy,mango
65.18224295706226,56.538438329489956,35.99404204994467,20.03471397044445,75.72973774248219,5.791581935728671,222.08693274630133,loamy,rice
111.80327913678013,56.88920516688396,55.82765731914958,25.32239257882284,63.983404203792944,6.151319405440226,59.97438732954627,black,cotton
25.201975267999604,69.67793946685997,12.182727705935417,23.68297534868037,69.12524836885444,6.813615559386257,52.89278066583205,clay,lentil
26.638560835811106,16.64189678743483,9.55901685209402,25.220118460391888,89.13271529738415,6.412559019391176,75.2778507284366,red,orange
18.12111227926481,71.8345629563623,18.22450124050564,23.973126310808745,68.34749542327305,7.464447878065453,39.96282564572357,loamy,lentil
113.03949318953276,55.640452323873326,201.87528555864955,25.241805552971915,75.54218502650583,6.091387925843772,126.48076412169799,loamy,banana
21.102311798229476,45.703457047771735,32.261458439934714,18.452260559128867,63.35190443698534,6.4466382799868605,36.11997468032144,loamy,lentil
130.52348207910703,49.4218280071981,53.07463777091423,25.299004992176275,64.69259051074295,6.662737397064768,85.39300190273138,sandy,cotton
27.44930458500424,22.93755937076743,43.29809498117725,24.37039667388563,90.51100427887472,5.813106381967507,172.4085962302213,loamy,coconut
60.24664679052736,46.594939049681614,45.231582567383526,17.051904507840934,60.720046487948586,6.459990332915082,48.880352544247856,clay,wheat
147.97763611896136,69.71673300670878,61.524154615587555,26.764994762569017,76.57038318809943,6.045271430994629,219.2682946960939,loamy,sugarcane
15.207966263522534,23.25482558542566,40.3088368762168,23.025246998053003,98.01874876994059,5.837307260800096,175.6996124008143,loamy,coconut
95.32378136643172,58.67876100065112,27.3083468435824,15.83369655282289,71.35858598781317,6.549567814571043,70.22632553873044,clay,wheat
86.01506887094064,47.719822151042564,21.15908947887919,32.82610122856161,57.80981777167012,6.4689156076501435,116.71155168110745,loamy,maize
41.7296374105815,73.04880565862379,81.2374001441139,17.240453047240106,16.054914462912006,7.874397607107086,73.32860111419136,loamy,chickpea
33.72686165223673,83.26209346906799,68.66228974580272,22.98543643237519,12.717569465906381,8.10529858191784,73.86981093278726,loamy,chickpea
29.527239580896115,71.10742155796194,58.62499403919412,18.331533472728367,21.689783847000243,7.307357686228528,57.51593675057081,clay,chickpea
25.969733585399986,54.57967989674481,16.557739411978925,19.07505795304211,29.905192296211474,6.287076153391865,102.19422997808213,sandy,kidneybeans
80.39954068261095,49.04690029888126,30.179520097825105,18.638575167915185,68.15885514444284,5.542731535504758,95.4318289557156,sandy,maize
91.82493513268571,24.51225959131448,57.51561044783448,22.516240036953697,84.23977459719576,6.655075037229224,40.62884084672854,loamy,watermelon
80.42691772381549,59.02952821360865,39.253610802772066,25.393173478138433,84.19284683585701,7.471541471747014,254.05142299379156,clay,rice
46.24944964178994,75.52644417615562,79.29284408275538,19.1339748428904,19.791765163220326,7.352719370804328,45.59742710992437,loamy,chickpea
33.04091802136025,17.637382041061297,11.647357095623683,19.741749729274495,96.5688461981666,6.949749412219732,100.14704225502065,loamy,orange
8.716548784058073,149.08101830015806,195.1128468807639,20.80419495236521,74.22945790472801,6.231219620235876,50.52352046355213,sandy,grapes
83.71544098291,49.71637508828482,30.793083926515465,24.73636977275314,87.64173678930153,6.546387455366862,228.464389311802,loamy,rice
79.53434060660138,49.27362475656486,19.618947953370387,26.92596963176374,55.22604725692784,5.869771085542793,95.60743267953985,loamy,maize
170.17369815607944,52.294387984867235,62.19877363023366,26.45951124640583,62.466142863836716,6.874445249971883,114.83405580433234,loamy,sugarcane
97.5988004638297,69.51210037702891,243.9603903623257,25.84388052025203,76.93024786806525,6.216014223149195,122.86822575108164,sandy,banana
73.74018064994493,9.011713038855829,58.17030211149968,22.039354116369907,87.67446055901439,6.786994216953564,45.19895622248949,loamy,watermelon
88.08524548502739,7.909603081992639,55.49608766489905,22.39273792156776,89.33418488580674,6.91922604564877,26.47110280824991,loamy,watermelon
15.219762745829168,57.906087275618475,11.706447018462109,25.750298248313623,68.11022709598095,7.324665269232437,41.71146337220892,sandy,lentil
17.11432060061181,115.6767308303877,197.08926815274657,25.52615200668454,77.95118932860343,6.131922418680953,53.75896176963995,sandy,grapes
32.52608748681632,55.96465553423728,79.24228523540175,17.646473928281758,10.308366365195287,7.123323282330802,57.88230599571442,loamy,chickpea
21.65328302906059,124.17867497348472,174.6508151632297,18.188683534229902,82.2574184851387,6.0217877560407675,61.685309331802486,sandy,grapes
22.166006621788643,65.72956591770141,19.530540867408174,21.237371337972625,21.039946544539713,6.037854135555304,85.202955828217,sandy,kidneybeans
64.36129617097673,41.71628891880521,15.628337088442835,27.086133039047677,68.47297048792196,6.241675816764474,80.19900510323171,loamy,maize
89.45373806104169,34.53197451220434,21.264001266347723,19.51427581593098,73.69884210778689,6.623677892741269,92.3859759621934,sandy,maize
19.811871795940988,48.45242562450528,15.186847624570245,17.551994288785508,20.173660149887816,5.630143217542,91.45972827847126,sandy,kidneybeans
18.73137442833141,25.276167705959338,45.22774086900445,27.147032643401626,58.64334774471186,5.538127734598028,111.36952714428536,sandy,mango
131.17684506109111,57.52264264003433,62.04220925621635,29.808808063773775,70.66604129767074,6.784054541150616,152.81065521148486,clay,sugarcane
31.213186891563808,19.310508287592533,30.00473674563794,29.77261989036359,98.69534004269227,6.053767608042401,146.7422702072751,sandy,coconut
100.5383787116629,99.07325721474793,235.6994942277113,29.354490665658194,82.58571715422008,6.529008245319013,116.89092107592353,loamy,banana
38.27804434739076,82.82293792704712,77.86203138150044,13.598563924797459,25.46524442711272,7.572957003925117,63.94980711780799,clay,chickpea
68.45490660390047,47.78166761960765,36.7433741091974,24.146908485879713,83.1119538964923,6.447668446790157,206.4296606446394,clay,rice
12.876061345626354,58.1105575821388,20.94355481705609,15.887520187276452,28.157385569637086,6.072576040483944,100.80266654177511,loamy,kidneybeans
86.35296088550867,55.90742969668559,24.95361257620754,24.04628035411461,76.79796846205944,6.247690344450957,197.1420312321305,clay,rice
117.51937474018538,3.9169576299709963,30.2443064366547,23.841007248610293,47.02799086844681,6.868706886634985,128.26499424165226,loamy,coffee
29.847283081121503,64.72566645816276,83.04435522813816,16.791180650384995,16.141633725414703,6.660020266366262,86.14859325912542,clay,chickpea
90.29861625280643,55.22879666917604,35.55819244663836,19.54458760396876,55.226042972080364,6.6784261293919425,68.43714335706679,clay,wheat
72.96097897914919,56.482401253163516,41.950019843213184,24.546257059760872,84.59556671035692,6.224766593471984,224.41582902448874,clay,rice
147.54264968622056,59.715848078458876,50.66329215582098,25.073415462955776,80.00448993870282,6.248262155774241,97.49554523984554,sandy,sugarcane
106.03548022629734,50.12361131905259,27.671416027988847,15.520185344428597,51.74154662145212,6.638681874831749,76.49962435979673,clay,wheat
102.92326095115531,16.217723485373767,52.864640355834496,24.922687613123433,87.72539327240703,6.5561946569393506,40.95088737273357,loamy,watermelon
29.733196994036255,15.394494130985763,16.30014309965008,20.70627051522144,88.28901919140289,7.527811669611926,108.16663127499427,sandy,orange
98.61936192068457,45.68040624346084,32.3480334913891,26.239063597358964,53.490010385085,7.6462519320250015,102.87039019220123,clay,wheat
8.95752982087282,31.294214043954284,31.171137352516464,31.27305332765406,65.48882240242011,5.670075348187739,23.129601671948933,loamy,mango
97.4614783619637,24.759853225384923,57.13846790183636,29.165638904971317,92.25643352235176,6.462320103407933,49.654553482718846,sandy,watermelon
11.282999590575752,141.00534597104553,213.5870835673264,21.60169700992758,88.28000389765572,6.0063320816655255,81.62141103092702,sandy,grapes
18.431472756961774,54.724018430613846,28.387847249377053,17.43542442884676,18.783150602364366,6.128842709906602,80.5527928226523,clay,kidneybeans
107.11644159765129,17.824273145216175,26.741488661565757,23.834431800604666,70.75647606270664,6.422792637304043,135.83941160153952,loamy,coffee
18.857445867147636,83.56377558491675,21.8037120003121,28.276217766937435,63.32961434861663,7.03820121979613,59.62372306822747,loamy,lentil
46.554744776477975,91.0362629875041,76.23895809440418,17.625754594995616,19.844829357868726,7.6276416675648555,56.97369269934932,loamy,chickpea
30.025547336619866,81.22142572974747,27.393046221941077,21.607159024899428,82.53746001725032,6.867113282352018,42.270105842957925,clay,lentil
24.952731268446737,118.29783123784019,201.77805672430864,25.87481121201597,76.3433142588165,5.995310365631008,69.430065953685,loamy,grapes
14.443531757897047,69.81552701148752,23.154000820730097,20.18061859108927,26.953003394339593,5.6041611118462615,92.45493382029424,sandy,kidneybeans
25.619562793132634,28.23965476633672,29.64115048947749,26.186563870322782,50.4982896679249,5.242715078711678,80.4587663991942,red,mango
102.38517259754909,23.387461315737415,49.03107242328496,19.684031421254296,82.93029732611652,6.883778598494936,48.10355588277203,sandy,watermelon
90.82711301277311,30.401842923045344,24.510778795012737,24.514486369965063,81.09561439659137,5.859945778510277,87.43344772398417,loamy,maize
19.105495233841072,118.66432811227949,217.10945184910298,24.63998998054973,83.48729014185018,5.517912405433633,68.4490690723927,sandy,grapes
39.527662261559556,88.90222710651804,75.14603797085877,16.700614497406992,10.0,8.232409868623227,77.29171358926847,clay,chickpea
27.204402666271015,22.93067557482955,26.567260572070442,25.474800798520754,97.72318577502641,5.7074406611319555,223.37180623569148,sandy,coconut
23.66196085048207,20.119954801815897,18.546352430163243,29.143168383509202,91.5207611713408,5.766946888646754,180.21305965110759,sandy,coconut
14.557364373783429,15.934121084301475,13.266200512780873,21.888110641130456,95.95878419161977,6.396651165741838,102.3733985511264,red,orange
22.236560209029143,73.68348143187676,28.601474526160942,21.098524449971134,69.46360865114349,6.627571862093217,51.150541249201616,loamy,lentil
12.069418091355821,73.62527796689064,33.2441256365616,28.36061439377205,66.0681070431297,7.243373782318593,28.5638063707585,clay,lentil
22.586326955597908,61.83510129193967,20.295466665125087,16.07695225203731,29.468831203812464,5.484874016995436,103.5527243775949,loamy,kidneybeans
163.83342871249275,43.12802601032633,46.87999985422209,31.769256741572903,76.91791931011099,6.409397901608084,180.33369908643482,black,sugarcane
51.0809364104015,35.74921871787734,37.64976863878296,21.783600935719424,86.28637889578395,6.998918612299198,172.93541122282792,loamy,rice
11.72840967386791,25.304370891133797,47.05843643417107,31.22439024892713,47.0582137001952,5.937246946192305,105.73406270983195,red,mango
129.18204619474406,58.448317094770466,65.9321938070411,30.305451212021794,74.3718120288947,6.711446688621834,202.3688582077026,loamy,sugarcane
25.119395977214456,65.7527443687067,23.116455331259854,19.04380343154813,19.835746419422076,6.374630407471858,76.86126029808199,sandy,kidneybeans
104.62369910319865,43.06531790846124,23.956905285511375,22.412344635048832,62.909985227889145,6.59473461236802,78.4361070918855,sandy,maize
32.53644593289245,17.34694817306767,35.6183766888968,26.530153108236004,92.48958938231272,6.09748278158135,166.81799697983402,sandy,coconut
48.651603757028255,61.73756318376172,78.22522512906413,17.868421375632785,10.0,6.847205423969215,79.41640229180325,clay,chickpea
42.4753027180794,71.24184272469533,71.66737408462754,25.4759770321145,18.34912461602483,7.585198970138039,40.87721283182688,clay,chickpea
15.018360734953223,63.06471121505346,16.341346018556663,23.966319467740117,54.75959860358596,7.33374398253078,43.262147063884235,loamy,lentil
117.22742947870526,41.27614891706207,41.90860888040377,14.608673809112647,53.494023693171464,6.9287165476193975,10.0,clay,wheat
87.23443847417784,58.77546853565853,64.3118312603923,29.426506999455647,71.32547239671725,7.095888900884149,166.20366552788934,loamy,sugarcane
185.39225138570396,54.79982969969075,71.15402663096945,25.510081669060675,63.27537579517251,6.35907934131595,132.06834846377274,clay,sugarcane
103.57059068674566,67.25003618590756,221.6097235669733,24.623241921084656,91.47341655203513,6.671384590496103,208.9809875639953,loamy,banana
115.91373272879187,82.10309151966578,211.55881151677647,25.34639792453799,76.04503669534016,5.931923269937455,182.46878494595686,clay,banana
18.514422536131995,126.7313722252567,191.29288072558393,23.626035573096296,77.9657087882451,5.956345521156836,58.14227940210569,sandy,grapes
18.48798034721281,19.10989864410502,8.049557176732403,28.067178456241237,90.9919450268106,7.227844563049887,93.27409750391958,sandy,orange
15.207998575357786,14.982480422527896,2.5729406429930046,22.872538004240763,98.16516188726467,6.588284433479848,135.54259029300283,loamy,orange
95.31641697399809,60.12883691723156,26.655018868952787,17.631947991034178,64.41241845450324,6.706206086593172,48.54161086044387,sandy,maize
92.01729674364486,49.95103973142888,23.776424036613204,24.52749525248461,68.55011160277954,6.33783701318308,109.61721790329216,loamy,maize
111.29818097241798,37.69739852401423,31.59468880613481,11.005927882065905,61.9311792028608,6.9001293172761855,85.10535031865541,clay,wheat
103.15689752242801,10.303167118537269,48.072666306179705,24.44714254824212,85.9097221425497,6.175423265405702,28.75206916806705,loamy,watermelon
71.03389768086845,38.00855108668988,20.220832994581727,24.692028558608904,47.14950746308435,6.227877190860186,90.35180207183762,loamy,maize
34.69460999490588,58.37755180675407,67.89601272217212,21.9365240237116,16.39308834765894,6.954879992170691,77.12821624403027,loamy,chickpea
21.40794839380956,17.380545763782184,7.191353187631099,23.93020912803799,91.55322893398342,6.801753075178008,146.99984247743805,loamy,orange
16.531694476777794,10.134419699694215,8.290509872751931,23.922332851324004,93.57624035630815,7.0123723469338906,132.45329632525858,loamy,orange
20.788548214818412,117.63587889473722,207.34405843104977,28.784998833401318,82.50967351860214,6.270383021867902,80.39907766888278,sandy,grapes
81.84355454955346,18.03345350239873,58.756674526539086,26.062944458179857,67.77707975116051,6.7610186464479405,56.1779898573089,sandy,watermelon
70.85211850366818,38.12635185139544,35.69869938477582,26.62778338987588,76.26624899559161,6.375004899447948,170.32977884486428,clay,rice
23.22208319437869,74.3062294465703,12.680179787176185,25.649921869881528,73.04557272935432,6.891937897988868,42.04420287232055,red,lentil
16.937809069657725,19.69513888282736,14.23653436957266,28.154659473223994,54.20974918361859,5.568948737160168,97.4237145230932,red,mango
141.8590629491784,50.68920125547619,56.993364010305434,27.491166765174054,64.97417417456825,6.204405109120036,67.54881781836869,black,cotton
18.923261038154305,124.09469824114795,202.7894467170008,26.667128787998383,83.27285763214768,6.366114807008081,59.94668360089082,loamy,grapes
111.2913515078366,51.10180577781358,31.641528845547302,18.425944778410727,59.09119196939498,6.931040233708451,86.40401807824183,loamy,wheat
91.54187985171312,43.22702057932968,43.429982299628364,22.309914170878734,52.253953905305075,7.1122724359703104,75.99481330889196,clay,wheat
82.44065888743933,36.931711664455136,45.65479712719241,26.98799791115645,84.3102276259366,6.422613377100506,231.85672003234637,black,rice
17.132193676783434,20.46907305823925,22.605924713466823,28.719707033014394,30.549211536715106,5.906667063529762,82.30064406896209,sandy,mango
77.47932211784797,7.831449002368839,30.941305409071795,25.120596687120205,61.52484736572551,6.8410507259519004,149.64267447342544,loamy,coffee
104.94780885743874,33.62617006841041,53.49221271701149,28.232913327090035,60.51485772799223,7.181830566823021,100.26677695063199,black,cotton
70.34081911948955,63.53835546793107,43.136496932669935,22.04312553602294,58.0972942329309,6.8195699298720625,69.4938157527589,loamy,wheat
27.415681633604358,13.793066085121115,7.222218017467169,20.362913480756188,86.13214949698634,6.812238907346456,142.53624343048762,red,orange
4.326825210083996,56.15266667060688,18.021782229369997,16.47006847099723,26.5383866974188,6.058185256701089,96.55713448534608,loamy,kidneybeans
107.63871976619627,47.47242309465575,48.605644998611155,27.247324502571317,47.42349738324839,6.391165101609321,57.444878689428464,clay,wheat
8.621079419614222,113.07109682936073,234.42487674999086,25.06642365364841,81.39276825334983,6.560649951945317,99.37489409217275,sandy,grapes
11.597267112063143,71.21732427562091,25.044579761357852,24.41601384975229,58.623478785202565,6.68845182497194,25.093968280057656,black,lentil
116.94955591161334,41.701816177924705,39.38048905894238,10.712167081727678,63.98481688208716,7.626009703080342,76.60165249246171,loamy,wheat
99.0209250006936,18.816544398343282,53.87003502212039,25.904236624408355,84.54619028264115,6.799045106006967,36.90837727088068,loamy,watermelon
101.9507612829046,15.485581757125454,34.24047356616904,22.093105019879182,50.33289860012586,6.748078182820081,114.94074739306807,loamy,coffee
107.04905846411847,49.69473871193261,25.998044119231935,20.391555447275795,49.57994021359956,6.404301753656466,89.15991400109645,sandy,maize
129.45637931970248,40.25676788536581,60.48039170920411,33.414523411455626,60.592547366609935,6.56300718297251,80.26204881773413,sandy,cotton
144.79317393117918,51.459311906305416,68.59396090490421,24.003406860126965,69.23412816400067,6.682275967421969,216.77269346170863,clay,sugarcane
98.89257192273335,16.759938241241358,44.455885404281176,21.31644960845976,76.66664032092305,6.2711669993150645,52.05207864722823,sandy,watermelon
18.07641189574413,75.4559631467079,13.245050456315145,27.340228025601515,64.26693158434477,6.527902645997162,39.38771488112427,sandy,lentil
40.341048195501976,64.13295299157876,77.26296004182231,21.371021745354113,10.0,7.093194310018256,75.26056869676071,black,chickpea
27.659381632362265,14.094132031628282,23.65877134162629,30.292372018225144,96.09286456729778,6.193128715667533,183.63488548721952,sandy,coconut
20.778691507997024,141.98396630588857,193.2420582659082,23.53492280947565,82.65589324448999,5.596016588141442,54.53005968870778,loamy,grapes
115.12260895494369,52.59743922253087,48.71753925891414,32.205068999321625,62.72458257022252,7.546172109271438,64.66978756186613,sandy,cotton
40.919471292648105,66.61919367285068,90.39369044918553,15.741896340897558,16.87850228082425,7.8159718794472965,38.98082754594207,clay,chickpea
70.22507608413338,43.44472154996569,11.68134648037884,18.360121187664497,60.609298399243066,6.008169122345741,99.44927494986746,sandy,maize
16.241113169760414,129.91419729742063,189.58666070781607,23.994296312109647,83.74463409673842,6.651811987085976,74.17285044043557,loamy,grapes
161.57669828519883,56.113850613310795,52.54802529178538,31.520687031266807,68.96908783385534,6.330337896707623,195.74671092950982,black,sugarcane
118.29944942165582,45.218350754838454,39.60925131412792,25.655144160273693,52.78129432965065,7.295539953869383,75.78090171129121,clay,wheat
25.89749723877057,38.99882652722558,15.841194128685952,18.477288726567018,20.505684420188572,5.921012872758017,100.35080572253108,black,kidneybeans
12.745372558268368,26.239065026082272,39.76597153863091,27.33679934880023,57.72178103178482,6.293327145840133,101.8680912112455,loamy,mango
19.371193263487896,112.76997451142476,180.85669309501696,20.44222446982262,88.66892956417621,6.4895161308326275,72.93839252451379,sandy,grapes
96.07479451924988,16.442509176780288,56.19509429538745,20.009416077898077,85.26322910634569,6.170938481398124,41.46702095330018,sandy,watermelon
21.74549872119692,11.749792792777338,29.367401846427853,27.521200606110323,88.04887407398819,5.520877619443629,154.79455835494022,sandy,coconut
29.92714422587496,21.829087481307496,8.678118122515903,26.280706215219226,90.71295456044001,6.717685765715712,100.2932913952084,red,orange
31.659942363616338,20.87300057665812,17.194072420474125,28.69674280863237,99.46671468018874,6.739104803048522,184.25227212406068,loamy,coconut
16.403300403819678,17.012309177938082,27.644312879886098,26.72626422126666,99.87229000575398,5.951653164767771,185.986016239221,clay,coconut
15.312853843117963,64.17888171067575,18.839371547523214,17.46428409631844,23.984729486544417,5.757388117530118,89.43492463085654,sandy,kidneybeans
110.33593718522926,13.4633421472335,22.09679637064153,24.30634381451917,76.86159384021096,6.8996119964466285,154.08657897617556,loamy,coffee
90.31121284974333,24.53856209732795,51.80567150600075,22.864307569193674,70.34376132886169,6.9822626562379595,103.40828996681222,red,cotton
44.329046705744325,56.724157592653384,75.89466011984985,19.268778302105304,20.97969342411129,7.058160553528183,37.36423306953992,clay,chickpea
84.82634155659706,56.37058452167679,210.47551509644953,23.394532899890596,78.19037519121323,6.491857204724227,210.20301943812706,sandy,banana
24.887771081697903,37.86426997751026,41.25998699158662,29.590038347672568,49.60388630614077,6.018687697913681,98.67498521156463,loamy,mango
17.375687121916286,20.286902624657188,32.601624519603355,30.694120466015224,89.83812512681665,5.66921312557314,115.68098525112964,sandy,coconut
78.93444262744998,45.03037001297167,53.75036002439887,18.041167819746345,69.99072553336792,5.982731667577554,220.58111527750276,loamy,rice
86.19768472942712,72.6606004232161,180.73317942681012,24.569900945852254,73.09612978525261,5.655007610191368,147.39535261748443,sandy,banana
75.44232185852125,38.97686466217103,32.84523163137977,24.02121398493088,90.56491170210703,6.934954670195008,206.5624309983941,loamy,rice
142.47630413475486,43.34720591546003,60.63529334844878,19.563730446297498,75.97817916276115,6.835458918252355,75.37119954218983,black,cotton
93.80572066276424,17.147276837321424,57.17933755945056,19.090034368307155,83.81487076529515,6.32799984470985,47.46096095452962,clay,watermelon
23.56500103023255,143.4280874332936,201.49979263825657,30.450271700243647,78.80987756083746,5.51783981049021,48.77951057186013,sandy,grapes
22.414644520061128,56.56421883284399,21.57373152794794,17.4934722443911,13.090237412810504,5.8028656858770535,72.98869333939697,sandy,kidneybeans
25.959398179108067,75.77770003375991,16.85894158293481,21.10583830427581,52.44746604929292,7.866178464724157,33.91941751005787,clay,lentil
125.99446029240107,45.11511754521786,57.78007447946468,25.4406841477392,81.68194597903484,6.85859654062811,120.48364447007538,sandy,cotton
94.83427091757073,37.15389377563762,28.475078419766035,28.0963953593641,64.31908380734721,6.362893137374477,84.7741935993145,sandy,maize
17.187999900471382,62.0035669104829,18.024357779469153,23.32370295199985,72.63406331797486,6.544614134506467,13.599004740530837,clay,lentil
105.98469452108851,53.03742502451328,53.50056096645136,22.40986605747223,46.51876881921386,7.1182884323522195,92.84746749022904,loamy,wheat
20.370446261213292,24.70790062070823,35.73821014804118,24.422299940241736,97.28614810372018,5.632545745901816,192.30077864174456,black,coconut
101.84017381845608,47.058054246491665,13.334413428705677,28.755136457415496,67.00540457276924,5.794183203220834,134.4295710064431,loamy,maize
59.272154921691815,48.47538914836686,41.901884818658225,23.217550132909615,73.32365287366927,6.228851803085548,198.8202916374479,clay,rice
118.97478317457055,44.77349331478187,48.85635653007879,24.692609346768435,79.07366814228699,6.732086248993274,63.10607225938257,clay,cotton
20.78553766847752,24.12843617459657,43.13120688479627,27.311318603641883,92.20001683989909,6.291786213321288,109.32318859583542,sandy,coconut
99.16114098518462,14.35620950741999,59.15397006516497,25.68070304788839,82.68545135385703,6.459925421007786,59.63640548467123,loamy,watermelon
15.846873249076037,74.11440097225214,20.22229799633983,25.53972447380439,58.47450967869304,6.830370013850136,35.7655802419116,red,lentil
29.582167159105897,61.459113717791006,26.40472104390212,14.773740730143544,16.384174379859033,5.451429933520056,100.00595345329678,sandy,kidneybeans
86.94894781249111,47.30201214237862,11.999154087594793,18.112750594703257,66.52122703047816,5.259244673979325,95.1352631740315,sandy,maize
125.77973927210236,44.919864839069604,70.31460326883025,26.24031389214766,80.17602369728614,6.39316463874801,64.43981404206983,sandy,cotton
14.820336246743873,22.234455932404376,22.019340717521388,33.64435342964856,48.05667430699915,5.749637508420345,130.33685042988378,red,mango
19.708265088480356,23.427765429210517,26.77881473477172,30.29133123126949,46.623676523949854,5.828313019091185,69.74605815721728,red,mango
21.822808360145928,134.92363363539977,223.30406316921798,22.120113433383768,87.20657631736223,6.036877385342196,77.61450136760037,loamy,grapes
106.9158396721771,71.18198835622822,171.35562910251213,31.094813127719874,77.85328908752035,6.419198418740848,186.8090063382832,loamy,banana
99.89025800957579,70.58421864652004,238.77678511639238,26.351545500149616,77.68088908969753,6.742625441879383,154.1571931980794,loamy,banana
15.935828985762843,23.618714054792,29.031618858701513,34.33109790884297,63.55062502097641,6.317523395936545,103.27549312008753,loamy,mango
16.977840354449377,31.878010852300783,38.199033862613135,29.810652926010675,49.064591665770735,6.636562324688895,94.48945550459443,loamy,mango
41.88095954521332,77.15482416497693,96.15982424162047,21.33858826231435,17.43645380518182,7.599525554392991,54.998737246897164,loamy,chickpea
25.763399656185843,66.73748144225843,15.240787633448612,21.047276425559748,56.185760907401445,6.904676162665948,55.1742222778851,clay,lentil
102.18582141288475,10.681365192741278,43.45810598981345,24.08704494337148,57.01482968560631,7.237085493513111,149.51857127749955,red,coffee
108.98251258984104,50.203080065604055,32.040524449469366,18.90749207205095,63.10250964156299,6.972287702587994,78.33470339266718,red,wheat
114.51146892407213,22.09519662640141,33.22896450471636,22.439043865618885,78.59909747124789,6.657041826544115,49.95991948182597,sandy,watermelon
113.95389208490784,43.27549300269935,63.57305471911258,21.56866288692506,85.76808050038866,7.877640120930549,30.873249411598344,sandy,cotton
82.01484411227483,39.58876864051209,36.445524382434535,21.747875982356806,59.627185584134715,7.009198131298931,53.02150868818915,loamy,wheat
14.892504822888439,61.933171919976715,16.57591988750827,26.188877975755577,57.53687682865805,6.878338054310986,40.45612458552796,red,lentil
101.97443967143762,69.94525018003499,199.9579297376257,26.114819524021268,83.75727637586871,5.9390828498794015,115.10478316618301,sandy,banana
42.22666351656403,51.23956668426852,73.65669006474454,17.906714745807275,13.897458282815546,7.086481624136317,65.10810590564556,loamy,chickpea
25.339922195401,27.23587807381651,28.282233051193092,25.071046319440736,42.16169062401704,6.4794605892532715,89.78502504916587,loamy,mango
20.07531633866171,22.355202348903692,28.37025775517634,32.664152807439805,43.597083511264934,6.000035612385456,112.71833879139831,red,mango
120.14175252205436,51.85682570766366,67.11960171343404,29.220483564487527,77.82275959419216,6.414262245281149,168.78592143561073,black,sugarcane
15.986601183896546,10.603403409560775,33.717723176442504,27.537042956921532,96.00169642356983,6.500368416052972,146.68610554416108,sandy,coconut
13.392755977418425,19.736489009160877,19.81176539649208,32.92716793950478,49.54068756057998,6.040343239961752,94.6149015737329,loamy,mango
136.78757719758462,50.929923456805696,71.71524509184778,24.409899647246455,70.95996975711601,6.140623813298367,223.27591182035428,red,sugarcane
31.05538114204631,154.6900799048168,140.512008744846,23.190029461084535,86.59271715153207,5.945301896229606,63.09863619784175,loamy,grapes
28.632399500173488,21.851587285772887,17.193245691722073,28.500542366511745,86.85223877286896,6.4862665023491255,38.42000218577331,loamy,orange
92.1756949396276,47.35581287275296,33.94472101787948,17.355082275276793,70.11503636813883,7.354023850819456,82.08957909990913,loamy,wheat
20.437300878267937,26.009264619964263,13.934817553598283,28.87916267395958,52.97273932916242,6.698138007520987,109.19722885279032,clay,mango
13.91870094471486,138.0020726892089,208.2768186828367,22.43179199658051,84.39486943252096,5.553663020907495,72.4444318198748,loamy,grapes
19.22103211492284,11.832422528441347,17.455070886923558,29.033064467243967,69.00094517019946,5.279702770630054,63.91048518650343,loamy,mango
87.43642358578975,47.71900288954163,42.52838296515429,26.22948537198608,85.69680800801343,5.3568186632890225,205.42246990942155,clay,rice
43.881585851821654,62.603828445653534,83.65487345038505,23.697338593609764,18.543297715090493,6.590634184476127,71.80993447170438,loamy,chickpea
23.35262620842655,64.4681214528605,16.78608215179638,19.64136691631802,16.956847650637222,5.6173729229064016,117.53886286424597,sandy,kidneybeans
10.224303182514863,38.410181681532436,17.420196689652478,26.405075774750383,45.03342762509528,6.523088276787946,100.63933743071433,red,mango
136.72845195955364,52.038544078091064,55.73735127322216,28.695812525885763,77.8757091243962,6.579343666927533,144.64208849996822,clay,sugarcane
23.66872731837628,19.19490597733513,36.80575615435246,21.945942634324805,100.0,6.23974240041309,164.06408888781002,sandy,coconut
78.5462007513645,57.77128459275528,44.808831552160115,15.807363500625188,53.61982411212813,6.020079529738787,68.35475687425851,clay,wheat
91.09229308624921,45.276894993482045,37.73763400681944,24.681454208132273,83.338732110437,6.446725679875912,180.01151085322476,clay,rice
84.31434896007457,13.505850604430742,30.105549247851524,24.566284519009418,52.99996763040422,6.630785753300782,168.23818601218318,loamy,coffee
12.30111318437804,47.99663678223593,19.024978111727904,16.2212223890388,26.535796427216475,5.887922995980075,100.30635360155966,sandy,kidneybeans
24.633144677236793,16.89211291692365,37.554504222241235,30.854619871331828,98.24059349753924,6.1886661718405875,143.39823101502068,sandy,coconut
27.753479754731046,13.369753958126596,43.206314042490426,25.59143212645106,95.36763405386829,5.820671839530762,183.56023391350647,loamy,coconut
35.35844139383873,9.788916189456899,32.55188856253201,22.755625570977013,93.87633264341103,5.772414438458518,204.115501817179,loamy,coconut
120.94976863812987,45.30131977189059,75.06768592118561,25.067918140921144,82.54905253486076,6.325406208653994,179.23082010350484,clay,sugarcane
90.18893211868253,18.71199798975463,58.510493413004056,28.04716056093773,78.34211821478159,6.28599426568955,48.62836771502382,black,watermelon
107.35781591673583,52.987743236983995,54.647318903137624,26.026209312308954,67.04041959226757,6.676025682255379,119.84627692392466,red,cotton
13.44284218568274,68.77243797039867,14.46231651490043,27.831490012064357,71.26665175215874,7.361195722136956,57.62066508234595,loamy,lentil
88.95602664786708,48.143890651929496,46.790932288280565,15.204946324740737,61.30888895412177,7.1288917262241425,96.09912189438587,loamy,wheat
27.71134170153077,26.939844888079318,26.70528393401492,32.36788313383211,43.64636494720253,6.433993814033584,122.07104993534257,loamy,mango
34.50683321669867,48.883813182255,27.290854037395547,18.21040655509838,25.030501084000683,5.305666857668658,124.36163645330595,loamy,kidneybeans
113.02708482251793,31.812422308760816,27.991524531027885,15.055968399240914,53.961438626619575,6.955254769323272,81.493633064577,loamy,wheat
20.736577795606504,141.4492381971342,172.95671885897855,23.741908667289366,79.8955327155161,5.882541946904487,89.4394656854286,loamy,grapes
108.47692060763247,91.2498604817735,204.73877114785412,28.998607399404413,66.02518363516825,5.850136511345659,103.78156578570223,black,banana
28.933157746297056,25.095937261611926,30.222355798632908,26.313982761967438,97.09928325705867,5.844160887491145,99.40619897914723,sandy,coconut
155.0622460175555,56.62718735032803,57.79605506503884,32.591193404361725,71.65468922158597,6.656525440170938,192.417252322172,clay,sugarcane
13.352624889687405,74.54082724817398,21.728451715605065,22.364724466902658,77.51087451081013,6.31509643675951,64.91439119710273,clay,lentil
21.09802254570676,13.47782260299168,27.30343837356845,25.32217107196837,94.74164253285991,5.8533220722542865,171.4402441462435,loamy,coconut
17.137586812556535,21.413081715019004,13.22407091242698,25.726278436443213,90.02942658086921,7.40572147487237,63.1796490969682,sandy,orange
108.99497159429426,51.7330741141305,63.384806136890326,32.40871208728453,70.9748621248191,6.242604916366748,178.42662700513497,clay,sugarcane
20.264833379993558,59.56739859169674,22.786982785968114,17.65298147256165,21.948202495111943,5.482637120640737,120.94114392982318,sandy,kidneybeans
121.15638006081389,59.202005068632545,36.583069591435546,24.63522696504063,78.26673758656536,5.9750244591197905,192.80848832367553,clay,sugarcane
132.45935321309747,43.7336066124022,49.139967557408404,25.797004563592846,63.620619512037344,7.695743823432645,83.07236372883025,black,cotton
117.49820058620813,74.03823501723872,161.16206144386734,30.006402828061375,84.77294677753503,5.990598267703369,123.2444722800655,loamy,banana
105.63910910888411,45.19261925187129,43.94736661176738,26.45634052108356,77.85845949936888,6.726016600345543,80.01930588112394,sandy,cotton
108.96686326794376,71.51167305471343,240.75690126820908,27.808558766099843,79.5741621516181,6.038121798728853,212.20799282082575,clay,banana
35.66413279819046,76.48256424515988,85.42195285724256,19.73404577646205,16.727574026677978,7.230012785314329,80.68460180313899,sandy,chickpea
124.59493273542395,24.678262904318856,45.89829555092441,22.864057725445953,85.50104018658035,6.450345881309049,59.39684862771276,loamy,watermelon
20.476369997927478,133.90203111402028,188.20960199468914,23.483400055354625,78.31299202743027,5.892658562965046,45.080921458403,loamy,grapes
98.77661626003885,42.10583618044663,32.47102323260033,23.654307375914936,84.71400370385884,5.573696371127794,245.49883610604485,clay,rice
45.18059282449349,56.684772273336236,62.23632361153779,22.058532752993887,21.800464233217753,7.71842090041916,57.952021261706406,loamy,chickpea
119.64606257526734,16.07763107463642,62.64597367056246,22.795394479520454,85.0941818927335,6.7414247990511695,52.94492564034987,sandy,watermelon
116.12392516879534,17.47623513072302,28.074335633498194,25.045439639032253,55.94937067446002,6.464007159641285,181.11404816025856,loamy,coffee
68.13761998721746,18.808773624870888,41.43514112081056,22.219391368225406,56.726392514983715,6.438785714254382,129.48697073543153,clay,coffee
77.10106399952925,61.984026488894074,180.47545122121073,22.721990552856138,86.44818437943368,6.110310968753914,159.10116854802635,sandy,banana
92.31760233458036,77.97824442486603,237.55888678189987,27.410289374618056,68.20111238508828,6.060960101430193,221.3187091363783,sandy,banana
10.85103210029647,30.991306464509574,30.027327072068097,37.65812716245046,46.89892503858869,6.129383398043749,165.73047905521253,loamy,mango
102.56861236900858,35.77371351250251,37.37544301259521,17.668411906073786,50.91633706377217,7.392694237816851,84.59678073804433,loamy,wheat
110.35369715303284,67.26703518988658,177.13011487061758,28.310710202898008,76.18050582353692,6.280928783839949,154.6539717141093,sandy,banana
23.870676125966728,53.876037591662005,17.102799572091502,16.60966615912381,11.73636069154861,6.05852754826101,118.83187228365132,sandy,kidneybeans
100.01770047419774,23.241942879990354,44.357955986248385,26.717623183355204,83.90419880111125,6.5617622319747815,46.01460259697338,black,watermelon
31.279100149671777,30.431444793992622,41.5872165810849,31.93563651931073,59.00042791750092,6.742850941177243,76.70407919244363,red,mango
14.821027276927861,125.11999097397185,207.10214946631694,23.219663631400984,76.79414947147454,6.037696042212133,69.23986063650614,loamy,grapes
66.71545181547815,37.842183848353386,45.146614357512355,23.81618463142123,81.96926879967957,6.134622840590195,233.50298195195734,loamy,rice
91.54471183472938,20.35741644181528,51.52019946145284,24.63841317976682,94.2597951008916,6.3640395061931745,59.88855164420983,sandy,watermelon
91.75031010132749,45.72580587356116,10.309694656491274,27.95412745140585,64.91620030394242,6.009593960919609,82.9849888290484,sandy,maize
51.99660656182034,39.573884478758586,45.99547119782192,24.145347800852274,83.18674049165111,6.635686998684317,273.1074452907077,clay,rice
74.13083422723413,39.46240777412588,22.758235730089925,27.95421296986126,62.3220520160037,5.785442665966521,55.993540842766826,sandy,maize
148.6188861546518,60.545336965420816,42.59902099525461,14.49630234367306,54.22352699300687,7.3705307907600135,109.19069231252537,sandy,wheat
21.95194155381267,16.512544759004058,12.872702490778957,21.48050139300268,94.08540419837846,6.918127600648872,131.52882242472597,loamy,orange
115.00864952505188,34.566141875254054,66.23164842840009,22.732174204570143,70.5985103326425,7.318332236704279,84.39630285708294,sandy,cotton
116.60671207812966,48.11327959677365,61.862158623581344,21.90420042986889,74.90743496906009,6.624571749520026,171.5088845738705,loamy,sugarcane
89.41779026454456,24.120440498579207,36.0821793813074,25.53470510931017,59.71912997402771,7.013676038306708,188.150555899042,red,coffee
86.88137476713366,17.569298090752618,52.887589714789435,24.06602904555008,79.9889811771132,6.264531008298054,38.44193997235166,loamy,watermelon
159.45978874898415,59.34919679519946,55.555554762069015,29.834063260774624,83.46450774879122,6.553895217407021,234.04927813039518,loamy,sugarcane
89.75121545304373,46.9332777585667,25.800303522862976,26.546231208702434,78.5347666758661,6.709778886776496,194.8964985425232,clay,rice
22.916270409606927,27.161555410488244,20.274910963210544,25.740847850470708,47.16312787346084,5.501562132047278,108.01583545636313,clay,mango
13.464418620838075,80.20896647019752,11.307668274815065,22.24391308619098,57.901096225158334,6.021968088570686,55.47811713619924,loamy,lentil
14.637461970233167,41.95859553220765,22.03564901604138,19.557308993870464,20.001840876611837,5.4556291374429975,96.77871081778571,loamy,kidneybeans
20.427173712436982,29.994005383781662,25.67499609147822,28.042118018796447,65.30147723962826,5.233311357197349,101.96617671076942,red,mango
48.77862005762294,72.41281766985021,89.09159602213876,15.545219399776132,21.568298533706493,6.958922754146072,68.89312648357307,clay,chickpea
140.3600637599971,39.13505334973923,58.72980098121183,24.491095740132234,77.31673622034253,6.489567199627474,85.78455855523512,black,cotton
12.404573283810025,18.103975497739878,43.099433313380814,27.650790902170645,88.28614630935535,5.395061476086118,172.9323929878826,loamy,coconut
107.05404858796727,64.70163853651019,210.23141871532155,25.885954809863918,77.80315014132002,6.178547401925057,188.5839106934594,loamy,banana
15.33125694883645,74.8032985790002,18.24160310194742,20.327256901349728,10.0,6.1829412648342785,124.37527489309164,sandy,kidneybeans
22.368109717017713,16.718670728673704,23.80629235831559,26.55699702722231,95.30725733075224,5.8986951201967965,127.63700925247899,sandy,coconut
102.4301912798218,22.737337525181474,37.28566010660131,23.605156164670735,62.44822299807667,6.319744452861385,166.11127600082057,red,coffee
72.87643667493974,28.729024563841385,50.97909947314861,21.615200517605736,46.60562531268954,6.798800142611784,95.39014120402648,clay,wheat
103.70817131713676,76.12649248238723,9.744643376539067,21.04649367649157,57.07059932660381,5.959672151046923,63.06041880990718,loamy,maize
22.16660455585891,19.02222363864508,34.43228975771619,28.541507417481874,52.795609786273126,6.367995538220586,111.72021268795685,red,mango
17.059169910563725,50.304722240149786,13.606450161115642,19.205246757959237,15.384110089560192,5.895866202017008,68.96354495557804,sandy,kidneybeans
130.27165835133673,67.40816612540556,199.78126508108517,24.680021120613517,70.2110459301563,5.737671477276713,130.88430347007235,sandy,banana
107.46367412041293,15.922262158037054,16.76747067791448,24.912756370758906,51.86138245246899,6.685736430148124,154.53471695037112,black,coffee
78.12034522810292,44.67389979091653,34.76169843656488,26.33821660444624,79.27009911795533,5.709757694493101,168.88249702721524,loamy,rice
74.44950923690132,11.03189719535434,35.53446737338758,26.895791231168772,81.53459108100424,6.353245900446821,42.40083081687054,loamy,watermelon
106.9181817805652,76.94136265947505,146.14925446615737,27.41427583331416,80.19935282129813,6.38512859945961,140.3430664318497,loamy,banana
8.067367739510383,24.87432402854124,5.89583816381489,22.509444726238293,86.31255528930045,7.2482862922878954,90.36509910149505,loamy,orange
19.21763456648282,63.3107790864979,17.790721088535655,13.278423208392343,16.671509095591173,6.184400156939356,96.49553578271023,loamy,kidneybeans
14.873271036142391,118.5150445483404,213.19194821188583,20.378082318062777,85.93524150097018,6.105487799707005,56.896090982986124,loamy,grapes
99.83539314711555,43.83471141442052,54.53569177675364,28.870926298834952,67.60093679172506,5.900027710367041,63.36600564634159,black,cotton
24.08510103483345,19.789276596938702,25.17595413791927,25.171941287306336,93.87213518017823,5.8944316039216265,154.33031519841114,clay,coconut
44.37333626093188,70.54796521725314,86.76614551776525,17.065419080088013,17.702202217507725,6.949576214355768,55.70535525478982,loamy,chickpea
136.8641641860849,68.360485972587,76.96691737232454,24.931150215457862,71.60501345196391,6.086808309720587,143.1016653522533,loamy,sugarcane
12.58938131068024,23.770045343011297,33.668447319239654,26.0731571025014,96.97046301733202,6.006049786533736,209.74782825515055,sandy,coconut
24.036687678190265,18.158590664789052,9.129039372934042,25.58243167761878,85.04747422246288,6.729871640694141,140.8107177419694,loamy,orange
109.26956136330912,63.48495688626556,207.50214439596417,27.273149034982826,77.61174843054134,6.1315215610147105,164.7491061127158,sandy,banana
147.63926066969617,41.57645662533799,60.147018252794375,29.717246747689583,81.35316898516297,6.194332896846311,180.53252916621526,clay,sugarcane
91.87838704318253,51.63009247714517,24.184929871526002,33.10972179422439,69.76805068767351,5.667864272861786,101.16653788197259,sandy,maize
79.85010344556603,72.47817275525362,217.87379727599992,28.211865015293593,73.26985217476039,5.649520689204585,160.47291069255377,loamy,banana
101.51518959492824,18.59955393961141,26.777402631113457,22.849564319734434,55.04335658535656,6.785264348450911,169.17353319100053,black,coffee
120.30762846024501,51.06982416523468,55.19091536951666,26.10627505714407,71.7898358653407,7.2575273414230335,71.74295555726589,sandy,cotton
29.61593260686832,71.15585287861288,65.47242453237853,17.653367139158846,23.549353415601576,6.86988464791145,78.04641780747434,clay,chickpea
17.794427203038882,54.179410545428844,30.608374925329702,21.00961760885325,25.10968600554338,5.972886757515463,74.93365219276632,loamy,kidneybeans
64.08328738712524,45.24505194075534,36.12664453333137,24.016980716914116,88.01654695182762,6.41524617480157,273.49592429770973,loamy,rice
21.862253719308114,29.519630024261122,29.700578440848318,27.722875606729644,91.51480445472838,5.0734183884794755,146.30506004205031,sandy,coconut
87.04711000163351,47.55520211032983,33.04762201708174,25.53218834391082,89.27511302098961,6.07048331828536,152.3214940332095,loamy,rice
13.822466581957794,33.470535158535526,29.083820907287098,29.021594670885133,53.697404982001686,5.969454200227314,53.548707079120085,red,mango
71.34130359748583,47.53195409338647,39.22170721269208,31.279504926791784,91.44012941485146,6.354338621022601,189.4777116122093,loamy,rice
12.85849193646635,62.75446728802343,19.935872003076067,20.76061828341342,55.31119527792055,6.528221032939157,31.612151986082623,loamy,lentil
12.72368720574446,63.41984833696671,33.1324245451845,22.050510153786036,24.591739434470814,5.774317810677656,56.224947459929496,loamy,kidneybeans
18.972190350267663,65.96628626193747,16.91429200692371,25.262826071715597,76.17625099903479,6.858838731473612,62.717728871000666,clay,lentil
109.82480182850973,17.094948841726936,42.239546892205,26.05481333626888,86.18496251699663,6.788125443833187,54.97856340089818,loamy,watermelon
93.34112910734726,49.77261366948856,21.747388501084277,29.894445569012383,71.80827127928544,5.153178018486902,82.06403612905795,sandy,maize
76.24479464790728,42.715738688844745,23.63774693665225,18.646470354704622,70.37852228859006,5.7409255347526384,73.4324647911184,red,maize
17.029888991331926,21.868927437188233,31.788913109466986,25.908599756101765,96.88967001899101,5.574294671390676,196.0758000969164,sandy,coconut
110.86034010304226,20.13982707196688,44.515945661743764,28.813903348653053,78.66261538446943,6.48282659868832,43.11597224673498,sandy,watermelon
139.06607806290214,26.233694059972827,52.676294606876404,26.082628603044807,80.068780142371,7.528557998780308,55.99641259579475,black,cotton
108.47337110326964,81.13095690775083,222.35061007725648,27.624132848157796,70.98900051912405,6.207102048410754,159.95856759314975,sandy,banana
32.0711494753012,74.67998804553865,79.13040024393979,20.019425723471294,18.301093197175316,7.697740187249727,66.24077302794784,clay,chickpea
112.36099713455408,15.071664814617723,47.99450158616684,24.83195851178947,49.9199147106074,6.453317927141969,125.94459029880032,red,coffee
32.30184547386807,20.337935842214307,35.763551836743666,21.36644954597883,55.34887959585967,5.251938153383298,81.87581630251854,loamy,mango
31.697510415596543,22.46618591177347,37.298283251795375,26.636759542798714,91.01921564666326,5.956108305135329,203.3202749546692,sandy,coconut
96.42782161063695,59.75506576508779,21.154526706609087,28.52820915365671,43.24561684969058,6.936180919166409,99.3765537973085,clay,maize
21.377772163084686,17.716108614306282,5.51543181037398,23.539518369354713,91.25544597738525,6.519871394608283,124.35713613395144,loamy,orange
43.5716881699615,64.39907752244869,80.12578502351833,20.97045558016041,12.363161296704341,7.316134562221876,60.315977080900204,clay,chickpea
121.44085708676164,37.27634657670509,41.712064887943825,29.458218362594387,68.67909783243908,6.565186538710444,63.12305717405123,sandy,cotton
14.589368650777134,137.94614236089734,240.60726882006202,25.461714794044703,87.73558910852742,5.886776990565978,71.56998048325868,sandy,grapes
62.53940244858195,34.89703250234561,7.773628953591693,24.130780901013082,53.05355346234765,6.146179955992833,106.5344547472927,loamy,maize
22.252951345459202,6.211285571447984,30.398506258094585,28.999110145617067,91.7043801301943,6.176283932921463,175.50827493171033,clay,coconut
22.195270190571545,15.702143421894277,15.083047468321713,23.10631187546865,98.94255766149244,5.724349219070184,198.96861282656624,sandy,coconut
39.74020540866036,75.28053565399183,79.46697131008845,18.90776850321841,13.079853333889961,7.347649571746511,69.76998041621071,clay,chickpea
15.730473640308315,71.29938526559094,16.784654389494204,25.957590518097074,73.5230381606078,7.340703704531711,31.58182685556423,clay,lentil
14.104637055413614,35.30463507903554,19.952433156517873,32.647383450197424,55.65162125423735,5.709699055367189,45.119209322081886,red,mango
19.881452840984892,53.45383968865234,11.418756612577242,16.67605651831295,24.773218085863043,6.4829616068629266,96.23220692378952,sandy,kidneybeans
21.169764666047644,130.2962563458904,203.1838027377344,23.69611122704211,83.01837759377324,6.127465558770445,86.41679126958319,loamy,grapes
15.08118987389588,139.11897460267457,152.64157562277603,21.84329839407425,88.00282420566937,5.948708613290119,57.5628454575075,sandy,grapes
91.22656550558179,30.34875132627901,37.31514105505083,19.027564014628005,73.02963501863677,6.745544891925564,255.80739927886742,clay,rice
134.41735820576775,42.07276603890036,55.390296840277045,30.543680293244975,56.0491769758825,7.135740200655337,78.32230348012894,black,cotton
12.85793907098978,63.92485521964711,24.254304519295964,20.177123949956165,24.92477144343959,5.908978923774259,93.55175322338913,loamy,kidneybeans
32.45472060504488,62.72234454418657,87.72211477352505,19.305461839309896,10.0,6.773988357784899,44.282541027638395,loamy,chickpea
70.32081314831153,34.738922797915826,45.7105610918592,25.724933565030256,78.31613919164262,6.780471539608426,202.3739031372103,loamy,rice
131.40229980656207,60.767411756464845,232.21576704189604,27.299655397071387,74.97779341731712,5.87718992109725,158.9946162801906,loamy,banana
104.92946600274155,60.45634960171873,25.757543154500443,17.94098089682584,68.63296856852843,6.4619420350542836,49.86821882168581,sandy,maize
15.236930211393808,50.964648746892635,13.170161395600527,26.78317385999741,62.981407547269306,6.846367359945452,59.037773417029115,loamy,lentil
74.06393279886623,49.486571416550305,42.24965164738324,21.89116944574296,52.30018877498707,7.131175306978883,78.74283973540432,clay,wheat
102.43886471372588,19.722321089836417,41.05957545500176,24.63768608028091,52.99590606611028,6.625629535568149,99.70760392619277,loamy,coffee
23.994998586840296,60.10011007537224,24.44178762417325,20.370226648416693,13.891189654764421,5.369733337762719,79.88918562518943,loamy,kidneybeans
124.24422630345589,51.767876377631524,32.7585995460514,15.205470341350185,39.88481929700863,6.360215245287798,95.32646405081398,sandy,wheat
13.636212707765168,117.8277626952997,196.38506383770215,28.954086371873224,75.40087760625931,5.706912650059263,53.002895572842334,sandy,grapes
133.51618260356483,30.5539989938539,75.88882142710273,25.276967674568343,82.46880810641214,6.910717377247776,106.22180515205159,red,cotton
108.59148442628437,18.607879162327958,38.574821829238985,23.88111207009022,58.448391570364215,6.803705997169962,130.12051349820666,loamy,coffee
95.9349282266741,72.16895684343879,246.8532974965264,26.21162971376598,80.06490129715115,5.82693511005711,142.3121267247563,loamy,banana
12.803589045055787,34.850669583802045,14.780441127052672,16.58442105683574,17.972752560640174,6.2558574037927555,82.729148814217,sandy,kidneybeans
74.50760682851809,45.863043554744266,50.47640547888422,20.193221376823224,74.49011671536316,5.559488825152458,188.23454839898304,loamy,rice
85.13133532000715,69.3566088093327,214.0348111015417,29.466440331021445,71.07854020990823,5.846236536696681,162.9259621750393,sandy,banana
13.19357793694028,58.63057155016214,18.494470332473725,21.960670858812705,76.40371338599542,7.0500577717228445,36.40222331855353,loamy,lentil
40.856840240075776,73.479587434637,93.77736236274744,18.993249266487528,20.076580360858166,7.019293221493287,76.48933179089349,clay,chickpea
19.181118609437313,17.879548739011806,8.606957519020948,18.93598734413758,86.18078866560701,6.72372402389015,131.4813028519016,loamy,orange
86.29408850343303,33.04475504144555,45.5935738535591,31.158054945837673,83.03176199462236,6.065069935172597,214.31987142369914,clay,rice
63.370318965399804,42.834892578391674,25.487744323921078,18.526662809795532,60.48355590768577,5.9720984284916625,92.78376073495278,sandy,maize
19.649950827375445,107.73565318695239,209.4626330598551,21.65808557899559,78.48616610149362,5.76947561955329,78.05395708978398,loamy,grapes
93.70839729908037,15.78723917990848,52.91027956519964,28.817599401959875,80.75614954726011,6.399032535461193,35.81900764368227,loamy,watermelon
113.98434273871366,41.853616423822835,56.21505186631433,25.015263346729313,82.34485410005792,7.095281855893429,68.85772958717357,black,cotton
44.75752169096147,62.56471958275139,93.22135894078477,20.907530014797796,10.047581226558224,7.364609860861538,89.72168242735819,loamy,chickpea
121.94673483692765,37.7065097893741,61.244328875972,22.654926486088858,80.69146084029119,6.736299877355927,56.9461864519382,loamy,cotton
127.67843868073865,61.59561115847566,66.88417190915439,22.48461617198804,68.24283357759688,7.068580296222136,83.594361559713,black,cotton
83.35528608986806,24.16871457585666,21.090902754791955,21.963546472797894,51.87243247978647,6.645634965829729,168.62392317442195,loamy,coffee
145.4887113878842,39.45921178979379,62.5269648877761,27.862713805170582,75.90976404481198,6.514251885396226,187.77509618850246,loamy,sugarcane
37.494768488733754,66.65515462016762,87.78829717121032,21.730304484819314,17.419530005877366,7.5340990125435425,65.9620520356723,loamy,chickpea
14.048764270278808,59.76862700414366,24.535725038270044,28.962300310750837,47.6476166367026,7.525925844748665,46.04065648237835,red,lentil
174.1371584833466,60.61638872141035,54.413357729564666,31.317976825383884,70.58230384969116,6.565423204558107,141.2074917595263,loamy,sugarcane
68.15771505886116,43.03777723246312,46.218700608493954,26.304298223399854,79.7430635726194,6.1464708141935835,165.00416766520073,loamy,rice
120.59632198909232,20.55013556397224,15.302381225486531,22.942933587699805,63.5709605737767,6.349161626516238,198.6031841837593,red,coffee
24.167654806373477,20.90439157132273,13.2097934191233,21.017300223945256,87.84037426129818,6.280102267293842,137.30558101420144,red,orange
23.541923437918342,59.47963461824953,25.848730904927585,20.774097590309374,23.23070502123837,6.0782637331940625,110.00847108807153,loamy,kidneybeans
109.30527047804243,32.46200693270045,25.29408297874548,24.796263354016645,54.495036230298794,6.982720507965948,148.15275371848512,red,coffee
12.811094220532032,18.506551453569408,30.546796306006133,28.563509195009,93.93751179653245,5.90259311168477,162.00081133070867,sandy,coconut
106.15606200712958,16.91763315976247,40.60047928555099,24.7696438735743,85.88032331857922,5.937184738688653,47.030823791896125,loamy,watermelon
117.83918907107659,50.86913612339107,60.33610286911577,28.692318384865832,69.47584710509315,6.860578680134144,161.358096848279,clay,sugarcane
112.24062857882672,73.0936253040804,191.21877702914395,29.26662653911642,87.98469665261764,5.77518126572557,152.09869973656077,sandy,banana
92.9127571342916,14.034738538784708,48.53621212991635,23.343983041557948,92.62559554941134,6.594942714258262,45.17520280256658,sandy,watermelon
14.18201171186032,58.18547737533409,16.421529455277167,23.053708058331363,81.39316828677363,6.824693049613618,30.72537859040385,red,lentil
89.2067943028134,17.18043640947225,50.296668889198806,22.64460558173599,94.93110783631619,6.420390988065388,46.36301978901696,loamy,watermelon
32.11558705633573,111.71771355257678,189.44488444181357,25.70407574824068,85.51632782916596,6.146216705742705,80.12977986989662,red,grapes
21.03038979353837,51.62677537762647,15.92344513184129,24.863463024956662,73.9229240151396,6.979907733862317,62.49886799973188,loamy,lentil
36.12008220590621,83.87923971529466,79.9888027800211,12.294893506304001,17.78682486077837,8.07783911690409,88.63880432818084,clay,chickpea
80.13711266672792,55.631684723495916,46.85435186053221,27.525460200670185,85.32469900794456,7.131061240138434,211.79353244535824,clay,rice
19.8498996630889,17.981360010071512,1.8502539772381894,20.834002338257857,97.4219175984542,6.829319243318874,127.83656902438021,loamy,orange
76.0920109366673,9.830313129825232,46.26379283936191,24.674869468137558,82.2218927019488,6.605343193113743,38.1779034659003,loamy,watermelon
99.56708510234367,48.280221870258764,18.696643050687943,23.162364691841567,65.12424477055613,6.8604745100135585,94.53285544653549,loamy,maize
53.45906868272078,76.33568702875625,70.584623977702,19.604034559644766,18.197580721457143,6.576153212433108,72.04040989431161,clay,chickpea
13.72605526821396,24.406264167141913,11.638848023374024,25.04448848677904,90.28260869890828,6.592112761153343,83.71092513653903,loamy,orange
16.171433193955874,21.084133899484513,30.28353383765062,22.295912558081803,47.47609214465042,5.96388400986001,61.01808633984969,loamy,mango
29.24344651103676,57.1574149108482,78.74955584140116,17.16970340182866,27.498320348074195,7.264107692035353,88.17848227544839,loamy,chickpea
58.5966664434298,45.668968619284456,35.550464329206996,21.16047712707994,92.09089971580494,6.891598136354282,274.3688240118245,loamy,rice
14.451881229529409,126.70764602387514,246.24133102405926,22.156522617782123,75.84206512317587,5.730462342126769,87.1003316806492,loamy,grapes
23.658724053029978,127.31677885349913,197.05027220015583,25.077392360829997,76.99447979492294,5.8595540482059345,74.58572904584253,sandy,grapes
17.838950813294453,13.78664730555801,25.013753539242515,32.74413514145479,43.909130933940986,6.599097551253451,73.58344862596027,clay,mango
18.393232557948902,55.39393180449427,21.06056850565612,19.14507160343884,20.733125777857445,6.12589777506191,82.66040992490446,loamy,kidneybeans
94.16267374616281,43.65799566741114,24.74236086179703,27.918341364623892,72.33349172526938,7.011328362687928,68.33959653351403,sandy,maize
106.7838118405329,56.61275108883045,25.746140007191197,22.538129794788876,61.125564207136875,7.252926377018938,86.67050183666683,loamy,wheat
129.33661570139196,35.763184693826005,57.25463699534891,23.157938245976798,80.62962582488201,6.51764696478883,86.48487269384046,sandy,cotton
91.83143902157632,57.83759767397799,42.819355032080324,15.597213488922652,59.71968676290323,7.089305223929507,59.62908420417179,loamy,wheat
91.98205845905058,81.54009640149337,166.77027170499827,23.38633699569155,76.62609012628171,5.529447648588722,205.5480673829635,sandy,banana
31.382605693373755,6.347620217262508,2.5067828107705568,23.148099262400812,90.9400706058702,6.425206259933231,83.63472622090579,red,orange
29.429087426837846,60.529274081321354,82.10534670789247,23.7580114928796,17.109913888381357,7.8534881444772,74.61093665304381,clay,chickpea
129.50242983715918,39.550201411883954,53.213223381040216,31.980323801364378,80.82492513019982,6.397993738936056,221.19765424921422,red,sugarcane
94.27094927374273,18.442955300438307,34.4715782977986,23.530806980577943,55.98258988814923,5.911674736605178,166.19203551769053,loamy,coffee
66.58101406274949,71.31949386170713,189.56973326960633,29.304674049848607,85.78981479563868,6.286267096630018,119.48349853762316,loamy,banana
67.79751876748838,38.59778791074283,16.19112101617126,19.346104800830915,63.296476472502995,6.591886269513483,50.32254248004396,sandy,maize
20.366543225750497,12.436969039461044,28.536904328235796,23.400215476938104,92.22896879636006,5.460752270138171,126.86777588726568,loamy,coconut
78.66099026825475,33.8113470671981,33.37156677253118,19.14924241030397,59.966038565126055,6.974979373944613,98.51370806462033,clay,wheat
106.05382105421654,51.87467672172528,31.977771549767084,11.855660163821103,45.88675139572575,6.7827160692415935,92.36353559453337,clay,wheat
10.82461532033184,29.78329979821436,34.31217794116032,31.58281954466777,63.14254134278775,6.814407284868461,89.16290805318344,loamy,mango
27.024598985358324,71.14440122892475,86.31238328067148,20.4407234575353,18.038641848090194,7.1717838486649805,76.81224056578287,loamy,chickpea
17.65435081710623,26.225867276317132,22.17028504464338,29.474971906885163,41.06073564972848,6.410003127559832,108.59218477582544,loamy,mango
132.56780023302207,44.662825490298474,46.63054224215529,21.945411493472626,77.82282016467465,6.6812886310943105,91.60775511311964,sandy,cotton
104.55877033336955,83.5582979810599,178.2706022817337,26.478975691600564,83.68709906510433,6.446150158037457,136.87401483713865,sandy,banana
19.409495548053318,61.959513816355745,25.31754464225763,16.043776291791616,17.857961106515674,5.8544294193851085,103.30559380530907,sandy,kidneybeans
95.87168169453062,17.72466126038353,49.17820801030297,29.718207849382715,90.04977778408181,6.586994149548049,35.84224580736597,sandy,watermelon
9.000172668427744,65.09587996505492,18.64892017363284,27.54158374538672,70.03521289649652,7.133533723251467,34.28147993762737,clay,lentil
16.617616680924435,22.36705146654657,33.45379348907282,20.922825294352243,45.17057461070652,5.539476200237054,125.08145557541971,loamy,mango
105.59871031874432,13.046241089717544,52.35394845814126,20.483350089849683,92.81068849226415,6.079230552854533,40.842721934923865,sandy,watermelon
40.95037231922321,61.004510584115714,77.28623507068275,18.940294987280243,12.72128268783843,7.576425026346751,86.53967187202664,clay,chickpea
11.989446205817496,126.63978214717582,218.6288181863674,19.222902378040327,74.5742985682504,5.979150913564052,101.99996095648291,sandy,grapes
14.195059535748593,77.14757459821584,19.110871373556552,15.67568401326492,28.15549582794649,5.8845425646050655,106.56309833729043,loamy,kidneybeans
119.17458050414555,46.07203580934328,50.0691435738791,26.61372427281099,64.96113641373556,7.838293215584404,106.1823732041637,sandy,cotton
107.81113923939465,84.64131423488648,155.1956260625461,27.737852321852433,84.49909748907106,6.178773314028697,147.499894639718,loamy,banana
79.13983596101207,65.05852680544564,22.699870048079287,26.2532522940657,62.916675496191026,6.431977415462906,109.4402382569634,sandy,maize
29.597168449672665,14.137372061107,6.38647249931832,23.003957133895923,90.29797122320949,6.426763597278535,173.61916931880245,loamy,orange
93.31480665920185,29.17758756370126,40.5647166033387,18.103080774779965,56.46343002831166,7.642496119081333,99.81193092386144,loamy,wheat
80.58580075560492,76.22382323604816,223.1737604492655,25.386069143954757,74.35699748313593,6.1363863070702465,174.38854970940818,loamy,banana
17.406188875662956,82.75443338563836,17.703057427656297,17.623205026408062,76.16073229856629,7.07970374961041,43.42787478535933,clay,lentil
137.25106014213753,59.18449368984922,63.44817077889788,29.747057822101368,78.92896368480852,6.10721107775374,209.7079949311483,loamy,sugarcane
91.8336358035292,40.53782923208461,46.44542911394001,27.032204106076907,76.27124909721508,6.5895576512869605,247.9426538148602,loamy,rice
11.793476607217645,53.55265777105846,16.88996238049156,14.628084712711697,23.19961983343832,6.158988360696103,76.838751353417,sandy,kidneybeans
16.998710847462426,48.095546048545174,25.428047014870295,14.076999304845181,24.984718450141077,5.589687752803658,127.03142755790851,loamy,kidneybeans
106.9202516797856,44.18681518034795,43.75095682033508,17.271684282605932,32.04303980116035,6.606119187219383,96.57977280284757,loamy,wheat
37.909884871669966,65.18991186640108,79.6532074998141,13.343281286669589,14.012583325352844,7.322482261235661,60.779450121414484,loamy,chickpea
13.117736574807616,26.532116988633437,25.991364243139742,26.4289015912872,44.729012176888475,5.626337255103203,62.15188249406468,loamy,mango
12.257650128124956,147.83032977414055,198.88014016603861,20.194927177665353,87.74610096839217,5.5364607284665075,61.67184854497624,red,grapes
65.93591368886221,40.853761261069806,52.08982746621378,26.912601432693087,77.80641742852752,5.794513053423841,221.31128371505042,clay,rice
10.4307484159064,51.61727824904144,14.796995725792478,13.51001856983136,27.762969548782728,6.526734370325048,85.48501761374766,loamy,kidneybeans
19.058747007914082,73.92544827196282,25.10143762292158,21.731002737919084,63.621589161694544,6.730956752044937,38.2119317135993,clay,lentil
78.77249839776229,61.22559870149349,49.56787342705415,19.291636921618892,66.96565376944022,7.222643939616643,88.67257458959442,clay,wheat
37.9230877492338,74.69804487391745,88.74277678919064,16.054270462147592,11.722367735457121,7.3434808611253635,90.89198562004265,loamy,chickpea
24.854704930313602,58.72309865983462,18.555470595736708,12.783553612437206,15.718775036674021,5.89550776797242,92.24235622115528,loamy,kidneybeans
35.69360723746681,64.6224496555147,64.18689218489007,21.112571035369502,25.704334695909345,7.588490149119917,86.92698751320958,clay,chickpea
81.94327208313179,33.2888476561511,23.01829201026119,14.343568595875851,67.1871520899097,5.703157665810803,91.33644781543686,sandy,maize
114.05449812871512,50.712946134974366,30.62593318493378,15.599978901155522,53.24295078466068,6.900938332536579,65.4333447700121,black,wheat
114.76962232499893,95.0869364028982,237.19869839492048,28.610489259456045,78.21090347634305,6.062915674280197,137.39478041715236,sandy,banana
148.6145395566304,54.77084903450674,48.61483436170852,26.745030597189754,72.84726557764502,7.510521279994576,93.7503542673423,black,cotton
25.24139790580206,25.348646695968505,5.238628006776659,26.506048736350674,99.52924595878231,6.8535079934191865,68.28770792317059,black,orange
35.316971984215655,61.29289615526895,70.95192496785577,18.491347852898667,25.206278072134523,6.7942278555291145,47.45584996281759,red,chickpea
69.45127037695515,47.154801184885265,24.050867959369388,14.474930639512317,70.2702893435112,5.827019771117425,98.29988733642337,loamy,maize
95.7703146091438,18.28521426480337,65.24119417639054,20.458230349773196,76.81124983409231,6.261347546837178,54.76047227367991,loamy,watermelon
8.647714254688559,139.87509193617416,185.0452641154334,25.07392079027828,76.85950940039535,5.984090266676411,61.93685847155576,loamy,grapes
13.257607606214517,20.22167979410969,13.211825800746531,20.64157522839597,48.9457454163606,6.928092150057142,139.91948809478566,red,mango
80.83271730951029,80.14025204961403,226.54560880044323,26.682063783541565,81.42103502465106,6.161336450061928,153.53719421672582,sandy,banana
14.2570856485417,75.84815941487776,23.85294233424851,30.635638920829933,58.89023063046092,7.538979322425766,64.09520646796956,clay,lentil
15.464638079646573,13.692314936822234,0.0,19.447471372140853,91.3054325393092,6.7463384239615625,119.68359190633329,red,orange
89.97118213828766,53.79358919667112,52.22025651805804,22.58396123325024,44.98518230256071,6.694369612003255,56.38792890620975,clay,wheat
96.26624143544103,15.3407279446292,60.04925994985422,27.95356891898466,85.17534756750695,6.703371668266764,54.87570271613459,loamy,watermelon
18.24377501347108,66.05694694939555,24.343513376158416,16.92101496399808,22.65153656088773,6.15415817872359,132.80917986548903,loamy,kidneybeans
13.53714235623429,19.75700995429158,20.732906066034186,29.586661651614893,95.54130048427037,6.473941961640682,190.06351281827895,sandy,coconut
6.999589741258301,23.849418072877246,6.3541059941747875,22.793575720324764,89.2959721531048,7.796766741600802,113.11550216605879,loamy,orange
96.86650786471407,21.020481960827244,54.08820464326293,30.47672842878549,88.37169036923235,6.627288477368708,41.32523561432911,loamy,watermelon
20.173490558815768,19.416569112162517,21.36302042566374,31.686714345174206,94.0629806301529,6.215254218268618,152.59985315106476,sandy,coconut
76.55878835970864,16.240078676026023,39.89283949386413,24.964988460012496,90.57514812190354,7.056276622003887,46.122351407318504,loamy,watermelon
120.95826338254997,58.469984980999875,59.66197152526479,27.244590837694467,71.77326106252994,7.341673352867877,73.19779095685124,black,cotton
129.76675574335607,33.46026519323472,63.696697514019476,26.68676687659298,80.11160602443809,6.819545528863353,82.27600582432044,sandy,cotton
132.72063690817805,75.96261249768972,245.58404931750948,27.413714634551585,79.47708169395261,5.9083527337020305,188.27665424530687,loamy,banana
93.29676397588037,74.52483027800304,236.38070990980785,27.91580186101582,73.4394488650992,6.047674585750718,135.17352965793128,loamy,banana
59.15268530687413,19.139961450947066,39.619918233220496,27.74009701691243,63.855690707080505,7.2739532090330155,155.06807987276227,loamy,coffee
151.38272883735044,65.58581053734378,64.77077590930212,30.939787329091565,65.99017990402558,6.451302217155635,178.8305169531741,loamy,sugarcane
85.33474927181507,13.596741429301975,53.79831854947497,26.06009975808112,79.74809229300618,6.724737976791987,34.30951031776325,clay,watermelon
15.840853401544992,131.28028326427517,169.85530879937104,22.998411459482405,81.26146397898367,6.5396993330534245,43.074953309449754,sandy,grapes
127.59908864519184,43.55639978298267,68.44245684782668,27.235410234531034,69.16050157241014,6.71615396557043,60.739288296025855,clay,cotton
45.914608205399226,53.38266641065653,70.94634787318168,19.462239976446607,20.847048953741027,7.79526412059594,55.024074194575654,clay,chickpea
19.736115621374296,34.49537720232071,34.060902120264416,29.61747462285553,56.30135447691436,6.317623385810848,106.79775011228034,loamy,mango
114.37769288586225,66.3732905574617,203.2798872335849,32.137175038180374,72.22578603105562,5.782838203551821,159.474587885452,sandy,banana
95.33639991891141,46.227643259037265,32.307476871025365,17.400257598129734,50.50105293661447,6.395586925318698,112.84337660799213,clay,wheat
15.725213760880292,146.6095548865587,223.47372101491192,20.45629458267559,79.43109232057546,5.8494283512295695,71.04534068591636,sandy,grapes
98.23828187091495,13.27320666823996,22.2517167960642,27.456930777609873,58.91168863069797,7.05010709847506,191.54720812935753,red,coffee
12.702560358210324,134.97780590169864,223.94270845054308,22.31617557357945,75.79443478537735,5.946725979059481,82.81919792596644,loamy,grapes
26.708619143500766,66.67904279862069,12.227096787640004,27.022400200997474,66.15020534610977,7.502377649591593,47.915636135770185,red,lentil
95.53036175785905,73.38959719203913,188.7969798086114,28.62283076335944,81.84792833079213,6.3499701405311875,150.06924456666403,loamy,banana
139.36922435804465,43.65931360576673,46.379378234155446,26.765344915127436,70.19099486260264,6.212181236416747,170.21059633586268,loamy,sugarcane
29.764025632688817,54.67967754838423,79.3668014028904,17.902849643061373,22.995681908480435,7.681739331636678,72.42909419102897,loamy,chickpea
15.07478593221516,23.932204860599022,1.1898398883382004,21.29471829435015,97.81609761210107,7.285283825390232,101.5683634827302,red,orange
33.645110181910404,25.601549045285843,32.78246945738064,25.75550352712885,57.97497256181057,6.016589014540689,93.46331472029283,black,mango
101.84357596881739,16.821334658596548,55.62848386094897,23.267574937237292,85.65029777359918,6.44729663020359,27.46758819372095,sandy,watermelon
136.76748471950324,61.963308814017154,62.03213762294693,23.793786882267835,74.36539276983977,6.005750360268527,176.75637485349236,clay,sugarcane
86.84091338289149,71.25843405610792,228.3190576526663,28.8461294037533,71.65175759172425,5.958222806342851,166.10568948329535,loamy,banana
48.16977831375306,59.62903010433887,75.9110090979121,19.12354006104753,21.712946113950572,7.308014916346525,47.013243107821545,clay,chickpea
32.57340695368778,69.85688959190514,67.18148752271334,19.09001961559282,14.58418335556747,7.421240753980132,66.8704591647702,clay,chickpea
108.60863796409328,17.73987995612061,51.17013535599889,23.905018939843867,79.70529529462661,6.494883252832855,45.62512141482149,loamy,watermelon
40.12903532220803,60.38973719419162,75.66767343376979,19.983239409855848,18.92084536676145,6.93695299755976,65.54721133421347,clay,chickpea
17.088245712376796,147.75908685837751,185.92188431148932,19.910336071474713,80.62975591275689,5.660830062973096,44.15825317818492,loamy,grapes
20.586674000755078,11.869333844782995,9.643865243500914,22.554116485023116,95.13090266751668,7.109194765786114,126.59503237477917,red,orange
21.707490473306702,17.103756785719085,6.690160577746315,22.314889146855585,89.98038174819284,7.018637666842413,137.45318668508588,black,orange
82.88518153833373,63.31778890601053,26.045064625919352,22.973383534400988,68.00097449709556,7.0735173940752745,139.01211501957567,loamy,maize
106.87421819935223,22.02066416923261,25.619011312903954,21.11581400538025,58.80236851445285,6.199662145873526,183.62662989183394,red,coffee
68.49340879005202,52.02760241045818,39.60059271210998,24.44541290936422,77.91442273357634,6.689016535469612,213.81882071724792,loamy,rice
22.40091778332025,28.6836892617104,30.980708524793947,38.299398253256875,57.289006752354815,5.567311206117308,104.2555546547291,red,mango
40.51671725554577,70.72242420187274,61.5645258254129,16.9674653629247,10.631921354312166,6.541981660020848,66.7547035103583,clay,chickpea
102.79555907600356,48.43042574267128,64.05109409566649,26.762387877035966,70.58145704689854,7.049376141286228,44.4306116233691,loamy,cotton
64.09491273450743,57.425936208997925,22.95378147162822,21.517925517405352,49.34266387098466,6.002150657424575,88.63238907876821,sandy,maize
45.01687680119333,68.80023299048614,70.12944845463113,14.50588067382686,12.439729169085183,7.525966912509165,75.35137122763093,loamy,chickpea
156.81454856340835,44.937583503287726,67.6234255943145,26.04783630773131,78.28245156288737,6.423213703015005,226.97365647716953,loamy,sugarcane
19.117559002948376,60.64486220496417,16.091048851333362,15.417950870506424,24.845737509834038,5.933482618763386,104.10596876833152,loamy,kidneybeans
78.6009252541135,59.64944445188128,25.566454397307233,34.29006974787892,55.99998611001191,6.09703976943983,82.34702378850115,sandy,maize
90.69531370920976,44.909776348037504,18.96277350533938,27.858202728957334,61.741303050438276,6.512277575209893,85.09989255387461,sandy,maize
111.20684857344663,25.898639687125176,28.496679786455957,21.953377438468216,57.866411095309616,6.739480799207455,140.53439996259837,clay,coffee
100.44741020983497,49.90868412809101,44.308719297184155,28.495907601755537,72.62308577575315,6.642497754467078,102.09346172982609,clay,cotton
83.36111416143234,84.76982730678631,197.7806580155612,25.026017288644923,86.01830842459152,6.438983699021386,167.9124094702198,loamy,banana
17.806979520615535,132.67865641672321,157.3970328369775,24.314376477322842,81.56019516785875,5.800525551588193,72.70075707103561,sandy,grapes
44.367030701913166,54.633771008353996,85.10707949213514,14.818494543896122,12.871879467993018,7.730289186997677,70.35134435462537,loamy,chickpea
97.39610964839886,50.79241553933562,28.212707791421376,24.223757400529603,65.96896566471028,6.4465331734600175,82.79286354681703,loamy,maize
108.76805909746942,60.43989614322619,56.03534117953491,32.61955445959074,70.75669136656107,6.920490389490371,233.27094097097142,loamy,sugarcane
92.34075908407614,45.40790740684917,20.376189819420286,24.430136720214538,63.72078508655229,6.6090159230331045,103.87864204862078,loamy,maize
32.35750792944153,62.179855180647905,82.41452159602429,23.32243779401279,15.791013860622437,7.701390516351065,81.18973484648181,loamy,chickpea
91.81174624295711,25.491394684544435,25.685940147033442,23.415807273957093,45.268018912643015,6.314549649261641,165.4822822901715,loamy,coffee
18.77912534820104,121.05411925324844,172.43396527893836,26.916218590382798,78.89980368285734,5.762594379877374,75.0444882101359,sandy,grapes
52.29886041518242,67.11460152363917,74.47975270988424,18.53460060645822,22.765367887710298,7.886481127850272,52.74810231094616,loamy,chickpea
14.722807920107922,26.825672182647295,19.022783615040165,30.299646762863663,52.96512717816164,6.128245890874007,72.41037923774596,red,mango
16.43324975121611,25.575094545210977,25.262246688682378,29.755301638708243,60.465152748048396,6.98920632156939,113.64098009251646,red,mango
22.68885286776024,56.98724221581212,32.46369433319259,16.71733655601144,18.144320428201315,5.267517086626381,122.92183138489487,sandy,kidneybeans
21.066632913404817,20.024738111181833,37.74999679468783,26.874286751271452,94.82139739463511,5.906209457078728,176.07675187134436,loamy,coconut
21.733950288800248,17.50516661262127,36.40191016498564,26.76741902998542,95.09807805743225,6.017663500798345,144.63330043719418,sandy,coconut
21.847195008385878,34.85655781167308,25.804366297367686,30.566028445078572,49.20725080726006,6.02339176922332,72.87002627490126,loamy,mango
14.140832236766343,125.89461637336954,164.60406979757752,20.30236925796252,71.98663550052459,5.869709020973909,64.08172759175575,sandy,grapes
116.55001205958327,38.94376347319627,56.641848733623824,22.79564655682746,77.69125015821335,6.946219809265786,88.79672788704954,black,cotton
98.50465705168796,60.669552300313214,171.43228850340728,24.443180119920754,85.84110734203408,6.159168936939494,134.15138473227418,loamy,banana
18.28712887389843,146.35761641233645,211.60654891890033,22.82137608100934,77.23244668195909,5.854120885391579,47.94234289094318,sandy,grapes
28.402195501287984,60.05387627281298,16.15678597519267,17.259342432518153,14.278818014916343,5.921841176411632,106.79700492630545,red,kidneybeans
93.90671679182793,22.090493237396824,51.15830310083393,26.014215180181818,76.82016323147822,6.69679959654863,48.44756212899081,sandy,watermelon
148.36095264151808,44.23721729203155,54.712170430468035,28.92268247562637,53.291886924464194,6.98197572946143,84.02027023878097,black,cotton
59.68978458379972,38.69735312729949,29.098211880352018,22.9564007079966,68.71938084106239,6.3947821554876985,87.37604609999568,sandy,maize
83.74826825160109,43.60012295470291,2.266287053929581,19.010730121223325,70.96672521122534,6.034149599974747,99.01479194142104,loamy,maize
13.332474477807402,16.57592982654524,12.101108825991563,22.655713747821977,93.52325805744587,6.870412515047509,127.34274881156645,red,orange
85.49561529877106,11.659517791707806,52.16620488212267,26.02956138068733,81.62777510306451,6.977394644894611,54.76193924723515,clay,watermelon
27.56966767170654,14.867801027828875,50.32579383853475,26.623480860002612,96.72454666951498,5.8464761208919604,235.9007826899134,sandy,coconut
19.398537041924815,69.56039984156062,16.799941170219824,25.9973227980707,73.22265270745837,7.170950518390185,32.49068015927131,clay,lentil
103.85662915455812,16.706940161551653,46.411828857142304,19.954462093280206,84.45314746199455,7.0534263282677285,24.455479275003036,sandy,watermelon
114.80756897047952,55.11823877640028,43.42443582859519,28.700051720913258,80.55030540145299,6.931291525742735,96.00526141880265,black,cotton
71.64968875354596,20.37324494326257,17.391803157661194,25.47743223879962,58.054225235952714,7.074152473411644,90.33439531789656,clay,maize
105.86364023096469,18.553566008714554,48.37353177194142,26.34855143695625,83.17529768133511,6.298960777601814,51.524713857464135,red,watermelon
30.585871610044954,12.694365159360977,11.32570471546681,18.72769494196492,89.76850622371892,7.110727581476892,104.71592522842221,red,orange
75.24715162051926,76.33352141596316,189.65742549947942,23.990789542672132,81.15489119492909,5.402550281265096,128.91277082250625,clay,banana
50.12619940133244,75.65685174720048,85.37433854227336,24.91658785583144,15.053771517158042,8.512704966044254,61.587058769551696,loamy,chickpea
112.13371813124157,62.253289434703056,10.243493068240902,26.8994186862248,73.37685079938845,6.117276007704534,92.53618576625124,sandy,maize
82.14141495830035,58.8341217409059,33.785990771149436,22.374138352865067,51.79496864183991,6.382659926553074,66.47396823972397,clay,wheat
18.677647316014987,139.1502636397977,214.50155566297752,20.875822519908287,75.51384866292454,5.690319214603852,66.29397955257117,sandy,grapes
82.68121578360513,41.05716978117948,22.320444323070326,20.258969033961627,45.30231981002587,6.85302788395826,82.41976449879105,clay,wheat
151.35808626989066,34.53570300451618,64.39707388414637,20.594409626285092,73.41207291311079,6.841697194127397,198.6688591817513,loamy,sugarcane
31.668573425902935,62.500319311860636,22.374081614315458,15.923955152303359,24.611370735890013,5.685870171705396,89.33313652585001,sandy,kidneybeans
39.069866837517075,83.42150658568264,99.24496037012574,14.006930820009398,28.46963502863995,6.9339097115386705,79.71009941491138,clay,chickpea
25.94649347268917,126.94163561700077,224.91788364541702,16.899420263096133,82.53941102088714,5.830949316256546,78.58180227371955,loamy,grapes
72.86774858285594,12.788832935986397,61.80044837784756,27.736078999791552,87.70255855633144,6.8699646219558375,22.00130545557876,sandy,watermelon
119.20266854687758,13.433666354521709,47.41860370032756,21.287994564760012,88.63365538662254,6.325355298092698,39.35957301928414,sandy,watermelon
135.979190575488,51.02241458353417,63.575223649461265,28.825188574377368,73.46775516364043,7.3397406969150625,103.388255834802,sandy,cotton
97.55963469463474,35.48989556541719,34.88198773800202,22.220272175783425,79.66114118106539,5.649325540977476,245.40603787257618,clay,rice
149.782286724861,44.31417927317631,62.13809704637332,28.022097813551117,69.02765476606208,6.643200973677651,184.38868638325553,clay,sugarcane
90.82293232942506,17.92196868794311,48.60798535131553,23.531516766228936,83.17965203748273,6.261789443997479,42.84192855718308,black,watermelon
81.60786513784774,19.68417373466963,48.219606265225366,22.91265883118561,82.52633926338733,6.058755856146704,50.813441165459345,loamy,watermelon
25.99573792240827,72.71464649198376,17.044290956710576,22.040746910130736,73.19918005553711,6.946160034421264,43.037364058486965,loamy,lentil
122.04585646762818,44.14186393164117,46.06463989552073,15.398318189307219,51.37904848276845,6.701779933919726,100.676902536586,loamy,wheat
115.72794443721716,58.009792744381585,61.582970372179155,30.88136523241501,74.06807689784148,6.816452386879023,174.83339585717707,clay,sugarcane
23.43316907733169,69.98010284644079,21.393218323308922,24.73427642874036,67.62150963929457,6.7126421346287035,42.530047746230686,red,lentil
22.107858055927508,68.79347195028248,21.982434087054592,18.625948745620107,26.998648901720852,5.940918201920514,96.36201926875438,sandy,kidneybeans
129.1521698106342,65.74840175702607,58.67203547059341,25.916459490790686,81.4827542531398,7.357099415979499,186.29047902926843,clay,sugarcane
76.9328298046429,60.284208122801516,16.162979654675148,26.560854637315035,57.69347037710736,6.39917902434075,86.46511244640494,black,maize
18.949377671626102,33.79818491232986,39.37446944572024,33.33962430176654,50.21254089086038,5.6510256090043995,143.13032694398134,loamy,mango
97.47655430911712,5.161266073480903,28.814351308857216,22.484039974645903,56.962199847915294,6.331563642912956,149.37780433603194,red,coffee
13.533553076958729,126.65069388387587,160.8944333785901,21.754266592823637,79.42243653686633,5.677675905266274,81.2176779235654,sandy,grapes
13.979862394359545,146.34497218355403,202.03302497842617,29.978576408942835,82.91298530622524,5.9709244291112205,78.62072090673989,sandy,grapes
95.82609942448632,78.29995353998959,218.58517103195658,25.86711622400641,71.30335204389398,6.115745540361593,143.9983643416908,loamy,banana
95.50771163812578,43.033400874945535,43.42786342924667,18.938584750819036,42.274802413844654,6.139389601904257,83.49368906411509,sandy,wheat
120.62094088651604,50.25813384145261,50.34187680815815,27.696359325952248,75.71463437421657,6.377595950761276,230.23077720560465,clay,sugarcane
23.951486195591137,18.750151631308775,35.21595904147131,27.189809492346583,98.70683047704813,6.026770644854746,248.17958865077986,loamy,coconut
86.8782773497809,19.39319658329904,54.0637086314335,25.72112900666035,86.37869906453366,6.466230066096895,46.177810254670575,red,watermelon
19.481077273939512,26.495697214649788,8.463978862620772,19.8515805279403,90.12735305909452,6.551013990065554,125.55987579258841,loamy,orange
109.21579452195655,42.88182583276213,51.65291944307261,29.435277295438077,71.21201065122406,6.535637114320018,81.55629677409752,sandy,cotton
21.418087582754673,69.66998694251129,14.38908042644957,23.0224800093708,66.23602599302218,6.676545684378932,45.03212553011869,clay,lentil
91.99789096292353,36.53171134417273,38.99992775744338,29.44436664297692,77.53847062712461,5.871099993083872,228.09224767324775,clay,rice
157.4753250811239,54.40499471713263,70.62647364031804,27.414850446386705,74.83063578238051,6.274887038127316,179.78860378393546,loamy,sugarcane
118.51579369296523,45.29603057904558,22.51678935711949,29.03111580347777,71.12202624755425,6.304686567087746,30.415282426065957,sandy,maize
14.719754047997998,141.86148259846917,223.97344394126733,22.96190959214143,81.72273371046775,5.485110628037667,59.2575420524103,sandy,grapes
75.6580095549879,41.08199853679033,47.26881087913689,25.09325676331346,83.67145548707083,6.205594088746117,233.4633250642174,loamy,rice
77.65759146503369,34.95496181370546,26.037302647850442,23.01107488538794,65.75228703482924,7.3257019533393875,183.7931060401291,loamy,coffee
152.3189987429615,73.62492172052373,64.7170066506263,29.699069137212014,79.70508484740495,5.915609357057944,193.80674019618866,clay,sugarcane
88.72939295596399,20.49242578529877,46.3677502757998,27.582359409547696,86.03556715057414,6.973761263011039,57.51259336719224,loamy,watermelon
81.2306382047152,43.82046008065466,52.7062088571941,23.133377664115848,94.36178902314447,6.10982742030876,168.9193422011909,clay,rice
119.10497279159208,42.37806066666589,60.058522723740374,26.10247956243123,53.3662426398987,5.6748527507302775,110.44844320568097,sandy,cotton
28.33736155148037,57.94145691787462,20.04422653348473,20.66311877035174,26.610640099174535,5.696939284352291,95.68355431449149,sandy,kidneybeans
26.45159755894148,21.642880582815476,42.3880132495542,27.670872133565588,95.06735713373332,6.125055459564388,152.15689359286077,sandy,coconut
22.64645408102697,19.82136231631802,28.573379545632104,33.29188344981036,57.76142105446961,5.681082926830243,81.36104523562886,red,mango
24.440586089155175,126.37342756301865,196.57316934030004,20.500222925353476,75.40436771842346,5.452243870250054,60.561771285337684,sandy,grapes
101.97720801121918,58.68881248290296,56.95422625820727,24.696613320805692,72.23910560478552,5.857053788372607,63.300773930868466,black,cotton
26.441645844949303,17.552238685726394,40.02705050964826,26.597481727532976,94.38263802875048,6.012372464769083,178.62083114112335,loamy,coconut
82.83249073852434,6.932056667902641,33.49310062149191,21.9886431657023,57.477546142676154,6.647850806349125,157.4435867753489,loamy,coffee
16.30410328893696,21.33967833590266,3.1007310486367805,21.64004555413508,90.90136046076942,7.579138088072112,106.09161427558786,clay,orange
24.182820567026127,67.62490640560881,25.785980321259892,27.455710317792917,73.41029492139573,6.4185953463172005,45.20568801567842,sandy,lentil
93.08335633630432,21.720103284561468,43.72205682130057,20.549307051481954,47.69812298479405,6.2834214965087325,172.97225632309778,red,coffee
92.99042185319948,54.82635499455776,35.13976767235667,11.403734674563207,52.70023094355331,7.3298947862509,84.21484020236927,loamy,wheat
86.49357932965438,51.103411858695495,43.58479491148963,19.943208047845573,85.2282066395695,5.78627677933024,229.41104446353054,loamy,rice
150.53733171399804,58.03764075517191,65.41355839585981,28.611998383332143,80.89948677154455,5.849116877379829,176.0617957474084,loamy,sugarcane
92.16761275568302,16.799630627264413,51.400147242796834,18.594413205739723,83.90219832538003,6.508574530864833,51.570449338558085,loamy,watermelon
26.624143314690073,22.885033915159568,26.24346791222099,26.16898815434447,55.63995028804909,5.90010301983581,45.83833822763631,red,mango
102.45282566117184,12.186375213030347,38.59911527360037,20.86420702961612,91.6546687916574,6.205194207691443,39.00525370016192,sandy,watermelon
19.436007354627293,42.277759075172234,18.902030053706202,17.5280465014546,20.198535285884905,6.22477428237318,70.6840340298225,loamy,kidneybeans
103.49322667774338,19.183403264442273,38.02327895158462,25.15203482896893,61.536143197666235,6.894393641946236,95.26156088858426,red,coffee
14.249245365828418,71.26759075397085,7.303960412521683,20.39357760083781,18.681275311012314,5.676897780564516,128.84630312235623,sandy,kidneybeans
106.15352266632429,17.50489358510639,18.995958772690912,25.694322986139007,54.15779977100463,7.236847859195517,107.91030044535867,red,coffee
127.88720496683334,55.26634180476233,47.174553702960125,27.385173200915094,70.61666741611994,6.338845617129746,157.5031490585899,clay,sugarcane
31.89092133089963,11.530161236981598,25.60160745549224,25.74439512985867,92.76753653197076,5.895278994043692,198.75713084605718,loamy,coconut
89.64614232414431,83.8884377885443,164.54713166049947,25.013028130387163,76.02736269196983,6.4841252544717,191.62841647278546,loamy,banana
116.46930010780515,43.85141882689469,46.93580033757688,30.797800879670454,78.18346146431155,6.777728855479397,97.83421298027707,sandy,cotton
19.797162109497087,66.08568022498876,11.882999476789939,21.54277101641065,67.53563195124666,6.554242712137565,48.11476713864052,clay,lentil
32.11007911586722,64.44314947350006,80.053228604517,22.42062843681021,22.037125141556004,7.168316240656397,61.790702842087825,clay,chickpea
15.337069075778293,126.38347141044778,205.11209170102987,24.372573629842684,87.3501690709384,6.422384664779213,74.97732320165053,loamy,grapes
32.172472959668525,93.14447453266162,83.75257478166736,20.14248775851302,18.62547986986299,8.050854590132657,76.8876111750891,black,chickpea
17.881615855015692,12.184060562300001,26.301260186424788,25.892394806677952,95.21402006477265,5.9208151118413355,137.14531760261508,loamy,coconut
10.948309069592879,74.34581185244718,20.0302975759305,24.456578645315712,80.60182639877864,6.747006640692871,49.10718509726378,loamy,lentil
14.508951857760094,33.99129829245217,17.738604345223084,29.268231727056158,39.21768199855552,6.10291036603635,96.39925633946892,loamy,mango
19.41316246427508,22.07795806354143,33.023724604188175,29.883734969933034,64.73799805179597,6.31537942011695,80.11294283892497,loamy,mango
25.145516784478673,58.21020685648018,79.9243270336885,21.791133572868677,12.143849168826806,7.9629504480929985,54.73165963730299,sandy,chickpea
92.64731061664176,53.51858771531292,2.4970407158176045,28.761222814040472,37.61893947717797,6.05358038977755,115.63370085644388,sandy,maize
25.97863587297627,20.13805116421568,13.755570434894716,24.613181752344193,100.0,7.487226828019484,107.78139658411797,red,orange
111.51173813116648,88.9577215281225,218.2017131357931,24.344623445122863,90.05884649382676,6.319697066844013,144.71427384181706,sandy,banana
17.781697848583878,23.64694819843124,21.17418588088377,32.84276870224362,53.64954109931446,6.200476489163249,79.15994378037357,red,mango
22.80679081156664,73.99930334657294,21.20055351632809,25.23847892146932,67.22048359643864,7.063038822168654,50.70435100397043,clay,lentil
20.83924982223051,10.415145517599306,41.29663790392611,26.19120270242977,100.0,5.991197002177953,208.01622453206477,loamy,coconut
100.91457226490829,72.36025145860177,54.6243828689462,23.087142091167408,81.28720253355102,6.208554254984286,212.70498101071985,clay,sugarcane
82.42653234675478,32.40616764694391,25.803795415056634,30.067170628556994,55.62471208562648,6.420788297007708,71.86521194980061,sandy,maize
139.33248588466483,52.7591815492433,52.79001291828804,29.267464512565116,72.54572978222028,6.40570160857362,98.45458756995491,black,cotton
119.74522301806991,22.063545782119277,23.256321073232872,21.959552186458815,55.38716962722725,6.624306039057764,96.94524403322843,loamy,coffee
11.894489138168439,17.25747602519458,10.92911212501749,17.65221284565587,92.29038018840804,6.6499134686959165,83.27001641157852,loamy,orange
95.87718843954273,57.796210207358996,39.82922864743552,22.54747453380225,65.52189302995424,7.279668187470882,99.11081128960573,loamy,wheat
105.13400644585278,55.353706143474426,58.01620057401404,26.276599148933986,86.09220132862471,6.037538352183155,201.19178855047005,red,sugarcane
80.9859209690694,67.42685354526178,140.3089447877277,22.631306635344153,88.78915445987107,6.625079473229901,162.7817861567186,sandy,banana
101.29766186180943,41.00559760430912,37.3392267138279,26.61387170868351,55.765563020770045,6.324989369605131,78.60670681327828,loamy,wheat
26.656545135152342,52.937075883619194,17.082383106044798,22.909275637024994,25.342909688669565,5.692597208232693,100.74761419287101,sandy,kidneybeans
16.021258769705675,76.80007548389949,20.22275231494082,26.875782242332036,69.12854830139761,6.655101517211272,25.210304702589085,sandy,lentil
127.93403320436849,39.46331074697304,53.04701782597905,26.93971635487261,60.91048562789703,6.435475918110962,62.56867877444682,black,cotton
28.58968791364754,23.113184649701296,24.17580804144179,33.66305778113981,46.34203835887127,5.835776034466239,85.67139317634395,loamy,mango
126.13810455013609,10.98562271991329,35.36794636357672,26.11386356249759,52.228082822045806,6.450590420490924,154.2488632143571,loamy,coffee
95.52326611764839,83.73574202486364,187.14027450444885,27.475267734083378,77.9234636971125,5.829356198975143,144.21421762024386,loamy,banana
17.806739108044574,127.2121094676371,180.8273654865863,26.595954769555664,78.82297679619907,6.427823436663805,70.19115047806088,loamy,grapes
123.20529860583241,19.742613094101266,25.355314685611873,23.74730597774491,66.68989523866271,6.973725791893721,106.0175471328107,red,coffee
35.66262167446982,21.684232613537887,29.18868403857662,25.895304810343298,97.73002450892082,5.662113732040868,157.70785161624568,loamy,coconut
78.71726884112442,70.29731841409549,10.592417501417009,29.04374929425194,72.94325960576776,5.959136477613763,145.73184026389933,loamy,maize
93.81110275133801,61.950514611063625,201.86913539737182,25.39457125255717,71.8780267941356,5.927790046769218,182.02079632516535,loamy,banana
25.11045052395555,62.19266599149288,95.49890566129126,17.692809735499782,16.504683958675773,7.753515709025605,96.6032709991722,sandy,chickpea
21.806082750907645,62.70023921110318,20.2276919238661,27.006622243313593,67.6567958251199,6.688262521450678,41.65149158923881,sandy,lentil
26.09035736138002,13.832245822443046,19.39362556864172,29.543192731457214,95.15633774683326,5.613601294647819,178.33115169477264,sandy,coconut
99.60355067888953,60.72533364710195,46.072297159880286,23.319492993673727,39.54771114901307,6.90135916688848,88.89377044794414,clay,wheat
84.27358536198211,58.01795909900447,32.188918337869936,17.127066221811305,52.63775621823959,6.943241445063686,32.617921195653345,loamy,wheat
107.63562952890237,58.28765614720409,148.32465427995783,29.075978580041554,76.91940419412454,5.614445372263537,153.75484213873693,loamy,banana
141.51456716136823,59.608508462996696,57.32392991980874,29.976160861051273,86.05154917894903,6.447485624950715,231.8913837224771,loamy,sugarcane
15.70847690082821,70.27740852238719,12.440354693933102,27.983354643399338,78.6016727094067,6.8056180600638925,49.27325390916968,loamy,lentil
32.95174236140514,39.722599551612824,21.567278478962116,27.256657300234323,41.524773784064024,6.422821575988896,85.03676751060765,loamy,mango
14.769093195448638,69.07827182260884,15.630481557153523,23.76437092747746,79.48263503811793,6.86175438137983,32.42373742471648,clay,lentil
90.58647095896244,18.00394924933804,24.936842837912604,22.883826000373137,65.88203127407591,7.010462512308885,100.59322553854008,loamy,coffee
12.601693759345219,27.379621529047448,23.533852452538458,28.833820447356043,59.21833993399929,6.21264728032135,123.25099865723675,red,mango
142.31625365844187,48.676296135841774,72.63483344182313,32.56467822850661,84.65938960487951,6.336756495328855,151.38677881904738,loamy,sugarcane
55.241140678343086,40.27117259847115,44.72725058234684,20.255216801638174,90.85569428832105,6.347342645080263,253.86335943373615,clay,rice
26.552342150757838,23.59740616198326,32.61481398245859,32.461664820814015,38.13423032883053,5.7006342633302465,96.34652418289585,sandy,mango
18.497012639908835,119.37155926874097,184.11247720292312,22.73066225098638,86.31690571789964,5.977054268715939,94.34096245953474,loamy,grapes
181.0403924752659,44.07464016227884,74.27049458239209,25.197739787747214,73.72280863190493,6.750083303839961,155.3941666025738,clay,sugarcane
137.2027763272507,38.27501034268684,63.605083210230895,32.53931955273432,70.189149145307,6.9138824268568495,74.53106715039692,black,cotton
109.92217591968222,41.243712675032604,34.82177660730147,19.979725218093193,50.00703155949648,5.953102675151789,73.93518402721844,clay,wheat
110.09144152249934,21.853512900529786,42.33128030467281,23.263825781426867,68.68064668240575,6.182317539648105,117.57366750702919,loamy,coffee
111.0941010353774,60.99174156779989,60.42173699141151,26.759152442947876,83.94436454514162,5.928866546834674,229.32108946094658,clay,sugarcane
20.372921264697602,111.26771911477277,191.44163404181137,23.119282877828894,76.61558169220316,6.024766211586096,70.9983548565433,sandy,grapes
22.814183969337048,16.373137429174292,5.724915607657918,17.717083291741417,85.3171594094308,7.70509068709171,54.68066472764686,loamy,orange
19.279100950296204,53.69075692740706,27.971278017043808,28.38244068228962,58.5954965380413,6.451029384921087,47.73661796430291,black,lentil
26.36911262248254,64.85642747816442,20.368282974960973,15.761415739328852,15.645465020777404,5.646736873501256,103.19871169961134,loamy,kidneybeans
23.258631334241183,15.562921111814322,13.304059589981994,20.031649209870732,86.11817790247369,7.610529356899102,78.77046013418321,loamy,orange
97.17603564994752,38.30199604884926,18.941804297064017,21.23292102799075,74.01623401474504,6.599782806162625,106.28851551609898,loamy,maize
19.167001260717747,15.490982250121514,33.985726721767115,26.653281025785727,97.33435849129899,5.928035056863126,181.27899823475394,sandy,coconut
35.64242265633953,72.35733360280163,66.4173660514121,16.477152583988627,17.364778774316946,7.26006616780182,73.57788773955065,clay,chickpea
96.80080606480344,18.2357209294233,27.250773788615664,23.865257905539302,57.52297894087669,6.421187616949149,126.80416627083704,red,coffee
89.55756138456344,47.08459980581792,16.815069031222116,32.85661046316764,58.38439216117193,6.033648915551825,100.85024558625267,sandy,maize
17.848355878768217,64.53576527666979,16.526703233105703,25.56212607647391,25.428428268263662,6.191299039798143,110.90486024147518,loamy,kidneybeans
25.572341768348597,25.204621005267256,29.218222120544194,22.286337792486677,90.67387298961266,6.019107428313251,177.12841582809352,loamy,coconut
25.07295083909556,58.223264097922,17.958705834461085,26.517856076980994,80.05663785772585,7.6127838325323,35.450906220642004,red,lentil
69.53924452101491,48.70419127327289,12.942798100139402,20.889576289006932,56.959339917954644,5.87713805034469,63.702818177539655,loamy,maize
17.005505351287013,143.8732629087911,183.61435787799368,23.073179209588517,80.3849597345239,5.6992693586038765,50.793804805795546,sandy,grapes
147.18050836618178,39.514347031416214,56.7505549683744,23.131994407794146,69.65472684085277,6.692461874687529,94.28899914990842,black,cotton
136.13573958483613,58.88625274144451,51.42654247445826,28.810884840123492,73.42555798745805,6.401972971362654,181.46815178124334,loamy,sugarcane
24.968555744086594,51.65704527570274,31.181973190173956,22.830696511568537,75.32306448618428,7.333662409364346,39.762130904347096,loamy,lentil
13.346117274846176,120.84922946203575,228.1789621316392,19.580668229593677,85.32493858011138,6.014116566271057,73.67215994682103,clay,grapes
70.64621123929496,48.44241087166043,33.18770248651386,26.996755708940288,88.51172202667546,6.346612562894892,208.55005065777232,clay,rice
102.82111051448555,52.00467721076251,40.969924357416346,9.927023656801325,54.35681284875301,6.532699770218172,51.27104043614885,clay,wheat
10.935365516699665,62.05883728384568,14.535168089930735,24.868081873848197,71.49194993578656,6.848624312439586,61.90700322145722,clay,lentil
15.546193294196858,35.59525966196297,30.138768144268433,26.27590744925829,49.0401026413257,6.000985904439883,68.52774517211778,red,mango
27.729069316473314,17.610253141145535,40.151409689338365,26.7691725505777,95.267286337804,6.395517822696835,162.6014338038736,loamy,coconut
17.207937188694018,18.19445529038931,31.757995292177,29.372278069754554,91.21414355093545,6.5062706001382935,208.24330825144983,sandy,coconut
56.61369060687219,56.546795350224315,88.59046058177735,19.62325179284237,10.0,7.608279512837905,84.01435341205857,loamy,chickpea
13.503759066279105,63.156795370964325,29.220582066971346,19.18117499794319,19.065517246743738,6.029855190055085,90.21002728826507,loamy,kidneybeans
15.305170844869451,18.200418207077973,30.67424681018798,24.758347988025715,47.410712040050896,5.796324067955295,107.29370480504173,red,mango
109.83946182536735,21.2510752605824,49.732479097043644,19.91111646217846,83.84129556677185,6.494013306640354,48.43211079783334,clay,watermelon
15.70613028896683,16.212815640028793,33.189107075701386,28.689191439270182,93.21645431451694,5.7899155706609475,161.62744706559477,sandy,coconut
105.21274776150139,39.01054153177059,56.0935936266177,31.471324842301573,66.18044010841886,6.958066712158805,81.13678646122743,black,cotton
21.459712791832363,21.601920539414387,33.47123322447684,29.077715127250304,44.212637826645945,6.021282172979559,104.80700823947751,red,mango
109.47864499836886,76.79562373772906,218.59754684286216,27.219893784295255,68.01961552594054,6.302638061772639,157.3695123262628,loamy,banana
123.55296580884507,67.26704286994007,177.7544590945338,28.13489286074092,74.26179663049372,5.919426624673382,186.29215074211473,sandy,banana
152.68759308991503,58.92257077071148,58.23056118778662,25.792809760464625,82.68030251909364,6.639893126645534,149.44158424801776,loamy,sugarcane
95.77769445807087,44.12212654695853,42.821761304210746,27.30046861535273,82.72706769579678,6.252305675164618,252.9501252750473,clay,rice
14.195524227536048,69.97282513586029,10.902484534357269,26.070750403727647,56.51868102565596,6.918518903710936,40.94036139072034,clay,lentil
117.00180619352538,44.59554371316289,65.4367366854266,27.011116052392424,69.23501910091278,6.674197133754525,73.92469692327676,sandy,cotton
83.9542978050584,15.785377091933928,41.70091199478237,21.891993955259196,82.73924442132422,6.6908450479538235,60.48637734263522,loamy,watermelon
111.59472761366699,57.56434880575212,49.259996622174185,26.285964831360364,64.44296295763924,7.2963046938271425,126.95021228089135,black,cotton
19.010933710521414,53.06518112061316,26.17999241381697,18.93422804235203,22.83526763340444,6.207455244131493,118.12682593798046,loamy,kidneybeans
18.586146658343623,131.81446691054086,204.10293417816837,17.92070302914382,83.35102649958294,6.047979473017769,83.39345990475131,loamy,grapes
20.174237429031752,58.00102192731552,9.80694746713796,21.365352452953765,20.594464217253194,5.654559880149328,83.79345534340464,loamy,kidneybeans
89.8013104064095,50.00068160998523,50.01380006852156,23.436031244088145,79.38755516233623,6.008358731635208,251.63206884715956,loamy,rice
26.118560977791436,68.08167429250204,17.95255336018861,20.257471541818127,67.79747139933437,6.821532733233192,42.18393371421766,loamy,lentil
26.15836576461191,23.545633448242242,5.924556931733149,23.317344078058586,95.98062941346187,6.825615808780609,90.23433374924272,clay,orange
92.41580946080761,71.44533332552597,185.78200352191612,32.9181811812862,74.02430909895592,5.379396913834252,112.00204087123493,sandy,banana
45.633185133118275,54.748208055558244,90.16977048237857,20.398986316511248,10.0,7.7833051301922,98.51139621196597,loamy,chickpea
86.71208175428937,79.6030103121618,192.81159448039216,31.162335488594927,85.50215894710199,6.392844102140017,180.14070924844378,sandy,banana
26.88891590557529,24.256539979110247,9.169730540643252,22.783166182180263,96.78905528531857,6.3182924511866805,98.84118922902859,red,orange
68.28849420662114,37.71540092862841,44.46839167419379,24.335391652807598,85.88490814425684,6.194541283281882,248.06654592358268,loamy,rice
16.49086911075407,50.28242995772198,24.861185674318875,23.471736910321113,70.36083273389727,7.0906298337065,51.59776536445587,clay,lentil
73.99116395155507,65.32627892393128,50.968539126149295,20.402980651539032,47.831289537793765,7.524507072623647,67.96561676956688,loamy,wheat
119.40625927541328,44.756582680778855,68.50396353174771,18.497265652100346,65.30138955707628,6.90221633711672,63.28859530168994,black,cotton
48.527821037945074,68.84768544204992,80.94469991819638,19.032406254568045,15.717794515564464,7.069320604428999,58.257748553454434,clay,chickpea
80.8109488338667,47.312955189519876,45.05030580670832,20.628532540433,80.08197270185619,6.0118509382828815,194.4448860702663,clay,rice
19.83670720721841,131.99736369524575,243.84007888592862,21.708440506434197,90.63246025791786,6.04005096666202,95.41298461871197,clay,grapes
18.99019580120366,85.77443123714224,19.319035462068744,22.298160601535212,79.96722236357778,6.776924493824415,25.737862233491338,black,lentil
171.85003267344592,57.98848044438394,57.74527965299762,30.27291348854723,78.29747092394574,6.610276293096819,200.54994218300482,clay,sugarcane
58.71852140909543,48.94183058232312,27.49254663446304,19.65372856163764,64.69120750951897,5.933670609081425,73.20219940800808,loamy,maize
22.369691270930026,153.11944974121042,169.21571038281905,18.735866770175015,79.07063660021272,6.012369289577663,67.02688872850501,sandy,grapes
18.526991061586994,69.18993879858195,16.339960335471428,17.811579830568135,21.916711069992104,6.268105278962337,88.99383483527373,sandy,kidneybeans
28.520167506722625,45.27171066165724,20.471600781905487,23.98328548404322,20.41900357820123,5.280009686605577,87.08164071178804,sandy,kidneybeans
102.94681403141678,21.855624192262763,49.31506848868423,32.87917025602714,82.41291021740257,6.800753216613424,54.1432468377816,loamy,watermelon
54.57644177074274,49.778007248085714,90.27581070553822,15.945053402916226,16.512361835515783,7.20295238103989,50.62982598948156,clay,chickpea
129.61517164990977,52.89546986280083,211.7335241553547,27.012840477048705,82.8940220542318,6.214939561293122,155.0502474959447,sandy,banana
80.69929197122536,49.389910550913015,38.498632072572384,25.834431179363882,82.94871450943066,6.51110695563397,252.28033127777883,loamy,rice
15.718850227790405,20.393204734408577,31.179991714410935,28.075334343978756,93.95910230221058,5.837698410798017,149.5986851547533,sandy,coconut
144.93707858262434,50.29885744231125,48.61774550249748,30.22578975912679,80.72619427606641,6.879558192433402,161.74954199902632,clay,sugarcane
126.13408234329745,25.99001235051106,60.309526939151326,22.61762817776227,81.61242630114785,6.251431989457863,35.59887734351085,loamy,watermelon
11.110226769273925,12.559977084668535,7.332974609666267,23.351542639392125,92.87565008622266,7.4129483518208525,86.95324864091454,clay,orange
138.6284506188263,54.09989741076381,56.32300378753673,28.419502285044945,70.49260051345354,7.562723796588,137.72000263604053,loamy,sugarcane
20.886605374904388,19.1277155938526,9.267251930816636,23.443745860177234,93.56087744233656,7.530339073235365,62.782384271114275,red,orange
146.35036357005797,51.049558854697295,43.3292708747667,27.58117030460266,77.34321434824955,6.770490178561038,174.05900404683297,loamy,sugarcane
92.83562044968139,69.665830420835,166.36511841605773,25.856557777645758,85.06477051761199,6.027277802543543,137.80436469256256,sandy,banana
89.7730421294072,87.78949669635463,218.53974999606362,26.62103973802782,76.43732229737678,6.0542610679246955,186.32367466460923,sandy,banana
126.00284557663166,21.818402612567574,49.691811312193195,22.435347938451432,43.89239515480872,6.60288738269007,141.73883010728517,loamy,coffee
17.713166901763934,95.96702386934004,203.56659174526476,21.781422895727193,77.65890424906118,5.7786822715631345,68.0917631371019,loamy,grapes
18.14349054539697,71.18888450774729,24.472021421246204,22.293713575796055,66.54716387489317,6.9636446226211905,43.4232707330824,clay,lentil
25.42919726460289,82.52647554550938,88.2571364142531,21.309687943824294,20.83862693389737,7.53068334461736,61.33506717230706,clay,chickpea
85.72113376009264,21.271638992923293,32.204583191700365,25.58016542489143,55.39079825559508,6.230106304999957,177.56539465243497,red,coffee
29.26669686871204,54.616231858180285,17.629597633168196,13.237521528806095,17.211941377288763,5.287480032113995,107.63609398423858,sandy,kidneybeans
84.43469968493953,79.1361988547461,185.34090124844985,23.963224060264793,90.23978496043176,5.699509859052128,154.11226577510354,sandy,banana
18.301180864675064,111.38866083853719,172.2449287659948,23.546893347013956,76.45331659611023,5.564246484897924,84.48011938471095,loamy,grapes
17.700886593858428,58.291069060486066,20.960517486608744,23.467035811441153,63.79874370006949,7.090129149151516,53.29244883333991,clay,lentil
38.943190297495,67.27162798387467,96.00047281319608,20.26740227271168,19.630145165195707,7.767708043628068,47.454859984633714,loamy,chickpea
20.302133182029824,20.289486898077715,13.269711308942668,25.825225816474852,93.25236773869905,7.3704595693784265,121.49434501111305,red,orange
68.44017046942508,51.22797464093248,13.099487035085819,26.847908091964207,52.54816745656944,6.073482033767597,74.38491479462053,loamy,maize
21.881237489634014,29.508672577758468,37.83614080709757,27.427132955518108,45.380170510169656,6.621827780772495,90.88760339817699,loamy,mango
137.90285224433933,33.76362540957069,60.57127613453561,28.602120574484804,67.76017398601918,6.558996261773175,169.16944695821124,red,sugarcane
107.69983196040747,53.78518601750198,44.65651956798742,27.38172434691975,80.05156630948217,6.039101174150546,125.36531087584372,sandy,cotton
52.63114585553693,33.02689048077339,32.61690846483786,29.383536600160987,83.69552189751577,6.506926896184491,174.39356323495076,loamy,rice
25.083634279940426,158.71550915585632,202.2958506047312,22.195344238871638,77.40095355004023,6.000523894035099,61.74667372844816,loamy,grapes
21.129577486472396,13.947289060063863,29.651100905619597,25.433405498970206,90.03736869175363,6.132839289652577,163.37885422905595,sandy,coconut
9.7054502937301,51.2595658369327,22.086854015159147,22.992699754492914,22.575215180580855,5.968857376054717,95.35073803346117,loamy,kidneybeans
138.78158136762886,56.89992462337996,45.81493364156432,25.62516699504815,71.46663029583236,7.134242256723913,49.80379472927015,sandy,cotton
92.16450461138058,93.83520630344044,210.55238163862927,28.062766816941107,88.55330448907053,5.865281512426623,157.34704370673165,red,banana
28.831741497077978,11.879397162056645,29.74430717564205,26.476175804158988,95.48676476689874,6.010512327922117,191.66675464770086,black,coconut
103.41215072151559,61.61584423243002,40.55504908106223,25.480571779951227,88.45744094479831,5.861735586893062,233.3228149047302,loamy,rice
93.07664419066708,19.097872107005024,54.957265818787015,27.04076201290821,80.768220675826,6.340385558919678,47.58601439762362,loamy,watermelon
110.91679225465283,49.47041336336972,49.29387832011759,15.169044882080254,42.18180218119204,6.786389598926769,100.9190537656853,clay,wheat
98.22153770542849,73.01953829275222,128.7418973699659,26.346995606218947,69.88038664373684,6.066368862600187,164.58612133360006,sandy,banana
117.21066522699715,36.64543149640127,22.73954260558436,18.1292618847503,65.96595605979982,6.8169524914784505,68.27750794747313,clay,wheat
88.5335480595984,56.719343665194515,16.629160738846462,21.535229040037223,52.44507615420433,5.874210901549531,44.29011721396244,sandy,maize
85.42122321129182,48.820234698134364,30.700569758880555,22.863693874363182,90.22324593168479,6.006387947370929,300.0,clay,rice
135.36699585062078,77.33663743405326,198.45469522742377,29.381702088516178,75.80871879096699,6.302228283185197,109.96802813251045,loamy,banana
18.969805811967696,11.747944247470185,9.014745105671073,27.301885714466067,93.60334350743469,7.087530651584415,84.5611145245378,loamy,orange
112.11561404052152,58.88191732398572,181.97755330863984,28.145303417980813,78.25034167962347,6.424882086179698,117.6589763777097,clay,banana
58.485668305909286,49.09485359447088,26.75026353024815,23.946336852300764,43.916681941297185,6.22369581586618,85.93002508418482,loamy,maize
108.1568445618451,11.36257298414995,51.481834647491326,27.318050554096395,83.25315447240145,6.051456785726988,32.531232700813256,loamy,watermelon
78.418373091397,54.19497272309715,43.11967955358198,19.10254712931631,51.04338494270714,7.130901060456201,43.792650521138086,clay,wheat
33.81236044058046,17.878083238530234,10.945501281423182,23.654045761858395,93.3834894704518,7.610159067549836,95.25228152175076,clay,orange
10.330189938656886,66.1386920555627,17.369614071208865,23.630147045319642,67.02174096942281,7.5394282471245635,25.806093592909196,clay,lentil
67.57215496609027,31.602536442365142,36.10953672741336,24.83865234754504,92.60757948147929,6.252109808589155,259.30958044092233,red,rice
22.037850600280105,61.488422749217506,22.787879214124082,13.987368920121318,24.2250834465753,6.416363528386233,96.56900261555823,loamy,kidneybeans
19.675699746412274,125.66887375120918,181.90399832522547,26.042519786744897,81.59405773621405,5.931570312797028,90.10084922119447,loamy,grapes
26.377771104853522,50.58649200265946,91.099696431057,23.07028947239189,12.275085306371793,7.047165670876436,74.24353094829969,clay,chickpea
9.988223665294177,86.34804258660691,17.70241571418469,24.196836831651567,59.990100532692466,6.793196184363267,40.7054626650695,clay,lentil
22.08921809566891,57.87567620296611,21.641369810405152,16.11726827636691,16.58287421956182,6.115622465807123,93.72258829751014,clay,kidneybeans
89.47445441895455,15.667526438902083,44.28854833067527,24.082669064289764,83.35676192055247,6.274653239389684,48.240765738991485,loamy,watermelon
99.16343301977992,12.397513260939371,46.334177290066556,30.78562796190049,88.3218894647325,6.814536966669321,32.50095636343903,sandy,watermelon
105.68315368030261,52.442417432305724,37.88525042187464,19.144779770217266,63.016255946481984,6.7618007706761425,81.35189781663354,clay,wheat
82.78603867551507,40.55738224944787,43.772308180361115,28.038147453459487,82.9325759660108,6.340702563359682,222.1262139031147,loamy,rice
86.21041699155133,5.8361733071151605,51.9130788986563,19.033300152114442,80.0348064842764,5.968525292315428,25.218666626864362,sandy,watermelon
122.61917771251808,42.90202513170443,74.56782889150423,30.915031466539276,66.95256519640846,6.790553978118151,80.71510913258179,black,cotton
100.01160563852112,24.123131842538,24.632003088189116,20.358267971076067,52.63095142631593,6.277495794289485,131.0403878460247,loamy,coffee
99.41101461391696,28.47184469951752,8.156996780846217,25.09521538129408,61.943065158971876,6.368070777276773,78.44682312068886,loamy,maize
100.92436398827766,7.951559985454946,27.3518352052742,22.073595284889187,86.41123560883575,5.532513131443733,34.87744719312591,loamy,watermelon
22.7011638338686,18.75303615215382,22.460251384627483,33.510212971159746,43.56310834934418,6.390270605560882,84.2428819546264,loamy,mango
110.47646453376264,48.837827540244334,46.15389051965687,23.85179531671517,79.35085532321914,6.498328482634936,165.60957069887223,sandy,sugarcane
42.65233356106954,72.50148263232333,88.71975499719008,16.916604274223943,10.0,7.086592189726848,78.33690976290511,clay,chickpea
113.49738748192425,58.13257678719639,39.617963052091675,16.917304978625225,54.10434532614683,6.758085338540876,73.43253943748475,clay,wheat
82.24767683696707,15.075139687676042,37.08841082128553,21.598450268153865,57.37084585302103,6.596351818989489,138.42650820237708,red,coffee
145.6104302050733,66.68437415077106,45.36506441172765,23.221586386871824,65.29993020534295,6.858684633984578,102.91561022074514,black,cotton
21.128733461634933,16.715444112347118,6.3394947368925,24.631207292503653,91.59271113084239,6.826484081997236,105.33864293966826,red,orange
20.711205448678033,30.9075978300641,20.887006246092803,31.0548125670801,51.641596943631534,6.055614015957475,77.9183522952369,loamy,mango
42.427735206533356,70.1151370191919,81.41656697391026,17.80841707024878,14.337787328301149,6.972976640668014,71.32425244864744,clay,chickpea
87.39272256506621,50.216981710599164,53.02283174955251,26.090357618659603,48.48569957541374,7.010622900197429,86.1759570428463,clay,wheat
104.15471248297065,37.98708567243456,30.101517257228135,21.876093981777142,70.35898249963542,6.327194650420435,79.69626553857582,loamy,maize
21.607061867796467,123.35581779535231,187.17465912000304,22.850737557215503,76.43939135352451,5.684342339602096,38.079212960529375,sandy,grapes
32.88156808521272,60.077529112346134,82.0085029727593,17.87945800845746,18.426516415315703,7.509137504299612,78.33474770606972,loamy,chickpea
68.43633866757435,37.67875107323259,38.39116276384936,28.338897674980792,80.52963609285578,5.787674511891539,217.72181835145884,clay,rice
13.471020317195105,128.19209958313422,202.1565829488171,21.945850822653714,70.08665162765489,5.825736205472993,80.55278145331063,sandy,grapes
89.84634170500902,41.850070622203425,44.169338045856904,24.202483624253862,81.29474699603122,6.53180761680963,140.27758515783376,red,rice
25.899439816672427,54.9684371605378,15.855624185998643,21.928576909543203,27.701272004759144,5.955097141648342,85.89765331922665,loamy,kidneybeans
43.33008578907141,44.524765878064805,12.919995329196446,27.218281206339345,56.59908838285231,6.461581608294244,104.13651047922733,clay,maize
106.22859883842432,71.17287767377046,203.6465107706177,24.946359726452982,75.3793703593285,5.903976764868526,122.59618270270352,loamy,banana
96.33230201927913,15.707997722659382,39.472785731007924,23.032452733484316,86.88227579605093,6.48437382040805,54.872088732503826,black,watermelon
85.23075701097935,8.423373867706095,38.48719351086427,22.11635733863844,83.80575631902924,6.137377488571803,47.22849645057165,sandy,watermelon
28.799145873051344,24.48341248104576,42.94902121442445,30.125899033481446,90.5405715685863,6.094227883373141,206.5496165859169,sandy,coconut
22.120544148642843,11.685166038060588,38.05006359240042,28.96997005422213,97.51007290620082,5.78534638508464,138.21724693859682,loamy,coconut
25.949330859124544,79.1307631838919,16.941579955771754,22.814818159464398,57.629617470960824,6.536071429904179,44.9927286027017,loamy,lentil
126.44460598542359,58.809349468485706,71.70497093426755,32.99982672494477,75.28956314576611,7.235098252314702,171.31006350523708,loamy,sugarcane
25.429511112163304,69.29970403745597,23.523239161103238,15.117010974227039,28.038794026270992,6.168797479394624,106.99169039580755,sandy,kidneybeans
24.900403492390762,19.586712326221875,12.921095339004431,24.28819621954852,83.26873861779146,7.1579744851317795,105.97985351660854,red,orange
98.43407864971519,28.025333071101404,9.906041109253838,24.841165164344588,56.28098750481992,6.824810104887965,82.1206402528694,clay,maize
21.445284084869055,60.08376491944302,17.212016858351145,22.36493196024969,71.47107980830054,6.838288289592919,57.608360680790334,loamy,lentil
34.11559809886742,22.007547708666543,16.444598355307967,20.385625562376553,96.28390558728083,7.010667597180756,119.15042301921454,loamy,orange
153.46323210082934,53.09588242989955,71.5221899665267,26.70388138146766,89.48559806140221,7.348879001708898,188.462159886819,clay,sugarcane
89.95434918424888,45.88266197455606,22.992316646418338,15.571230610681248,61.65493128287274,7.099005671121905,93.30866266006682,loamy,maize
13.402958080109023,21.48551663013688,26.298549692923437,35.07873013538314,47.86525382321381,5.932970064902314,107.73138409497356,loamy,mango
18.166118702921793,29.609907612790764,29.842888300039654,26.753462351306442,44.77857610730191,5.881425597300788,101.2046648619174,red,mango
19.631454122769114,59.33316833517888,21.041269142734954,20.515304600286925,79.38159870235843,7.1206295851506916,72.35845890899492,clay,lentil
23.230987121846496,59.90376064080843,18.425316796214272,25.28000327619411,16.914956746289604,5.889379953090525,79.99561859515735,sandy,kidneybeans
42.21455783464657,51.49578581944614,76.8836056605028,16.761650551171822,20.348378783472455,7.771273941126873,80.84578379046324,loamy,chickpea
16.81595645953336,15.18770843354906,8.850650327998125,23.96726487045427,93.62844827416244,7.618694962912314,140.29322730280023,loamy,orange
27.434892311700207,20.405157717821307,35.36437656958428,29.03180040556083,94.60929495876574,5.406600190103293,158.65637380603042,sandy,coconut
27.345541232875902,19.276186809118137,14.267043800888999,36.50254342968648,52.4989862953606,6.181765322367424,89.87234987000016,loamy,mango
47.72903744803285,61.29629390338893,83.4200345742102,17.057621714561442,24.221508551168455,6.949374070326721,59.93855368840738,sandy,chickpea
100.74700051782906,72.08007738573323,163.2639573820079,26.925353241900527,76.08941805320433,5.648145343414776,148.89462968139787,sandy,banana
125.161290400214,82.06487755797136,208.91355945738624,23.27544606397505,78.9405489772842,5.8352335444320085,135.49991999131834,sandy,banana
85.36242494147487,42.660512083860674,28.510084653497167,26.121491963036416,57.43735599297462,6.991920928020631,48.195832299379035,loamy,wheat
79.2252531801138,19.848579207084484,25.579973145029456,24.423020026864943,58.436105490477246,6.788693435540053,147.08007871384467,red,coffee
93.74662203486615,43.07140231104441,9.138720073479103,21.58912254787911,53.256838071210005,5.721198169433993,133.05899854989121,loamy,maize
28.674687179597072,22.101943656409894,25.70829034580148,24.124621454066222,97.28948264727586,6.171430178134984,174.11746930047656,sandy,coconut
143.0386057386395,42.07254618362282,46.15836127345985,21.71364596258237,67.47824407674358,6.318144750988025,72.5435832695435,black,cotton
25.22714548468722,26.766764963049127,14.276158366515782,24.689465871021653,100.0,7.038523632642918,102.77353904396078,loamy,orange
96.64259660621767,19.929358284387522,52.56356611827871,21.829429002750253,91.47080161958577,6.783323691943111,34.18577219268356,loamy,watermelon
35.31849240858391,70.88640151737403,79.12093512630786,16.091804266784138,11.215816435601766,7.878823478412441,62.65367781285052,loamy,chickpea
15.878374270004924,60.63738191414052,16.83372898863203,19.684623463858934,21.683870586583495,5.66551306790673,73.99655760638579,loamy,kidneybeans
10.265045044500786,24.12422810407395,30.336842065507142,26.140924036205618,91.98506119872438,6.276356743287989,196.44052437138154,loamy,coconut
85.6770463763297,41.92603269695544,48.1523495459341,28.090586209458195,83.1043469876294,6.585063028994737,230.90581053728516,clay,rice
32.8200562331627,55.07153192166061,78.03501579601893,21.481518398863667,10.0,6.632786160044361,77.35581390565689,loamy,chickpea
12.25552077850629,57.89127879873405,26.68189728938412,18.71201431138154,14.269693360775062,5.333248176500519,128.29552117496542,sandy,kidneybeans
102.36900023252043,44.35686762238758,46.2650922821796,17.250403116384064,47.05973754002248,6.826308670075065,78.40677541613576,loamy,wheat
13.54841539123483,26.6247648254715,54.23870711097714,30.910662708571287,43.08949424655737,6.163115602383162,82.07312033526614,sandy,mango
43.303131161779206,57.73855597313641,83.6970592563913,21.005253055858027,12.651592859638985,7.320732839597139,55.645962355559604,clay,chickpea
129.71799998030446,55.79269811898811,26.194921398842936,5.5580477395226495,60.86442874403504,6.761514606828721,97.8253193902074,loamy,wheat
129.8603469159406,12.359334593791722,34.55495269393675,25.741905034502967,64.06683386835522,6.458240822322456,188.37494708895977,loamy,coffee
10.525920214578536,22.015318020038436,24.69847551240106,31.693752339949775,47.06371915255559,5.9657640773556775,58.558816075381806,loamy,mango
136.30665297733148,46.67361993989313,66.40063466100356,23.494095342031883,69.97969584861355,7.477700158560952,47.658796382100704,sandy,cotton
94.25922370738388,53.55360228508575,21.85634942094167,27.925918997232465,52.68137522831168,7.1035021544740555,66.0143061714533,loamy,maize
17.631950569166378,39.39117142852993,19.209309436665507,28.743070490049327,50.78613648088391,5.878666898691003,121.84923853594344,red,mango
81.16509690556643,54.8716181782567,30.06878097557602,12.050115226476965,56.913269476617906,7.0092797789079,93.06754196961609,loamy,wheat
149.70423895290594,42.62203780537571,53.1775620386695,27.520983751532555,73.63160364603712,7.2345694829653695,186.96739778171573,clay,sugarcane
29.33662543031319,31.286191900644145,22.65413230075663,29.198788384850733,48.11912681273482,5.7848072291376775,52.244696091957756,loamy,mango
101.70698168047637,18.10606701196256,48.24143528612812,26.11205302897347,80.65692729573226,6.704475760711828,42.52561173410873,loamy,watermelon
106.86240068965363,41.10862101440617,55.008377488660294,27.36367255106807,60.05732141847569,6.807677653804793,100.90460437287427,black,cotton
23.07904721092934,140.16244518886995,202.68339566962425,25.139969997214898,75.63597320856906,6.059508679308062,74.50765715237684,sandy,grapes
28.54731266308828,10.022716520667252,31.03210601928732,28.01947204735447,93.73856541549704,5.545098139303702,98.39590079469457,sandy,coconut
127.34439215808604,29.407691448656607,51.42562075088904,27.48627542567652,74.90966178953182,6.843312761782467,77.68486561904939,sandy,cotton
24.217337500001992,15.480489325393245,36.22385361192809,29.017701680540252,96.32270632455639,6.115642271348894,125.05849569457897,sandy,coconut
43.875627513987375,77.17725187451137,89.19423676646986,23.565101358210875,17.793980419531273,7.6621037605975815,60.39309390371322,clay,chickpea
110.49264709688117,57.177259225927585,217.1234501425505,23.651875073476866,77.2944330968908,5.650982668771432,202.93739737870044,sandy,banana
16.181023700910476,62.56836807331869,23.211585732502474,19.98757838934384,13.388428846959702,5.7306820960301526,62.635454609632156,sandy,kidneybeans
17.88945221186851,13.768200662832104,19.9020444931821,19.999609728635928,92.29311629064581,7.050630320910068,70.26304272658366,red,orange
20.21721182397577,20.437124959858743,19.24402380594255,25.50308296185507,55.19398240902582,5.864836860764703,48.221993429389926,black,mango
167.4894243198083,53.59864871571994,41.161250380628374,18.994816474331984,64.29429753934204,6.492118057661839,178.02305886573347,loamy,sugarcane
34.21411451247329,61.426949397331846,66.37949169147348,14.733844701579603,11.89082351796223,7.334501534490002,47.29108490369764,clay,chickpea
114.46180062796785,50.5680382931856,53.848223126230955,24.60499566378352,76.19878742822456,6.8744057377485746,94.77820023515609,black,cotton
22.51008393771745,18.864053453152877,9.840561067558909,19.86573574615054,88.9233061043001,6.815650286968108,121.50689280401785,red,orange
66.8801137053514,47.31133333734965,49.959579029171564,23.70598168528147,66.98980093504207,5.51840285495585,186.67853108815953,loamy,rice
97.4486021774895,41.34823084620222,49.05787657743398,23.066898639360932,81.63848892159228,5.771214979083912,238.2009488139008,sandy,rice
119.32293929230732,43.63444683024904,58.037943005023685,30.717479995261304,62.693837297363146,7.127919179482307,105.63047549987402,sandy,cotton
24.499928390751943,12.59581501082961,33.09540068017606,28.774252810951133,90.48200287219956,5.918946610412958,210.18922940512618,loamy,coconut
127.80220939606714,57.30489643429855,52.7353039547113,22.486115550835077,69.39234695365194,6.200496804952135,156.80719514534758,loamy,sugarcane
85.36866219433992,15.07925569944974,44.16454087229585,24.286740340159007,51.66633568962057,5.868548635865038,98.35912360956941,red,coffee
100.4153293161411,94.23330679206458,151.00119791850273,26.807580276214445,86.74013310549758,5.764493878419938,153.61483568722988,sandy,banana
45.501537480942254,84.6612747137559,64.52167167260089,18.203919675057236,13.687393080285872,6.510526929436559,80.90490807169542,clay,chickpea
18.079546424831424,59.20517194807751,6.701455758061586,27.087404823100176,69.46473242178914,6.984274285387621,55.36377601517525,black,lentil
118.05673229538169,55.851394574610765,39.56521547892743,22.44156388942985,75.30786583542361,6.926964179519769,77.33520175745133,clay,wheat
125.74151400847052,17.898265758535963,49.94742201622911,25.767584097070205,81.71039099508354,6.729493511331446,50.29411690897354,loamy,watermelon
22.37771761129612,23.14354031987117,27.597801351806226,28.92784488509128,86.66511002488011,5.7768669826997145,167.04766749823136,loamy,coconut
78.27222554757543,8.282781698155173,60.45431799700314,23.322642044170664,77.56296830773384,6.168907757683112,49.685695719746576,clay,watermelon
97.6319043870645,38.82246462582486,36.85741382057835,22.194462196142418,62.57614113533642,5.781863526213586,132.652293953191,loamy,maize
114.93264471817116,16.954370032636856,45.809591190819106,25.320874131601617,88.33977952647457,6.3966140881827265,55.82377554211098,loamy,watermelon
17.121398721837647,22.783089883767275,11.166114190887058,20.329125669479883,86.04388101388878,7.4419845099593305,91.398373720384,red,orange
65.19266523764443,56.546857301355615,15.198729820388898,26.531431658429227,61.91489058705446,5.749445000368821,82.0950573854703,sandy,maize
120.48955306333254,20.552512068318208,47.696024872006994,22.193640562106065,90.38576705216124,6.169469065380843,72.13637789750484,loamy,watermelon
16.353254703816926,63.0571511003047,25.86272142048623,29.522297406704382,59.4524983510579,6.854502705156874,57.540510519137456,sandy,lentil
27.417806316849727,58.7127955325729,22.25067847790142,27.473739687855343,46.07572624484592,7.064089009443395,52.24092764487714,clay,lentil
20.537822449410125,18.888383038811003,11.755049934085283,21.995786176953054,86.49135033356514,6.863892931639335,125.16645937102146,sandy,orange
118.78982358335531,27.23795443781949,34.034468014772834,28.282544430908032,55.14901554746865,5.946992383199029,181.5953420366451,loamy,coffee
103.57707980450458,16.915553388175905,60.976137384264625,25.870403495269084,84.51786235043859,6.91383265189461,59.9911470452627,sandy,watermelon
114.36927979371804,14.04620121677018,61.18286382862029,21.852218246413642,83.5354680714226,6.919998735772034,47.01809069737607,sandy,watermelon
105.30932993716061,53.20745705264182,42.91021850803276,30.193411382457533,70.84360588608695,6.861666200142857,50.8382458917335,sandy,cotton
20.046948765496776,26.97405164794065,22.687695259412983,31.315768276618915,36.806225293930154,6.701083376966646,114.82427212445982,loamy,mango
95.96722042984493,73.99880483063414,236.7438484496254,27.060139208227163,70.58595851511024,5.6412364556576655,164.17689764978803,clay,banana
19.36172362379019,72.43487923999174,12.060563474421892,29.756369791824202,58.669004779476666,6.102229943299921,40.786491146099195,clay,lentil
21.14900579122475,13.34094234450949,10.225802719395773,26.803650711103636,93.9905803121448,6.953421477082534,166.39359547833268,red,orange
28.542913081666466,23.78634650844543,41.28562722550925,34.434853768153474,42.62813782655155,6.232703321208384,114.55476759903323,red,mango
75.41914527202005,35.433282835287685,43.895779846284654,23.59179297939183,82.07496471236612,6.3922986635623635,237.86124704119777,clay,rice
11.835295427883878,14.88162225303701,15.725850603820998,25.905978054223365,93.7499387973415,6.2282585114493365,79.79446180042125,loamy,orange
119.25397945162203,20.965320715670973,27.526154208396125,23.219285593581485,62.49287000599681,6.928170251733083,179.9037805710261,loamy,coffee
27.129546325840224,71.68555343256736,91.2309463044154,18.86501437707098,10.0,7.582387898679526,40.10168177870468,loamy,chickpea
148.3101141938392,44.85977401374258,44.658921584016866,25.741248472046994,72.07997160752919,6.497184710285957,117.97149445947733,sandy,cotton
101.27873157039154,24.74846519341041,28.53720082152566,24.35255407145637,65.1929878719929,6.011091753666525,141.4410551283735,loamy,coffee
29.494658254400502,63.45389241380091,68.11119846402394,16.89173512053639,12.129570575089751,7.123796855660802,84.83756497284683,loamy,chickpea
150.36823925069328,46.87253038954259,67.5905056552221,26.26028251806422,80.96175911260335,6.5243906169734665,225.6286120017319,clay,sugarcane
122.14951752971544,30.80722642172557,60.47963645324006,27.970422250477014,71.59711736273857,6.743854270160134,67.10492025263801,black,cotton
99.3687092254542,56.19565206125542,43.17862646610291,14.934445279555357,48.5238603429552,7.195313761241064,98.8310162530029,loamy,wheat
106.90250531043218,18.968435068620277,45.78928715346286,24.014959292858094,50.45864518283137,6.579710746364472,140.16600599952488,red,coffee
95.07337331643234,73.67113195377601,111.76975117440657,27.114319672003653,78.10683972891987,6.311570639223718,199.27182844838205,sandy,banana
61.47649756973502,50.225959066249814,37.786399279314296,23.2117333010315,82.05103376033892,6.517972901166251,227.21455772105594,loamy,rice
11.212522939699006,19.127342814851275,20.420219218956962,29.3235039466745,48.540323118304194,6.101080788322744,111.58040974260707,loamy,mango
142.95916930849583,53.09280122191897,55.76680451003481,26.945790195983555,92.55407349854853,6.191709939400717,163.2608397436142,loamy,sugarcane
36.301282355829706,64.74360939652325,75.9721705889376,16.166731364790724,14.824246766927823,8.283297442294623,85.88106381461382,clay,chickpea
31.297916318313746,14.450255933109661,29.44858478936372,26.53848210324847,90.05029248507448,5.994720609627785,147.12965765964648,sandy,coconut
18.26334066026921,15.57448098656872,37.5293482820631,27.808205499127503,96.47201714122505,5.784775038919162,215.250823048542,loamy,coconut
13.003468681198864,8.965456943687766,39.90460171615515,25.362514126958242,100.0,6.301202411369883,217.62714520274125,loamy,coconut
16.13304247662131,25.779770325042936,21.581027575475193,26.605893446221554,88.19134475970738,5.98896645838942,169.9284887072861,sandy,coconut
109.53303986401016,81.84498402868644,190.79658665265367,27.587318582303418,79.128729865173,6.180725815790725,178.14249711819397,clay,banana
19.445819250578356,24.332982565914797,40.01818979038881,26.81695386628558,91.22057512968618,6.362251906461146,174.10052406632903,loamy,coconut
117.37334003193936,61.320513672106784,37.10247092756015,17.796096538778993,54.521164818433185,7.113007272268959,106.0712933698846,clay,wheat
24.672624515459788,142.86492242749105,185.39946224413876,24.800268665787804,92.2048438358077,5.733812486351753,101.77642766790967,sandy,grapes
92.25973440927291,45.39171541595417,7.353863674313583,27.076944832148513,71.77382932974075,6.557823364793592,68.00893931581234,sandy,maize
89.91974607150794,16.391377841853647,19.573067120671872,23.223285782097605,78.59218900218698,6.911173265644177,142.05808743319184,loamy,coffee
15.47417679350117,17.565843291467008,29.70858977105808,26.351171249145903,92.63722973105573,5.66848699970045,205.65026614424357,sandy,coconut
11.34077416948371,17.516957232992556,15.633321421190487,25.260122866196483,91.49920223153761,7.625467469744622,78.52253733079014,red,orange
89.0514315129593,52.11971582126754,31.15696884573987,25.87421111402481,67.26310408346544,7.38429821088733,84.65488604773773,loamy,maize
22.381581968033696,17.375447989868622,31.052055635622764,26.390519082417754,46.59481200056113,6.884481029702489,118.30435943102209,red,mango
18.00929086640012,20.55711283862934,7.198975019242803,25.57653151456121,86.44174797641881,6.3469899454734335,106.62209980186627,red,orange
28.432148059606646,11.529285391848424,37.27974551136163,29.453333953273482,100.0,6.11198839515126,156.21482055556334,sandy,coconut
125.39067482182097,52.200721737971456,51.43884812969395,32.88759404442668,75.13203292707466,6.570707871290361,165.5030787610362,clay,sugarcane
110.11689386900666,53.8525429399991,61.944058769405686,24.56619928663955,72.4790335549609,5.9362522449765835,198.21876674959333,loamy,sugarcane
129.9211962761367,44.49984421627445,54.51740279143175,18.02129202650843,69.25516980691941,7.1000804499785275,81.14216725164843,clay,wheat
16.421769994179336,42.508748479862795,24.84370265961779,19.34492911726914,20.104170033932935,5.758831989449123,109.72288524522111,loamy,kidneybeans
89.46289425956422,15.793012697666592,64.96511405476738,24.81005868969223,79.2779823192828,6.775645720035514,39.33685877049895,sandy,watermelon
99.68155959146402,13.91353024293901,60.70543656037055,25.614347830898495,88.15400466712241,6.924976618848326,61.802142429532466,loamy,watermelon
116.42731121968896,42.6928752479878,40.24942758931703,17.928605446830435,52.81790361863166,6.6440777954316985,76.45736475656982,loamy,wheat
82.32017246479165,41.05861438854335,16.96038382417278,29.091531075018654,66.29037575344715,6.145748007390735,84.08883950088716,sandy,maize
14.063738353285494,64.40013590696655,16.97208479534425,23.32192495476232,51.813338874373045,6.649621515397212,51.0211016808441,loamy,lentil
25.697862797508126,26.2659458308409,25.370872600783876,28.221589551773658,97.77876583729716,5.706997489512539,147.62739258455017,sandy,coconut
145.5340403520977,71.41930175853697,55.259152180530315,28.381756090891646,80.29540700445148,5.67291082729339,164.33668553567438,loamy,sugarcane
56.51115628525335,78.62458244000213,61.04014800853936,23.26322781420935,20.682002085073236,6.681880021788497,60.45197574934254,loamy,chickpea
15.542256595400323,80.27986560911566,17.978823998574267,22.921119120649163,63.59899889545022,7.081781995399627,32.59363580791364,loamy,lentil
65.06952945366956,42.447147223912815,41.7378495584842,24.393750263831787,78.53263535153407,6.301153925987959,199.84169034357558,loamy,rice
20.27721965488972,65.57129512658216,24.675543805113918,20.733684015571942,20.496110420270067,6.216097818972651,99.56921363464642,loamy,kidneybeans
19.746171645964406,53.316957689215705,19.706086742096165,15.70471161930775,21.85012157127285,5.729125110212894,76.107441336168,sandy,kidneybeans
81.95587084486945,51.76044369622611,11.089667125235383,28.761654253174974,55.91592921542908,6.075698334364901,89.44380512876972,loamy,maize
38.767733467393064,69.04545193086156,77.33602924807491,17.05282074087616,24.027416913969823,7.719581146544577,53.58702882427735,clay,chickpea
151.24599689452273,64.7016147340598,58.53877088584592,23.869566997178595,65.45092298865417,6.843905625918432,142.18217943600428,red,sugarcane
15.652557030872552,61.29329909103643,30.99423926741166,17.947206212233084,17.534065269287773,5.747871283191352,96.84354215053666,loamy,kidneybeans
14.362623548883446,51.236850486271706,28.070569615122437,18.302704605441203,17.883854082769325,5.613581651935864,82.01753756723485,loamy,kidneybeans
44.96297915145087,69.42222062036599,79.39076945292065,17.67585306290215,16.75770397882633,7.52010149721348,95.92698729097413,loamy,chickpea
108.39055100961038,35.32758006513234,31.18290376589181,14.665616467720415,48.16132066453773,6.763884101557274,87.29288096163644,clay,wheat
13.277141009929721,21.03329558979643,9.327982327804289,24.445642170962763,90.22601459157492,6.837725575246526,156.83456602033638,red,orange
16.224271525774643,70.34275007950454,15.088665389881651,25.02457318848254,52.83098976491975,7.255379829172883,49.38960879712435,clay,lentil
113.43306752442201,39.19346644213421,50.617890973225016,26.422420291430225,71.3632457364607,6.567720905359291,44.53829493933882,sandy,cotton
24.32319013422191,11.125649317129861,29.125692439777925,25.71421370268119,84.22789707200027,5.7959694120399785,143.03400726611216,clay,coconut
90.750442901133,84.26670164775939,152.4274609476672,23.028402018578056,78.01971470669456,6.028838156817692,172.1264540805692,black,banana
16.27108751169137,14.859139711024898,12.568989688935162,27.25190509041989,83.43646651745487,8.120273778937316,115.09365572440329,loamy,orange
107.0902463835792,75.34992746099832,41.51805248930122,20.650392601701004,41.50818635047886,6.606040002888466,99.57630005433211,sandy,wheat
96.13819101457887,16.888490499580904,41.792572502884724,30.589680495676728,85.77131473570854,6.823326433867023,45.35876649681121,loamy,watermelon
71.10200333264274,62.84918786733851,13.650313694974177,18.709835466833283,58.11044695440763,6.468090683789834,87.44008233472259,loamy,maize
27.447347144357906,15.618966507128246,14.380709785641542,22.36112754150713,87.02829590636705,6.801392075985723,135.54322682914915,loamy,orange
15.041940939026551,65.74180487000051,20.56685269012612,14.231835621395886,20.150627582101304,6.214383704667678,128.53189596491393,sandy,kidneybeans
146.02610943771413,57.3728912861086,62.07027969009569,25.83656794387718,69.89777418787249,7.452930978358586,77.92339924865173,sandy,cotton
75.23233361416703,47.65049296225431,28.24267646343756,13.997897263370431,51.84878501724558,6.265633076243426,82.59504376997394,loamy,wheat
18.65640466968727,14.080499632554982,40.59968947113572,27.436746265507285,93.31246506581299,6.697256006153112,126.9673730297732,clay,coconut
35.913323527575876,54.26297587282199,62.733933188762215,16.61296347498824,10.764541396167727,7.533514618117179,74.0163775612144,clay,chickpea
53.032777335909735,53.013963181212056,49.50180074609549,21.93813094145999,70.84098756072623,6.23961392840288,257.2335290540212,clay,rice
31.403854636779286,11.80648522627908,23.167367183944414,26.304453715155816,95.02130504458945,5.845454537613,184.98560195743164,loamy,coconut
66.83194790543547,50.605785254876686,29.15348823098757,22.616201634624836,89.82139040684852,6.53608806507768,279.4959315874345,black,rice
14.215291765890067,20.989567540367844,44.70518811812856,35.62303910964043,49.97882295003117,6.11260944203717,70.47854857407452,loamy,mango
22.67034446082951,63.74981454438015,15.113182193031395,25.460843281490423,65.04935492267388,6.690835065988557,38.31757769703474,loamy,lentil
18.2849562583125,155.95760256029283,157.7369910509293,24.13137032381066,76.6372421151364,5.2932107935586465,64.59204853856139,loamy,grapes
104.50410306508694,16.10454519566316,50.296865088224536,25.746829042781975,90.993645026383,6.793337889063806,36.00308711175245,loamy,watermelon
134.16483528177395,42.8850744518928,52.70949274570549,22.644883758703806,77.47218159633472,7.096421841923514,110.71994729356567,sandy,cotton
110.75099511558132,23.738341598051814,29.84992032461096,22.367561546758914,60.16223653788314,6.506692716618973,142.76960268643617,loamy,coffee
29.890337628739758,19.85169498132216,33.88135067193445,29.186468183713032,100.0,5.819060918418538,193.8478096317504,sandy,coconut
91.1017592449495,15.321999350060446,41.576230007076234,25.21830359176408,90.32589180811226,6.779821432542388,64.03427409342197,sandy,watermelon
129.1669148120221,35.638106397405096,61.33413081570823,25.140773904310066,70.95160162596919,6.691649687185234,222.52000150303053,clay,sugarcane
98.9663297700987,10.439820613845058,59.947208440332105,27.624229130054268,89.02867069732959,6.907938743391424,39.871903743662315,black,watermelon
12.705291558842543,129.14546318772082,196.3966590414132,24.485930125122298,86.93578197260081,6.045142776602584,50.85741567417102,sandy,grapes
48.513675910864066,71.88611700978888,89.7666536997813,19.11793919807289,19.884038494325733,6.595484238142982,77.94631277068032,loamy,chickpea
46.23895690018221,72.52872167148881,88.4317431002267,14.377796511207755,17.494590762920755,7.570391542322769,49.53196897340622,loamy,chickpea
81.23496995833531,16.058411282067468,45.62579332996869,26.732731955252977,85.45650111329286,6.1933919409056095,62.652094961876585,loamy,watermelon
17.307266503043515,8.962576217412916,4.620401214398031,21.495835084104222,91.56684620348628,7.564889211522597,142.86997823439066,loamy,orange
130.12835497343866,61.53501321538513,54.89087338233325,27.328053508762686,58.05175499827567,6.379234714233234,182.73269900355083,loamy,sugarcane
126.92330876941918,41.39199016442564,65.09228059848841,28.773160426927426,80.19046482953759,6.495598482514037,77.57226717625147,black,cotton
18.580141986434356,77.30955485300815,20.47675198310527,27.49962060388316,53.1745850243432,6.726812237716503,53.5320590296371,clay,lentil
36.579485083263,91.34740754415,85.55912031299442,17.608598675945696,18.3274838708314,6.895652432857473,87.5676007788384,loamy,chickpea
123.1557489495895,19.282251702071164,44.42695582907012,26.940173132041206,85.04651461660237,6.427962423865551,34.66078654584226,sandy,watermelon
75.46204935152733,55.39382638228852,37.14988823150859,27.21254670540126,76.39829391994074,6.1178249768529485,181.99911780357675,loamy,rice
116.29851913393489,74.763887368312,50.430169331618856,31.43831991715524,75.82894225005565,6.331951976655931,178.6551334700938,loamy,sugarcane
82.83958509917986,50.90040396483535,33.95467875129011,30.065760402357615,59.547475029703534,6.062711926051856,81.86137471201171,sandy,maize
72.79914381479985,42.6046481807886,18.938844838563224,24.36320009444019,66.83833266040455,6.732342481980348,82.64130691181876,red,maize
102.46350913879743,16.306099237162673,47.23148236218349,27.751512655694988,83.31768690060413,6.869375863806804,32.43424360452861,sandy,watermelon
20.066164115019617,123.92030585814447,196.20823874771804,22.443636544783086,79.09461939164316,5.8675656368951365,81.4329490440521,loamy,grapes
136.6818028979784,58.293177319454344,51.68113050336184,28.013515196528054,77.15959355229303,5.825213504556584,174.32039032296308,loamy,sugarcane
57.06272871062808,37.97624254233783,9.556982065833106,24.069338516605228,61.02555820757333,6.112629720840217,140.27315281001285,loamy,maize
148.42026604921105,41.20019334096304,68.42687203977263,25.269883332396557,81.36343055463568,6.4156150882517275,166.80612451531778,clay,sugarcane
61.91209222672343,37.11873574151339,33.11326657181144,32.372272276227676,92.81045168648288,6.03530023292614,205.45666838772803,clay,rice
33.104141157493004,73.57210353556613,68.879557456408,21.506130981706693,21.930712510594155,7.384345840835235,62.35680411557036,black,chickpea
105.1384238692032,18.501138276220015,45.00710932500745,24.567567523572972,79.07848327850827,6.648232047118173,54.13498495616231,loamy,watermelon
11.744389096035802,33.79576394215806,36.38911408838912,34.05735113127705,53.17454501584899,4.943159016577786,63.8854266829637,clay,mango
29.96227291383783,23.527069670479044,35.45204788655297,33.26688908215496,42.36057237954367,6.030418847021883,108.83669753470366,red,mango
3.5263168101357323,52.748208404212946,19.745766914453593,16.93016557032208,22.235512824152103,6.1388446938843755,88.56928430692145,sandy,kidneybeans
78.59743776309772,37.017184134047795,39.32119574670392,20.199382452869568,77.42815325013845,6.259450838121133,234.64838391135748,clay,rice
22.778407766455633,18.88758547203545,7.884936970386452,22.200602952534325,94.25301688898993,7.185666537123364,107.51953090466141,loamy,orange
14.579104776656957,54.11789390591734,15.150909683690873,18.970395152851832,14.134746702156791,5.65644145157267,51.9526835429143,sandy,kidneybeans
81.00379698887234,42.18406065718395,10.693883525911671,25.812075025248685,58.40023694508281,5.869705616541907,76.13568985898883,sandy,maize
126.58224785042545,56.616705056314515,44.49097512796669,23.6155597887238,68.61789011291886,6.725281775956868,124.96931749491861,sandy,cotton
29.84509049733522,19.3627795732986,13.141165810967525,23.715670738532737,99.59236593807009,7.148624168677531,127.49897129338775,red,orange
31.583994245177216,68.91496037348107,76.06362528702955,14.142784539645506,16.569375970710063,7.731603855694445,47.036175664487644,red,chickpea
23.341496916584397,28.974250726865556,34.31890555581286,32.208046329429884,44.06721594778882,6.292783491724844,131.46542118242544,loamy,mango
98.10633430847828,17.752216107956624,42.21961876783608,22.901668283403808,47.40517573790255,6.7000995902635845,182.28525075263747,loamy,coffee
131.36135727075572,62.06528414402659,54.50493411898084,22.966815590150084,62.586786775785114,7.210626220684631,83.80507642079112,sandy,cotton
144.23965099543224,57.51486531017818,61.372371289676245,24.246283643215026,74.36949462933977,6.588474594136467,167.51744636200414,clay,sugarcane
72.53845177591997,49.45938294144774,19.89777266397522,25.132274352039957,70.67612128743973,5.59391187387886,114.34547679293273,sandy,maize
88.93664703898084,50.24549832403988,37.429259759702035,17.195240946021,71.2970231756785,6.095199905198555,70.30646368155479,loamy,wheat
143.88034898987982,36.35897967847856,60.99093008521929,25.61803171650424,73.69532301827638,5.8258512540733225,192.14616860157227,clay,sugarcane
25.886436792151,46.10062456750312,25.587870984665777,22.533409699077403,19.152723310881257,5.887543830227893,117.38174169702053,sandy,kidneybeans
19.55477485702368,15.65884444134442,11.45652358749434,23.98145567208035,85.62369970411669,7.150272369009133,126.31386756033837,loamy,orange
16.137840163621664,21.652588196651052,9.945763308583087,20.393983255395128,90.45376153249602,6.659844679976544,130.94469388302147,loamy,orange
30.860968965160545,20.06191146010244,8.500929082849668,21.43368743462025,91.87479867299281,7.810657024071264,140.84021414587207,red,orange
86.38771022664018,47.92355251491263,43.301860892767905,26.29246300902365,94.84988560522277,6.037433993446154,199.5102908371385,clay,rice
116.3911197468494,25.61299797060346,36.531007535604914,22.907615097705563,61.95553239370301,6.799680263655428,125.53105699060345,red,coffee
19.759430527373382,54.18404502074122,31.919305189909366,17.801422101933717,18.961346141977835,5.807788634030051,54.943725229483405,black,kidneybeans
86.51785121966233,39.675922341690445,41.85729058453376,25.350057427422186,83.31213158037407,6.548571511179276,228.94382195098729,loamy,rice
22.51556141919302,12.8633232189074,6.990387837745916,27.05851895723854,88.94610516915728,7.256360868085002,86.38321674546745,loamy,orange
24.722506652589225,54.41397842509711,14.833312520054854,12.720273384130664,13.174358027497995,5.531066453162718,71.44420464598258,loamy,kidneybeans
97.99337801287793,55.32427809762838,9.68503319674372,22.385631525922662,55.094514701245785,6.817403987383748,56.24752204683947,black,maize
75.97015730190516,89.37242457845234,202.53038414393134,27.206548724418287,71.29108303135803,6.030234518685069,125.62187294979711,sandy,banana
18.228699757276033,63.740918612541506,22.529425322676797,22.50480561789358,12.46681346832861,5.662477517634053,111.97032210777007,sandy,kidneybeans
92.46884401404068,49.02256659647416,13.262257705357221,27.067469173316244,52.20236177879568,6.76357983295076,161.43596057849663,loamy,maize
139.7249124078154,44.172596861040404,56.04556205686014,30.77589869190873,76.7793347359036,5.907131800447791,205.5446438074161,clay,sugarcane
88.73802590061926,9.776987609673698,25.117106947966153,28.37395167788965,63.064167586295646,6.709813934844419,120.70879829444401,loamy,coffee
25.032762190206974,15.856120417637863,27.12416248387489,28.45989369355183,62.648389470975,6.172704403140114,65.56957216816443,loamy,mango
97.01661194672401,9.2688154832821,34.55164485099147,22.381988950176723,47.40590525854288,6.19110266634296,158.49997138070762,loamy,coffee
107.08433670371511,58.51464861581981,59.434910526097084,29.549242848263216,72.25927296371201,6.1794082397027905,156.87466120626578,clay,sugarcane
28.776531151163752,12.643352008531494,8.728131594918477,25.527358075225763,99.89237814455487,6.602763600276498,91.52970200483375,loamy,orange
23.714226680387178,17.219219781067473,27.682433865073918,27.779249735778023,93.76128961189664,6.216408688191664,186.80452966410306,sandy,coconut
86.26991921099146,75.6743589203226,25.007153284214347,28.197994423453274,68.75149513242684,6.891784857540877,85.24820817748137,sandy,maize
106.91719587039753,53.20291684007225,38.49421982966456,15.135123539554941,57.310706813275004,6.666750093646543,108.7964524088203,clay,wheat
13.278424329962736,72.81271007849388,16.804282027291013,19.64082541095093,75.80654933633528,6.4601598848480375,42.60683984016434,clay,lentil
42.145302247642526,55.49463792814258,78.20059912116695,20.349445979669603,10.95845556862869,7.019966388141644,59.789257496022024,clay,chickpea
121.69156164914708,55.69707881522697,39.706342435048036,22.036447625020223,63.584074287693255,7.059426335186414,45.90744805927794,black,wheat
73.19085756368919,23.259526059179795,50.62446571409936,25.619284368959853,78.75473123899795,6.2290807466619125,57.74762401361981,sandy,watermelon
21.854014136514206,76.2586961976827,14.881761191500544,18.609620800181716,17.00171288851178,5.635898583746501,94.00819384236121,sandy,kidneybeans
98.1884713498899,48.298808088698415,46.597941972383744,10.454780288066482,64.29493088690839,7.128239717999063,100.04087127397325,loamy,wheat
27.377199035757805,21.708511210665208,35.91275759383843,28.935850258778597,89.27018998519762,5.867729923461714,127.55252033575354,sandy,coconut
107.97378978614123,40.153474150076235,39.16018652252267,11.971532857462048,38.973046964798435,7.096257083937229,59.93751212418083,loamy,wheat
23.561860497459215,25.591345535188978,4.824246871335022,17.89577653673542,88.21587924864063,6.384985659796736,73.34053861471324,clay,orange
81.83623247200536,21.813035808917988,28.021276480370695,25.845016478996133,42.26486199297562,6.503015441070499,135.73462504836644,loamy,coffee
68.59394407424995,58.269057463206195,8.470972816708171,28.51596440384807,61.55918320766168,5.823041867823027,75.42212319243272,sandy,maize
87.78262768207888,19.171848510273385,39.65658310080384,25.059781099199828,63.98596274262925,6.414981503323269,143.92938720763553,loamy,coffee
15.37290169718834,113.4466070353615,187.5936113495668,23.026437174520574,82.41187335809396,5.764322255615107,68.63598396343879,red,grapes
81.28692309104004,13.142432502266528,33.138670019314866,24.68720452471942,51.59594319523465,5.715696231207176,162.60038291016494,red,coffee
78.95486994736989,42.54333425332339,33.971779357140974,21.90321198826649,74.53316927439354,5.844481074707633,217.17278473391715,black,rice
81.08701888282094,50.15151034621486,23.59862319175182,24.853844794209646,76.94061837824277,5.7124747758305485,184.87390532284996,loamy,rice
45.22437497621197,34.21990723152134,9.136287920117631,15.00086488819357,52.43712820561518,6.829982271752652,88.88909580739114,black,maize
11.006628322339147,59.938189751154546,21.831684844670306,15.256334859618233,22.50357270908864,5.4680252518636365,108.81114636548506,sandy,kidneybeans
119.83704379952707,34.64026417220454,67.37147116924841,27.228920432547138,69.97584921112572,7.092469635469816,73.28576942021628,black,cotton
25.861344190005877,21.134514494362037,31.808421291605104,27.543306805985523,99.25637233199323,5.852719102282364,141.67226149847332,sandy,coconut
77.47171982764212,35.27287260716695,27.492176417050494,27.057247105823986,79.89428570669213,5.791087887341068,216.1528425230667,clay,rice
24.033925536171576,66.46385792527535,17.05883853758732,23.666348628801995,66.67421360623301,6.690379509152654,51.071173531767634,sandy,lentil
105.32048033386673,27.071951166009786,58.36387940409898,26.09215071249333,91.7956646757648,6.66167118233446,39.47915934447357,sandy,watermelon
71.82572436455018,20.089860591245277,18.248004952823102,23.23294441355641,65.15942153159399,6.690951995439367,100.63019328827097,loamy,coffee
14.509683465879196,18.338168928839035,3.0925912248900724,20.411442890296584,91.53866447173763,7.3798541163412175,137.77726360965903,red,orange
20.453700631674064,5.210875023000213,34.941287946218196,22.441336550482227,88.22989817058097,5.851499703263916,177.93731733891494,sandy,coconut
14.349893802675378,19.034503858499544,40.39265628934611,25.579912710323292,95.30544756965581,5.711260684717402,139.5027349401522,black,coconut
104.6515433274203,22.186128234084503,32.32339113036825,23.801802816263763,55.92966760329947,6.717697537863426,165.63527255441565,loamy,coffee
37.473684110759955,76.7845085031833,81.9923804124924,26.415427228166408,16.852540930098247,7.183973690425099,65.061993239823,clay,chickpea
19.688984373184958,67.54648682055382,25.018434334214973,27.77801542863596,69.25510495361439,7.449887596198251,45.10196121765866,clay,lentil
20.01473929957177,133.24525484469066,208.0905494969142,24.588535277260107,79.3519114262723,6.024867168425885,96.14887562304536,red,grapes
120.95005707922287,74.73730570328031,250.0,27.46490289043981,70.13870163770021,5.831378437466964,148.81759899076533,sandy,banana
91.2217974690972,89.19955579482466,235.0901744475025,27.11202325274934,69.00870283576987,6.686850184603727,171.6182816879364,sandy,banana
22.80607026384265,22.427458900099396,16.737945276608784,25.390278462930738,46.65559308754424,5.472632689477945,86.30695262059385,loamy,mango
15.834668970365115,138.9985065097435,223.6907849102876,24.194780762810286,91.7658951914554,5.788345328390175,42.43038041186112,loamy,grapes
93.39880492374252,10.071909688042977,23.238675782984643,24.177853740876085,57.057551299672625,7.82589121515791,109.62613207484978,black,coffee
114.627063198711,32.23311232237687,45.392185618529574,25.672657578515075,39.03273931104165,7.4077550702582045,19.560887387481436,black,wheat
39.928529056864235,47.746457379922965,67.41193540315663,22.144088732851756,13.667917469962827,6.856478810024784,68.44190546687645,clay,chickpea
64.75061494622499,31.154627155942254,41.31512562381842,23.82860815161157,93.08695007773628,6.130330906478017,286.7155044447808,loamy,rice
69.76107979329416,42.70093310760659,28.292463985303975,23.227878958109542,83.89363002154204,6.682341448355293,190.83664649025565,loamy,rice
107.35799909154554,17.429307095816206,58.759266916678655,23.875225995592686,77.77987715060134,6.643116100825462,46.516554652671054,loamy,watermelon
21.99885519245066,42.73400269801658,19.814196075330585,14.939210123644738,21.506535275766318,5.476679092585821,103.48496274910377,loamy,kidneybeans
25.620079506267814,13.621197926844843,15.12996627231663,25.786607261860443,96.24237087172651,5.924064811906689,165.8949658196638,sandy,coconut
69.99957432860714,32.283460053528245,23.416132512069666,21.647847661031175,79.24794829036401,6.082723365340495,297.48924649718066,clay,rice
117.82504807538406,46.879046799537086,45.85195447843894,12.706298292947181,55.03965357607256,6.894508308235605,98.11502074996837,clay,wheat
43.112300723470106,61.19961937807804,59.00793657438756,21.518704272322758,23.175030889944676,7.896049736918629,70.38434660977207,red,chickpea
100.01781366462532,51.36367899896323,57.320400733310045,27.23848818927435,53.85098439218412,7.722190743447448,67.11455991692888,black,cotton
77.11214525900992,53.82871135371471,32.04154210284199,21.633045637069298,57.38744988940053,6.951737739672245,56.1022076479548,clay,wheat
69.61002661168108,52.74622683673185,26.537041827073562,23.995344910042675,82.97651839063003,6.434488932543712,248.4490631917142,clay,rice
125.33540073170566,39.213322723742145,55.52135253091385,32.76270246625806,69.56059745381172,7.0537717750478635,53.68945545063123,black,cotton
93.0031696803085,67.01526267230032,187.50521839610005,26.85704301267602,71.90660002856708,6.47195370866199,174.79849700182376,sandy,banana
44.643167718868824,72.31813394320888,73.35413327741404,15.864211655804578,13.161389283736492,7.051671445727765,76.79298902979372,loamy,chickpea
72.05150049094095,46.105931456469456,46.08106468300683,25.687634122345205,85.1803882336088,5.918130694852048,212.81554344674166,loamy,rice
20.654023937477564,32.41641777890414,0.0,22.699440989006355,93.08649168351559,6.908764383005119,104.88701847331423,loamy,orange
75.09933647294328,45.308648983847334,37.50602935342042,28.14801883163022,77.94389616591178,5.855072816209783,239.15502154081847,loamy,rice
37.37504663040046,39.83904804227234,58.718304580141876,15.945647165443944,18.656116142962908,7.345519826136118,67.76550060763496,sandy,chickpea
93.12941706430524,81.36955363086958,174.46866041293484,26.64386680671959,75.68469540983115,5.9689914650043105,129.72152412251867,sandy,banana
84.84705826562431,63.902188056217796,20.955786702977843,23.887667699583872,56.71759907182409,6.532740175722831,101.91507418309949,sandy,maize
91.63681907454567,44.95573237143333,17.54210642979199,24.36941615301783,46.632672592838546,6.490814050890583,89.98592257192603,sandy,maize
91.6833053723993,20.547072806588048,35.82069525954947,21.26322351853428,68.95700695227684,6.533030349271623,147.2795746617642,red,coffee
33.31228678710439,25.60486708990793,9.04536287607701,23.586302907128903,94.5122313709689,6.991963747532952,82.60159666258173,red,orange
98.0153490559835,8.114936136882335,16.257581940624785,23.347174779766227,39.29678799081621,7.318041786294732,167.907996941992,loamy,coffee
114.84406992693218,51.41085789084439,66.99861437783048,30.571574114866927,69.16600567360706,6.973702088961821,69.35844252663276,loamy,cotton
95.23994327849246,86.03664870754764,195.49069368679233,25.070705154266822,67.87373668893969,5.948367170565488,121.92386285912133,sandy,banana
24.130466323332712,35.97300696830356,29.727594404297832,30.491870980327167,57.456534471808894,5.803844956094594,61.61831318305036,red,mango
16.36032583606136,66.72978804954623,24.688309758016782,28.03773374619642,60.25709816576261,6.602496410258013,34.150394540757404,loamy,lentil
19.602905965421428,84.50833192378713,25.00276999453649,26.500638354195505,66.04964756704157,6.497702705642011,58.52863663120793,clay,lentil
12.239027765620449,77.23044904198854,25.31512288390512,24.697329282017908,63.028844838328304,7.149018561019625,42.46704223584564,clay,lentil
15.825925282899899,51.968894911909175,23.637668468128997,18.511955825250155,14.047437831847027,5.743376736096631,65.11775328562443,sandy,kidneybeans
80.93659559393593,45.63869908222014,15.593673455652194,25.94037547398845,63.907106998699405,6.264554421898733,79.23854166345104,sandy,maize
97.00495301240716,41.29652982342567,54.06213173344658,13.881589620460883,49.19684593897408,7.028013678433609,37.87958620226421,loamy,wheat
108.34733030127391,19.7126329525742,53.94964186965491,28.47184392248069,90.10843893467745,6.466168383936114,56.883724569879554,sandy,watermelon
14.497504686738163,64.84420164179448,18.688109346449167,17.491972478935903,27.36119430886049,5.575393337989013,96.82587544350909,sandy,kidneybeans
122.00312149800394,22.488639055234827,44.99512545150645,31.9921320683508,74.48980082005085,6.691206422200713,36.64503204665657,clay,watermelon
97.96708273309527,50.36559664400874,33.46765099042623,21.560108630972735,51.96078540713157,6.695969384218,87.17579543058514,loamy,wheat
21.429203924372075,23.74893546372074,28.812223452744274,29.986369929619645,51.73857301984839,6.443932304896013,101.79849383465223,red,mango
76.4295062828336,62.93001720347,204.59242086900176,29.15234731056917,67.28001283862689,5.835276959595355,118.99327871948955,sandy,banana
19.978909250859036,18.96256506065554,5.803616030651859,19.58295568522741,96.73827016356502,6.379061261856311,121.02597758283851,loamy,orange
61.969958527509235,21.28376929726679,35.65203593653892,32.26124503674221,84.60930562878188,5.976171085580204,238.60320838001226,loamy,rice
23.757958531618232,162.31297350035405,225.61975358345245,26.256569806359416,82.35671763087362,5.747100788781859,71.08792078953951,loamy,grapes
96.20750145143188,45.09642544481461,41.62237821518224,21.719585888614052,84.38194782699304,6.224154371369767,167.89391532662142,loamy,rice
99.8702706098164,26.500287847553835,43.56910261791829,22.603358996608236,57.91109603057259,7.033931054823845,66.76647775321877,clay,wheat
46.311263067065916,53.9933873576564,77.61563649019698,18.655666152994232,23.96456044561404,7.158121078816129,28.41125542141077,loamy,chickpea
16.487538669082856,16.781121146715357,27.488342001309967,28.55180406827825,39.399116903009926,6.310680893483911,126.91992974236189,red,mango
48.732668955019776,69.86818547149284,81.39111739761591,18.71234919230209,11.82574423614249,7.271200563024085,83.89558779320609,clay,chickpea
97.4600845484729,22.986770611492393,34.3237134722245,23.489227176291465,64.7013269350238,6.655944232303773,132.81085603381877,loamy,coffee
11.266226045575412,24.2275947256882,20.33380608459157,28.185080034391596,60.00376032184857,5.755069644278521,112.9564031368521,red,mango
155.47383782197537,61.631123810657314,61.67153287584841,23.898361326094005,87.53505917076819,6.4432436005715426,177.57340638914604,clay,sugarcane
115.5519314875031,14.675994324698113,10.691101371935439,27.530712312987244,51.58323741549915,6.501450782500787,199.22719516482945,sandy,coffee
12.56320678138064,127.55010577276872,157.17494623537624,22.46500106945253,76.10395083923949,5.93466969360998,113.8546503640699,sandy,grapes
102.5860985624486,43.642241628636974,43.31033853752171,24.303192010227296,82.454279727741,6.202406672174429,237.93296263892637,loamy,rice
89.76516427959453,53.54777244791231,41.86302416109735,25.703202678096087,83.62205943569036,5.854661894104248,214.09885279038588,loamy,rice
109.341561740707,33.98147475583706,51.77611653192107,25.44952724196184,84.46703150809577,6.247339165355282,237.78907272780933,loamy,rice
101.91032142463634,48.9760399249544,14.356818706992701,21.88291077320043,62.586202516685574,6.315009292935839,87.72822675935093,loamy,maize
72.73999144629522,40.72879809301156,31.441980709682483,23.037150169937334,84.5673426441695,6.124302263625438,233.14648009129925,clay,rice
20.585559565110884,75.9278950391091,17.886585075738363,16.00195255811881,18.24591541333103,6.297669150283394,38.75306012987957,red,kidneybeans
79.18423692818715,47.09628649659505,32.80244170809797,25.56953017851233,73.27106508845327,6.734474440004869,269.9179994023773,loamy,rice
105.67751987928048,18.412821754170384,36.356317745274836,20.859201857278627,49.48067025423248,6.491976130578786,106.70209836980031,red,coffee
87.25527164704195,8.278999363079897,61.39504130577059,26.194569733866928,83.33124569380942,6.343591483495517,62.57880442890282,sandy,watermelon
58.288928386547944,39.96759908048295,23.307150372210167,25.58203642545003,49.463533998116496,6.0102629922367194,75.45696626994383,sandy,maize
81.32735747094414,45.010718774035894,51.783628577516595,17.64738361437974,73.49389497904258,5.725171829450252,205.46957409724777,clay,rice
154.93352607817863,53.327931630229976,48.34338660094287,33.54342913434881,74.87898789976309,6.467445918207114,167.8468448480823,loamy,sugarcane
115.0342420279188,34.04125227830284,59.76598325369373,29.028412154330574,84.49589461376122,7.303220105144237,73.1220934208853,black,cotton
66.17301390467878,43.076502423437255,40.8162503779246,25.23696614902003,88.80208287254021,6.055491829998622,234.08137887211697,loamy,rice
83.26843706329088,39.28900140770813,29.465358311534068,27.50742368894301,84.09610373536258,7.15304091307363,236.8075439489975,loamy,rice
94.089387514509,14.04048748058263,48.064915746887124,23.607390465045107,95.902647805216,6.773561218653077,33.378372912339586,loamy,watermelon
92.57097378499356,18.73392568293589,47.94697971636627,22.886040071096993,75.05280787638036,6.610227753760344,45.94791561130082,sandy,watermelon
14.611893479514778,40.49330068976302,17.614395489909594,20.28283657764335,19.23451834291097,6.040353511684518,97.97456351840546,sandy,kidneybeans
17.21361678434692,85.24230078631638,13.86147398151726,23.51632683088788,65.70976330974129,6.85654313038194,39.50148150936614,clay,lentil
107.92830225322497,81.96918662452961,196.41148883344957,23.28929298289551,82.04833236750144,5.830443591530734,176.3179508255002,loamy,banana
91.93318733515937,29.28781883939013,31.173905368369283,26.410609785225997,60.54000125879791,6.530218603999958,54.75451427630474,loamy,maize
72.9321005466278,29.91855953129254,29.26095713608732,25.02663492284905,48.28411283603103,6.014472201112516,109.29685730924571,sandy,maize
11.936606529851998,63.362897006740994,22.730446154157143,21.271415973415696,16.318393624773535,5.528070682216851,104.19800532615541,loamy,kidneybeans
32.60759165788951,18.523544985787545,34.6729010638683,27.99122767043849,96.61542553672338,6.036283836156356,178.45139073272358,sandy,coconut
167.82866358510626,44.587607636878865,60.72777569941549,31.54931622564421,82.91950006577322,6.331896840919906,196.65209160214036,clay,sugarcane
21.09837414183371,29.0602140344089,38.69355850747837,31.39620848193476,55.97526894173448,5.83051061305403,64.25511690084033,loamy,mango
75.17608903844955,46.952835111826815,42.18563218281698,21.581712996725276,79.11255325680753,6.775110775966585,173.5168194906285,loamy,rice
114.14692058750204,47.79646358905648,51.30405598116591,27.149927924119787,64.47714408815763,6.999022793875518,85.88375669919172,sandy,cotton
132.96877793291483,44.20123700902851,69.46639275594978,26.530384266854714,70.33621453116304,6.831587151352908,58.6671714268398,black,cotton
11.748875497350381,20.353323311496126,32.75126049992102,32.99300734079408,54.021154790024106,6.341646933814087,104.34546396909614,red,mango
56.75639680753501,50.33258134887627,32.143844641357596,20.673102593321765,81.6495325368479,6.233592401325782,192.25975341710875,loamy,rice
20.82123992413631,63.90306673615653,22.633490210522883,19.701512121059082,11.337054895296948,5.391694921627759,134.47042873627342,sandy,kidneybeans
83.22696137214321,40.04267252697109,43.76909034719944,23.399642958505826,79.53017006670274,6.745057055921337,178.37655789950267,clay,rice
17.795522665386972,19.6903949535829,18.46067662817236,22.653344538459812,91.78528757905192,7.345174642394053,127.40538879575611,sandy,orange
27.04846639718403,138.67837388176272,186.43971082959038,23.726189244139213,77.61401234972662,5.829894913475532,92.84642374352572,loamy,grapes
94.38054557383674,25.85810272000016,31.1402696183317,26.058859152127756,60.41339775047774,6.3857330915071735,154.01150423239537,loamy,coffee
151.0812967289174,40.555206588471094,62.455235809950345,27.820282186968512,83.60459306438327,6.283816609588498,172.75087148512887,black,sugarcane
17.399333252281536,28.570178185513765,7.272747738738289,21.56805415053352,88.3592677392304,6.724919690565669,143.45447917145978,loamy,orange
18.853003386086677,56.371900171804036,14.76601869076555,23.143782783764212,62.18211904804273,6.960805538046368,48.7493153049368,loamy,lentil
18.261297496746295,66.7354011638968,18.060449327243397,23.672281976259008,65.24355138941625,6.877455559512432,38.29390013746368,black,lentil
118.63655789876792,45.26597213075729,68.77261533837532,31.865772383865693,71.94276935153674,6.718579369077753,114.26347000416996,black,cotton
106.77594018435275,70.28421040350818,203.18418261620576,29.76792513233712,76.99084772863829,6.275941302057598,106.23901432348515,sandy,banana
33.869477203074354,61.00279943710236,97.43621867291566,21.305811296489107,13.214147364734503,7.82180547884622,53.89226269248321,clay,chickpea
72.90577268972974,34.397565624078254,22.344350156533377,26.18129304786824,63.85328355389214,6.686068197091466,92.19669092701818,loamy,maize
52.34634790056403,19.200883128692052,51.69693754455976,24.895410237743544,88.04889816986339,6.578167061751358,53.13368900792618,loamy,watermelon
93.2638657134031,24.22709508270019,15.291324517064051,24.55282051741312,60.4401609110417,6.491044291902708,109.73416389174264,sandy,maize
15.75417541340422,24.248695443444557,28.123055691832818,34.457869663427545,43.42156255634846,5.712095734019738,66.78539620957123,loamy,mango
87.58377780513675,33.76584721527401,42.64832123996956,24.09214072158866,79.10325904765213,6.548222243767891,279.1709804269692,loamy,rice
16.511582572298895,60.92304433878928,22.57139618846731,24.332470572920734,72.86922876168714,6.656332715383312,70.59626123939053,clay,lentil
109.88365876721309,72.01103138754593,41.98977808255216,16.4118768016851,50.10556093232164,6.061201529123749,69.42808454387591,clay,wheat
106.0132279046945,37.5271285361619,15.211079853470997,24.84554590019307,65.12363945643106,6.4985372137362925,112.78095111422367,sandy,maize
64.6747272301012,22.343470764923488,56.2928428301985,23.368516092170523,77.84146158561437,6.153419767043082,50.33277434975307,sandy,watermelon
24.921582646560037,17.70913959228203,29.685341703507028,30.057516338752563,96.1241965960304,5.990635197540686,190.775595225781,red,coconut
71.04682092016984,34.99747568861483,44.089774516380274,26.173793979799704,71.27975493179153,6.150926145001949,259.82805543599693,loamy,rice
66.65106233619899,54.52914362471092,42.10199380117711,26.44043021017483,71.53248407815485,6.570975392623272,238.1768135285745,clay,rice
91.09559800589116,30.14618558945613,51.57079171249646,18.421692872474377,86.90635998966877,6.28404199100318,58.979943287154214,red,watermelon
8.446606513731501,63.323670937351835,23.859269852917237,24.00102566723482,54.46818556990527,7.070571261650398,45.80405210160578,loamy,lentil
30.687361565489407,56.057048417404786,17.615579884833608,22.646176675388585,19.12605423640871,6.016660512689937,65.45714069775144,sandy,kidneybeans
129.31735533724668,50.15611270945757,50.70504693703361,23.84421653406053,70.36283642357445,7.34047701335168,74.58536417203433,clay,cotton
25.11905694970409,25.555562753077798,20.560821081897984,28.9592105854254,54.56122159959771,6.075454281631906,97.72745111129967,sandy,mango
107.59665889020063,11.352384537840198,53.66135182360282,26.1175539906107,83.62705203466618,6.619303389513715,46.225132236896215,sandy,watermelon
83.65660495705318,36.68012715007603,46.00360956645166,27.82169414917364,70.29378886807699,5.679128197255073,225.11361612669143,loamy,rice
16.61281642784117,18.943993334406173,44.86564741956545,23.640014465224805,95.46702386490678,6.103033933381435,213.8355913241505,loamy,coconut
91.42980913198214,81.35813262188768,140.081605763819,28.59472997839896,66.75590535041796,5.575377627503106,144.57202506210322,red,banana
89.84787547301957,73.2579295297369,249.5315863680481,27.502427594592383,83.2159525612957,6.16196549617477,168.2007323199311,sandy,banana
15.870606331835518,108.1190406204582,169.08400808001284,32.0799547750852,89.86904066653986,6.402054770067364,59.88089789519657,loamy,grapes
74.49391408220839,41.60181017765527,42.512617790958394,24.262715499961296,87.71232191883934,5.299289083752381,186.9317981233242,clay,rice
26.13188116596698,23.97576152355839,15.247488869715252,21.183964777359595,91.97804295890032,6.00823097337453,105.09974903498598,loamy,orange
107.08676521532952,51.523003725473195,46.37818048935424,18.067002836286967,80.43891591058811,6.860538773462697,78.90564196979409,clay,wheat
85.41690659225134,14.354616492682942,45.62831508377101,25.479630163906993,83.98011550993755,6.156353325985465,28.26889024532909,sandy,watermelon
82.15745853492321,69.74692996371584,248.34535996864187,24.166540930671733,71.11295263109768,6.282765465349585,147.06522265583416,sandy,banana
109.69607250207423,48.30778634484403,53.89830847375546,21.217436592849758,61.81110155081537,6.441093403415415,67.34056187772052,red,cotton
19.807921669019606,21.99690784496396,23.13946056489514,27.956347129223456,52.05660158939944,6.207921501422254,59.63669205139925,loamy,mango
10.664907879066792,8.976949499814104,14.986009669793988,23.38647345912678,82.34795149115088,6.769446183439304,132.01379333491326,red,orange
20.59592290593061,72.76210809153385,13.671766327717563,21.21823906618872,66.0919359520458,6.514011336764933,47.14394379236146,clay,lentil
113.81949071644941,25.318318484772863,43.901874597888956,28.302385528903635,87.74840409775508,6.792360982838023,43.89744872768643,sandy,watermelon
31.153318542783055,65.6553258083005,81.1513136750781,21.83324760562082,16.683011415063504,7.791357747333754,65.1199104432322,clay,chickpea
27.01093358497081,14.374293205779278,13.215345690501454,17.491957144129604,88.52202576516075,7.050390886603135,126.58019074566052,red,orange
16.99025684197243,145.48589337266034,194.14738604774558,23.741471312233116,79.13310341712386,6.138527341476964,64.35265326043357,loamy,grapes
20.681313067105947,121.05379887383603,227.27773148708116,22.994766027739395,75.86452532284852,5.931107926860648,88.47892486311808,sandy,grapes
56.49690271523563,44.90144565656551,38.232261457709164,24.6897396592761,81.8321052608187,6.290223935804073,257.905984393932,sandy,rice
80.06051915617302,51.46237056965508,38.36584409754161,10.438511009164966,59.06129415110974,7.18613684489711,125.56712950417901,loamy,wheat
27.413245113263574,128.54281607495184,201.26151347009903,22.965606735019588,90.2627203871013,6.000754594937727,60.27583938884344,sandy,grapes
103.31502127827966,50.92227466922333,49.69627162424197,23.360898582454055,68.30533597548074,7.034682876702522,79.45293476137961,black,cotton
106.35258648891767,18.270064652948086,20.742289575864888,23.629040048191488,62.70005272191382,6.400388297995656,140.25470413884418,loamy,coffee
68.35820576418305,37.89843475428352,50.68627469056186,24.42596803991482,90.42292835239934,6.022985715243126,278.20182305082847,clay,rice
155.2960854345318,48.06695772799576,60.398317682231344,27.09965472104496,67.10252506005975,6.571060550648521,167.53522007282413,loamy,sugarcane
16.421134124188033,113.6270581515163,214.89202752425751,18.78465037379452,75.42807130846607,6.160294238481594,60.55938201584128,sandy,grapes
22.633873301610954,32.77884583905032,29.413161643385802,28.881986511640854,65.89011744391622,6.002634462439821,112.98904578994836,loamy,mango
69.04660405847923,49.99635017911515,10.632782466866718,26.171432897910385,70.19610140341352,5.986728055313932,61.57693546473914,sandy,maize
96.73838238572739,38.99103004695425,23.143705725156025,26.914856936297383,57.38682166213046,6.523816148246467,104.15469396437082,sandy,maize
85.86206099158454,86.46189377664864,118.41833243689933,26.114405356936757,77.72468343518725,5.801676801044725,185.906365231935,sandy,banana
38.92778223352507,58.91760270662713,72.23525591851636,27.015290139270057,14.682613749104823,6.717205831687493,54.52667810401141,loamy,chickpea
14.951400383266812,126.89608757523398,195.94452858470672,24.638831709691928,85.75447693327118,6.037516857333567,83.15059866063797,sandy,grapes
94.94069488237065,25.43866985164221,29.685167517518458,24.263487720675194,55.8026026860325,6.390995616476776,133.58670110557046,red,coffee
7.440193475013375,27.44525791639413,44.717838757707185,27.43427150371858,89.7609806487737,6.263105129747884,149.18370502805868,sandy,coconut
103.15775320362276,23.900463474398116,48.53450321147546,23.41337191256231,89.62115742975294,6.204733436939347,44.727701640735226,loamy,watermelon
18.763857892304333,19.754835529593795,34.0043354350387,34.293399045087746,36.96205962968731,6.408929998086593,31.57331210635796,red,mango
25.96656781841933,33.776205738770116,25.70370453332852,23.591959351681957,44.60194608061531,6.219141671122799,93.33192152542918,loamy,mango
15.897896424937061,65.11640277471764,22.239915318470295,24.838392335011026,73.03149284777095,7.048361017911288,34.6309443122618,clay,lentil
28.899446541409823,76.91977628485236,15.379602190625896,25.41080390169475,60.54009023165163,6.718349534464867,28.049995192616414,loamy,lentil
88.28582424881321,41.58197882930773,41.268317528613714,26.87677118190201,80.14392076167857,6.382710095022965,193.52296235733394,clay,rice
10.042418970041572,51.556529752354365,24.19600677576132,17.85028382673986,19.404471297235126,5.575375112805725,90.58687853517435,loamy,kidneybeans
112.56262119281958,28.009000640893152,62.3779835293755,27.72905268404458,69.80240281676504,6.513525851171026,55.6028496778573,sandy,cotton
72.85819406354008,54.77484842091394,15.536834437426194,21.913845420854468,54.44837180222398,6.8204633394608125,105.83553852568373,sandy,maize
136.91506345207813,65.4926834888581,52.00856166971528,28.36048280013713,78.11648897172913,6.339906876037658,205.19129809679902,loamy,sugarcane
48.58606265431326,60.93866354529014,69.7149575905873,18.348569160771056,17.386720898601073,7.102100627789715,73.30930258992986,clay,chickpea
25.89355885653,125.92111374641954,211.0168040089622,25.63445573577147,79.82023380976464,6.344522324246202,88.03260747146345,sandy,grapes
150.6446537252983,53.80508089560004,41.356268022446145,25.76163830530454,64.36420453209223,6.597624090392707,195.0995209216256,clay,sugarcane
119.27477423862463,59.67135877905253,73.9282184931697,28.050287371785842,81.97036082164472,6.561519072214481,227.62287984423443,clay,sugarcane
19.30475541525059,13.427242036194857,9.546234226518024,25.646762801557614,85.5412028558848,6.374408953304163,94.30586692718974,red,orange
19.1975355061632,31.966721692158877,16.361078926899804,25.157941701168177,31.733245243003786,6.3143939900533335,111.8416734447184,black,mango
15.644850675877166,50.27597712923444,12.932413381736737,10.980755652877809,15.718267682482711,5.988248169001553,63.03002935973434,clay,kidneybeans
15.856996025524627,31.731853160123357,8.26725858590628,21.42802551649241,90.56861452323587,6.889292359556149,111.94387157539903,loamy,orange
12.45059687609422,14.814650224975788,6.954056683684309,22.03040299370266,89.51811684674296,6.784346256699971,109.87835704446768,red,orange
122.62115776816142,30.346813407512414,31.87672374584354,22.72314158546289,56.22688079319245,6.7893359563332085,103.11057445082753,loamy,coffee
154.24860236986072,65.25686684233466,35.74091595065331,25.52633607360129,74.226821920846,6.793804364523447,164.52760246127485,clay,sugarcane
19.527585246563735,65.12628107402114,20.155674264724887,15.454425073942076,15.757041775862039,5.574389123904313,99.44264485098904,loamy,kidneybeans
147.2060410547208,46.92911753600018,52.85898348083137,29.155043883992512,79.05109347150679,6.671420171628695,89.38879917239863,sandy,cotton
19.51712924456503,15.839909894436085,37.460797101439134,26.942783929492457,96.53011310390255,5.913467849786849,170.40564278380597,loamy,coconut
136.06743259501957,55.52366323190136,65.5623913497328,22.427839498855256,84.00736202769939,6.360362334664033,195.97203918713572,clay,sugarcane
90.88028819103988,41.950757538380564,63.07748590815058,22.645640026880184,73.60427984348921,6.926389801242402,119.28760640713205,black,cotton
12.458097947783905,65.15318669721586,16.32963265928236,18.955434200389742,19.862661861963314,5.950362498134264,97.3620693001292,sandy,kidneybeans
113.41856485172141,12.575248160641538,24.256317755077387,23.893399314230198,44.069143452494835,6.931038109425369,121.1125833760253,red,coffee
108.64104255342086,66.73974495271047,43.470152977715614,19.818127487475245,55.41118283453674,6.668843574947515,71.75730986712165,clay,wheat
14.348110544002974,156.06024860173804,192.69891314269051,18.30143968723857,88.70267338839281,6.420559688289967,56.40923499599484,sandy,grapes
29.80068624828768,120.77075330853488,242.4815517235788,25.3048984659753,89.04232399816031,5.903988673637486,82.66712054445644,sandy,grapes
88.67226762697888,7.758179971293286,32.58364234320035,19.912683827653744,55.59117123891568,7.074749715943527,167.37281710526216,loamy,coffee
110.5345418053202,88.1093834988644,183.44130528300258,27.636946825548783,70.88477861853038,6.19990031872237,159.3116389111844,sandy,banana
36.81777668847833,68.72325560060305,88.35614927886245,18.65825082084075,24.883599235588104,7.395659713853384,69.05728079165299,loamy,chickpea
126.24630879169443,61.29580854227459,24.09699336318923,11.940422371156265,48.232258065621274,6.162809819487943,75.88379839112078,loamy,wheat
117.75189943712763,21.010429371093235,45.64678469825126,22.40837087513566,91.92445250301301,6.608506314601658,61.92501562339606,loamy,watermelon
43.02911459070428,44.55271736995179,67.74608200530892,23.503707591481632,18.009641415394064,6.9951216275851005,62.44385514147527,clay,chickpea
150.91327445487957,53.74871971755262,47.866033255907986,33.274164085940384,67.5108126049312,6.7643088825663735,186.00151587191806,loamy,sugarcane
141.28359073042955,48.13999149601291,49.33981363196843,26.656634969045076,75.56755534244397,6.79971243491109,74.31058756574798,sandy,cotton
131.4172582470948,42.6915777579488,54.93305897824888,25.015126822608543,78.32845464510181,6.62263466753306,114.70312689875706,black,cotton
89.648426379218,89.18070554124763,201.1389455278399,29.182410181172326,73.88850663969188,6.422002262688292,168.20881823603833,sandy,banana
121.6752999784255,67.68945141433126,60.005302075330995,27.544970130720138,79.14260713251706,6.098021024319883,141.32539034014457,red,sugarcane
121.86387836945798,17.529300765855705,54.33930192952655,27.963681642845337,85.2747922483623,7.277318650373711,33.715532370771555,red,watermelon
115.43273396253616,11.46416201126726,51.949726909662495,19.284986025538544,77.6273093463642,6.323370251606848,58.61892518852632,sandy,watermelon
27.47002972279017,23.24875899638317,4.573155162757145,21.570027703453505,90.20764230076519,6.44430468225916,73.64314187861822,red,orange
13.761391105571063,16.130425335728944,12.948630233428851,23.51435128745647,90.09120452090914,5.95543913941288,93.12880924596047,red,orange
9.06780889837448,27.86848228300447,27.599008105630055,25.874155360293965,50.50026730267017,5.882019921970918,83.47440120844712,red,mango
102.43484237476996,17.527687786025158,52.165854871683685,23.143242557424895,85.91996178887572,7.26155166949528,59.094805448965715,clay,watermelon
108.76956678519895,10.449895192105231,45.9895653731977,23.613920520584536,91.02371541699723,6.317528375294107,50.42894541657586,loamy,watermelon
21.699378663460177,23.2210673660721,12.05457982324948,24.25111672084247,90.93352871411854,7.241200078645156,106.29062546024348,red,orange
119.31193395772708,21.458844838985264,24.59157757756612,22.41119320519902,60.39881875339263,6.538678513864728,163.29123522767725,loamy,coffee
21.49003120259462,26.4341057728083,9.53573168301726,21.883842080568808,97.16302984431391,7.351291735286578,120.63537461529731,loamy,orange
23.7692563785587,22.14968158028635,9.031580677029288,18.726908985479536,88.50567607868328,6.452301222444367,132.75986799545228,red,orange
113.87474870983134,19.499281357960765,38.28560705511704,26.67265229095625,61.67184615093313,6.397409154045939,181.20978696659355,loamy,coffee
159.24711422668727,52.89742248226572,58.34344187375851,24.003647711770412,73.56834922578761,5.99536997504088,124.5638964058375,loamy,sugarcane
75.89190873603341,44.34729784251903,26.354782271875862,20.153024982037966,84.89240101315315,5.990912521532128,117.41022632717731,loamy,rice
103.71884506778508,20.659831447536046,33.462615238347496,22.04638047276975,44.832130445330534,6.704955374612291,134.82242875552043,loamy,coffee
116.62902368680018,46.29924840674181,53.99231653962401,23.908453492837186,71.74557713433167,7.297629268002359,63.976481054658194,sandy,cotton
21.49322646059874,36.42150524167122,36.33920905912323,30.431962077934717,52.80272827561174,5.27143321465287,102.30298151115375,loamy,mango
105.74342642742538,52.315468252783205,46.79736201958795,15.87417239077282,70.16306900381333,6.648105620860147,57.49780715610608,black,wheat
90.60193604685688,4.195465910340971,41.930945739406624,29.80662928409792,86.84300106479496,6.387042843396471,49.78175786568025,red,watermelon
80.07606874834723,65.78138981276666,41.7846379410022,29.299643519818517,82.54912106903924,6.432310838131919,217.72867222429232,clay,rice
80.03730260222764,39.00149329372386,38.11336510260118,24.447472760454335,80.37906922397742,6.9085364969070735,216.06215990768482,clay,rice
91.60755145675918,14.599897458976258,34.040450769597015,25.56089636122014,48.95588802795854,6.084926132089753,178.63529866863044,clay,coffee
173.00738335638087,47.64494292356963,46.778661019167004,30.388151852458982,73.48971063656525,7.315509475527154,164.21383083617593,loamy,sugarcane
21.16208861065452,62.65693480169926,21.879383183761668,22.826594247691023,63.06760660115448,7.228053463004511,53.976297692189995,clay,lentil
145.84634842158763,43.236203339309455,58.644643498692616,31.373360084134205,74.10205406208826,7.477737480837373,60.16524375697266,black,cotton
109.49267146636308,15.012569504190605,26.53694501455223,22.935457186757244,67.04779542245016,6.487771044778255,191.17329541692754,sandy,coffee
14.59280655164352,66.94220416420946,16.644256024346642,16.56719312000046,17.003317678375133,5.902794159758441,118.15938105131099,loamy,kidneybeans
19.73356371026491,25.961112504694697,10.013217736335093,15.85757352185706,95.39701828522857,6.822594528810143,100.5942597157879,sandy,orange
25.864304814959567,79.21626978082209,75.98745060680176,16.747826145204662,24.213301467181168,7.806063978195331,65.3667308287968,loamy,chickpea
31.262541383304335,68.30519528587595,96.1191047746749,17.52861351791887,17.975714095158626,6.200225845584578,64.41606199272739,clay,chickpea
98.58318778512732,72.59501041517606,212.94760470445334,26.17908681792197,78.21721583555896,6.225209994503423,162.42775699756487,loamy,banana
123.84355229377013,51.46147979130149,55.07783146824392,23.625608315083404,70.43953442236507,6.606489193853825,217.97830752445796,loamy,sugarcane
116.88266716919435,38.91172877098571,60.6563258007752,22.18460039562475,60.941969119639026,6.766444475395415,81.48694391720286,black,cotton
22.82027457246135,10.517602307647635,12.144262538669981,25.310547635353167,99.44846323411284,6.4566240508179975,162.14489106523072,sandy,coconut
25.805302495946812,57.43216127693022,20.0259322432951,18.586142747816396,22.809064723024914,5.3930200447182655,64.15030784396879,loamy,kidneybeans
101.52753272701929,18.81731243232393,54.60423081530647,29.487897879465194,87.06944494807149,6.50686953814234,58.7756106502587,loamy,watermelon
76.9423863785367,22.036848764468072,39.77151813507202,24.41267360312805,86.0306152039188,6.615639603421629,55.180812674445555,red,watermelon
16.980646791819037,160.17888044405282,229.41848905010616,21.4841978488653,85.33141670322705,5.821813455675634,70.0403623962204,sandy,grapes
112.181443190269,40.124822201513055,45.42722300237307,20.561209470662945,48.55146021638748,7.139546369054176,71.79246728109473,clay,wheat
83.42163798623693,44.04755854996528,28.803087504254254,23.54316043288865,80.39671274429855,6.336297025500869,134.6329598556182,sandy,maize
106.89617049173233,18.31209665557396,40.75259966138836,22.356386200170796,41.60767095847842,6.924130406707408,133.88741641144537,red,coffee
65.86035652262161,51.25880273934129,38.47479153995872,28.51374128040196,86.50521393238756,6.928258463058721,249.23098764554578,black,rice
144.2915273710994,56.51954511280529,58.11845376430818,26.094957671607464,67.54938210416658,6.778829682437744,95.87614495835813,sandy,cotton
68.94979522629046,51.840154594378234,45.11701127598322,26.32763687261216,89.49799160226266,6.454148457144511,249.60056945217343,loamy,rice
80.14022836755355,45.959304849515654,17.050066310207093,21.67739438901766,67.55736489302727,6.402362740041689,106.29370353507599,sandy,maize
106.74647739051696,13.402193278684294,34.22198393599523,25.74157519370387,53.296287706031215,6.578119273912587,123.1416069032738,loamy,coffee
110.37339878499726,45.888974549289514,88.0446249273608,27.180708148132076,61.76304333067708,6.2669799426607335,96.93380335606913,red,sugarcane
12.071063931911663,125.91716650853074,174.55194284163917,23.92115872113696,78.22525237179349,6.055510814209591,72.32722192339646,sandy,grapes
30.115984567932514,14.91958680139793,30.39318571086935,29.390201507363923,96.53026461478072,5.812864877925532,138.61225291940866,loamy,coconut
148.5024049487277,87.19870824150382,185.8668553527561,28.25956364857056,82.03997499634491,5.722451783265834,122.17602108337955,sandy,banana
71.75007398159764,24.78286705672543,39.46179888573927,23.051266371187,62.170207443632705,6.513160510375796,157.25725185044598,clay,coffee
20.363821385541684,28.839603058714935,18.574746849728403,32.27982424614254,56.11238111859798,6.3898756553114495,102.49722711851494,red,mango
17.79329201822449,116.55660177745062,192.74408832443336,20.625469097126896,82.77534768713546,6.805312982038901,78.26296608538355,loamy,grapes
22.92670787451329,21.713306500797355,35.58074441510603,28.45832961317712,55.56113942014372,5.264161802965516,103.37440225572186,red,mango
22.22314441277484,61.96757847516937,19.856608561626004,17.842163720833835,24.06522104885393,5.63737576084165,76.04627328721648,loamy,kidneybeans
23.255092661213304,86.16820897771672,14.037590366087612,15.931964243347975,23.093989141002737,5.919170215893697,134.00277968350036,red,kidneybeans
21.384531324489092,105.66745545684279,212.16030871225712,23.33526409232438,80.41304140778341,5.993190141018832,73.06828642129382,sandy,grapes
21.30339105769116,79.42744917391865,27.821205384505827,24.991428238929785,55.17960785894253,7.609009172480855,32.78220077996471,loamy,lentil
32.88167738962242,50.31360569684708,86.32868323557288,16.649796838310138,31.297656144984117,6.865570566955008,46.13926287527945,clay,chickpea
88.67495465950293,21.12067339453678,29.180948159609756,23.61809447425699,48.55367973743995,6.595679044226665,180.10987466213376,red,coffee
54.23253164313614,43.69867263564074,31.500684705123497,23.41168171790178,76.73883533099448,6.162294978298977,149.69086434573475,loamy,rice
108.7606061388299,15.696209844378828,20.920479729577863,22.387457866595753,56.07171645961612,6.86488285568812,187.76932486716305,red,coffee
20.25526341021813,122.75280137558329,205.67801186259842,20.68334988266923,70.7191593488862,5.89664482839005,80.83904044915023,loamy,grapes
22.60189565295225,19.150365977550194,26.11969732350928,26.22406385528451,89.99289148089402,6.346108854303267,183.5047195685254,sandy,coconut
180.80986828649074,41.79865350022501,64.2592229798611,28.74518219513962,77.33521613272184,6.994537265044376,216.47488079241265,clay,sugarcane
98.81726119592189,54.54659528447786,24.472993439149896,22.91628747936877,54.568086662955366,5.952722627743688,49.11341878855355,loamy,maize
16.88230879222761,112.36592487533983,209.81319190827983,23.525855625931776,71.3008069553751,6.297874998060578,67.35568060518256,sandy,grapes
79.88572929346284,14.450723287505152,35.4635743451066,26.466120549645545,69.04433752618274,6.811920607979012,147.5133139092594,loamy,coffee
83.01814856605716,19.32971368709587,27.092199968309412,23.802729912129276,64.91527082134995,6.989250349220497,191.95330951150962,red,coffee
18.79528749027046,121.86214180113495,190.9459504140162,20.638712417152114,83.82690487998053,5.97078602473887,76.52508066705101,loamy,grapes
116.8574270281217,68.06285386519303,71.21004406916302,27.682054600033638,65.22730562585184,5.9773349738174995,185.1188835115378,loamy,sugarcane
14.966863342924894,54.51805754256781,17.201498644250933,19.083593652161987,27.690980664693264,6.115726903839751,104.12024364218257,sandy,kidneybeans
146.57168683047286,48.663679150548546,64.25663812636765,24.744165821014196,79.43843649255322,7.051554679842484,228.93136631723857,loamy,sugarcane
73.33494908254912,89.12193378332913,203.9929096098885,26.912314737950076,71.79140435669649,6.2293116889028814,159.91285199207815,sandy,banana
97.80475414239295,72.49011179411639,178.29422064963217,28.580860429368467,86.93822422044863,5.832999492326975,176.60621514913285,loamy,banana
83.36144299595489,46.6743681852164,42.71674098604147,17.287586132721465,43.69193121401452,7.195625848550216,20.22377126113333,loamy,wheat
107.34217387193493,49.97806998616165,48.56401744366071,24.043865987790358,80.31844944423744,7.041848464310009,80.30141143503455,black,cotton
106.17784418279518,74.89254169023357,43.57936568961903,12.704031621079558,48.814439065256984,7.003647027620388,101.82231223362572,clay,wheat
92.3300278670096,49.70625078539793,16.637303187181548,24.124188801954215,59.98349747677315,5.9856093568274575,82.75310961312826,sandy,maize
117.42599102437394,51.83967802531751,44.38921065560524,26.337350380347424,68.80992492411643,6.84443527491796,101.96812897925676,sandy,cotton
27.634742593034705,21.00040668880866,27.28105043594145,29.251776440824504,96.4095484605431,5.95686118043581,152.45216569299524,loamy,coconut
20.89024087063701,19.20022483015385,3.5292260600466916,20.139827829639827,96.1992952461299,7.06791138508524,112.69536815632185,loamy,orange
109.33738934859863,8.152888618653503,15.360558701364946,23.756143366666016,56.310053763109764,6.708920692220699,130.51477529291014,red,coffee
106.59273723533471,5.903890893279193,53.63856780509607,23.25490581769121,89.49085912328329,6.622457140826052,24.113486831726412,sandy,watermelon
109.2445529655332,14.922130561109586,55.22735608895481,27.80669807696838,86.37231769404272,7.2187722187056,24.303090084801315,loamy,watermelon
23.466102442698702,17.28582470134035,38.344175093207355,26.94148534407414,99.23312918027709,5.913343981690054,118.89599352199191,sandy,coconut
161.6439466119861,49.786641677979965,52.57079232090964,30.224099592792715,79.02424342539751,5.935755959715629,146.14693091085837,loamy,sugarcane
81.10079948421034,8.185540270835883,32.103265621064125,26.766229082138477,58.634783072413754,6.925318941568083,180.384274626108,loamy,coffee
122.23434699042689,73.00413078836162,189.88332825834914,27.143242057021368,74.2341731001647,5.8278542390121135,172.3564035260162,red,banana
67.08505759617478,38.985953217491996,43.17626640012393,26.666746265950373,78.26699379847445,6.59496205801856,266.30031032084537,black,rice
91.66074120066702,13.736263444594801,56.180917304612684,26.161968162975693,72.48276195432221,6.452668770870707,46.50623544657144,sandy,watermelon
80.07407191805336,69.7697536811318,35.16293010766043,15.72623166512901,54.47357343142252,6.826872443861593,67.26632715023435,loamy,wheat
103.4683631394178,22.078705159789536,26.096297149218387,25.65105081475815,43.65786536719858,6.183016395562484,88.06907970473753,red,coffee
101.92159187403159,8.77299928933714,35.15811975658391,23.479176572855177,61.7182308968042,6.694045479921847,155.42809729991313,red,coffee
151.89272450008156,72.1874015974911,56.82970380210166,26.04042128131254,64.51298230909273,7.12094680266499,192.6423272114562,clay,sugarcane
115.46988813954901,46.50358964864115,71.54732102545162,29.763753837740865,83.0444219636938,7.123890853000516,156.81483878580707,black,sugarcane
92.30588327515328,89.4631489793392,236.56293331549944,23.24616804775853,81.29868156589315,5.963635558582914,129.00030511184482,sandy,banana
20.49741263644499,124.84149113831133,203.67938533267662,23.708024385260522,66.4266581454398,6.193957723757847,72.24913294330376,sandy,grapes
23.38720181126462,136.43079509359222,189.0159073714927,23.54370246313953,84.01903126505475,5.9903405605792175,76.19284776996335,sandy,grapes
94.05754069567566,16.51269577015864,47.55797233946115,20.48232356905028,92.35884627747767,6.723616192652964,40.85967451102875,loamy,watermelon
92.52447892929149,49.26059836300583,69.61027676619906,27.62456323386652,75.82538868766221,5.293447501391915,168.23239145591543,black,sugarcane
18.665032909940496,67.45597635080867,20.358730164671325,24.205963633386926,53.874746012239356,6.039638172998436,40.516691461296105,red,lentil
28.161921096531724,17.1200030648274,32.47195832522568,26.278009856469446,92.49267489412635,5.62412809103531,123.30051637283145,red,coconut
129.4214988170851,44.27948227626322,70.15662283385663,25.09284257143061,70.1075856381533,7.002163084194657,162.88251894439048,loamy,sugarcane
16.79739412864451,126.15559586396162,168.15365078900376,22.78089443061652,68.59733865234361,5.8956939494533565,73.65393988067008,sandy,grapes
95.54013566625899,56.28610283449763,48.805184792894536,30.0782159104606,67.65036374366743,6.649798139241696,109.26246500930934,sandy,cotton
127.48533901076617,58.14278535082546,57.83000382697996,28.931978035593705,77.03492665844225,6.438793847226949,65.73335859060911,black,cotton
18.087961456539176,58.643309020021675,13.086309148506867,17.736217771740307,22.480165385213088,6.355138970153126,96.71998130010431,loamy,kidneybeans
108.7424417016,38.76520220066696,13.736335571188148,23.84360431513379,61.27846069298089,5.938997397422683,82.3756695321725,loamy,maize
110.59193543128404,41.75784587640535,24.505295675038518,24.06854807141217,80.28266230095599,6.124030463591097,175.46447832312606,clay,rice
5.317273205073969,78.02381515907366,20.677313132148203,19.367959964624962,70.78823077383045,6.967793030733185,49.57475158293661,clay,lentil
18.63547621546606,56.02620237765036,19.00584198510564,14.184434446497345,22.9851580114699,5.263982021846527,86.1175709126897,sandy,kidneybeans
31.36834250361093,48.71957786048789,76.51830209163325,21.29234321650537,24.437765197433194,7.6128512956378955,42.97604360196729,loamy,chickpea
98.170878683623,34.26996983114461,21.97020783698923,24.71496385314531,57.06965529446314,6.290925889869741,74.43649618336117,loamy,maize
97.41474291619633,60.11072476064637,218.6962338548293,27.839993500139986,76.33758415776876,5.969872887654645,182.8439924556697,sandy,banana
15.593979351333573,21.537798762729928,13.36813180549683,22.280795772518086,97.9158629374606,7.203207766584547,104.17181205342338,red,orange
18.397931224163653,136.02771170597217,207.81861103688263,23.76243628307086,77.07781695730493,5.834707623744356,52.99525222719062,loamy,grapes
87.04432330468839,8.708656184780011,52.487651617196576,26.5957616533586,88.65108380980617,6.6653523144782385,63.872601308843876,sandy,watermelon
16.22852285447997,138.81941419619665,184.36824235549608,28.782193261981266,70.85632558154396,6.5146440719040735,71.34982703663249,loamy,grapes
77.93133947639643,57.130475652045334,33.83069790320044,11.394392670308255,46.00687585468511,6.802212455451708,58.51401583564793,loamy,wheat
81.19372967618887,44.31119478543161,46.32644897352064,26.033935678708158,86.00995610864798,5.924651087107696,255.91261633642193,sandy,rice
18.569195375966668,20.95191038037781,24.73935198979516,35.8279257192781,44.46242090784032,5.057761858245574,120.75413771213483,clay,mango
118.70925950488004,36.27824259129426,46.534707868658586,27.2304233279722,74.51401543226781,6.18277848954777,182.3677563804968,clay,sugarcane
110.22857574856792,21.773462530281435,62.52576451089509,25.595642666351466,84.46542686182622,5.762043926001739,25.664873544055986,sandy,watermelon
24.11018660749399,23.001283905100603,38.41514016087579,22.0706096390416,95.84468684874399,5.7968973543156554,204.9503356180453,loamy,coconut
84.4412612117181,49.975562825275034,12.888892516806095,15.25423208499773,63.20064904276019,6.4295961025088575,120.23161421063443,clay,maize
10.12259415299118,30.887008038573406,31.805175405689514,28.61522700256219,52.62146949622354,5.309446705911686,131.56605856941,red,mango
90.36593616437825,42.37179821501685,39.50940523336922,21.841304467888154,79.99326296586474,6.720017837879584,243.30620967950827,loamy,rice
120.95908834716533,16.460311017032968,66.88241299140668,23.84256231672149,92.45882351903401,6.012292218046159,41.56189133546171,black,watermelon
109.49258698527413,53.78466939292986,39.29632759215058,12.955505074611459,53.270622213424275,6.8405600133621025,79.58912948889325,clay,wheat
23.46783870985114,16.55556328948843,9.77872573585901,19.580106660618448,93.10637040722978,7.078955378524588,110.49711774656726,loamy,orange
80.4186217713083,12.454673445811068,46.92133345996548,23.96349633201294,84.35553545878618,6.809781903815564,59.991053257097875,sandy,watermelon
133.1569532899916,61.666186289628364,64.8092586772791,29.378216660026254,94.27504050971336,6.745654209646682,213.92813388765074,loamy,sugarcane
17.368271985677197,78.64785155238148,11.059626694286933,32.06433669858877,62.01383630595704,7.182873609309611,55.395274943358146,clay,lentil
112.0399966539136,54.08663879080104,54.73499152510392,25.54606743115288,80.58574321924617,7.520470853156905,110.10764921815522,black,cotton
74.82892707259751,53.32129373881438,37.485467890492515,16.892053442695698,64.59210019351984,5.995923964552437,104.43506443798125,loamy,maize
117.82317237425463,80.51633273290122,49.214072366632664,27.80589975535143,77.42681709217929,6.607047003612446,174.30768887980804,clay,sugarcane
8.767066985399625,50.80672567569091,20.051677815911773,16.775480472033138,22.974056355730454,5.435599501807431,109.28227497106602,loamy,kidneybeans
15.912195134444833,123.67273590899732,205.65317580459802,22.6132751717975,86.02486087743488,5.7199732386598,49.03920104404789,sandy,grapes
53.02142771883729,53.82845708865145,60.562575847556786,11.966506450672611,53.06904436238907,6.796835603950109,65.74834371886845,sandy,wheat
134.47019091245426,35.9304665156256,64.93710894902064,26.213056423257015,65.66882741592768,6.978841300348481,80.94461288672363,sandy,cotton
21.588536666413464,15.352442837889841,6.056090958043248,25.800227474612086,100.0,7.777048051527855,126.25306909405711,red,orange
15.185794636060717,66.50823938705238,27.973568457072943,29.864698774942884,71.69280960357268,6.947505518733448,28.66017336594726,loamy,lentil
95.08699686296875,42.16441603218974,46.72513783925041,29.96501322363456,74.00615483105749,6.6453722690480665,86.45146161182038,black,cotton
21.381263646115574,16.00029931005868,37.20852898189816,27.279340164552842,91.81473160726902,5.6669443672698945,179.17711943845003,loamy,coconut
24.777037153930085,33.44422252792569,23.443094721122286,34.354762115537966,57.57482602812118,5.8282361030037855,67.28126833993493,black,mango
47.798014520692654,78.1003969286695,88.74342428446387,22.24412438181144,19.664542787187674,7.406211459646588,66.3426349964572,loamy,chickpea
102.99737044977384,58.1721454456062,159.11682171127154,24.759627829397843,80.09716360565828,5.999022503458161,191.46937796667257,sandy,banana
149.53838725233243,32.33635664222211,67.87704845625306,25.321587770553293,68.87093378061702,6.411198245216083,63.2429592506615,sandy,cotton
94.4026366334993,7.3761182303455275,63.01193861665695,21.85269343215663,91.91385455708885,6.661042288778675,33.287846577031694,sandy,watermelon
91.75859470336903,45.62972692389998,44.29943816111262,15.144019611061283,48.73812870722164,7.278599391274516,92.68375477425575,loamy,wheat
84.8964341225752,57.93499518798886,41.04821692954736,21.992968057927598,81.34163528983426,6.185755705523964,165.41033391193739,loamy,rice
52.54565157651066,68.84723314585234,66.7641169859861,14.37893687245477,15.43918049944708,7.9244746132705925,62.19862797793471,loamy,chickpea
30.155067298311486,12.053644669492936,47.424020424476154,29.226077260988525,92.93200665846334,5.813204388730676,176.20206774835208,loamy,coconut
147.36173417161746,37.9760937730897,64.97287368000664,25.54171307020511,83.95781610969817,6.359214228470197,146.29133191350041,clay,sugarcane
96.47551009753231,50.10575205529075,46.362843310344616,24.585972301935332,59.68388985796866,7.121325689449707,71.00291875797751,loamy,wheat
20.214279779027375,20.40551126250122,26.79707858102509,30.450065884069137,91.76239208898282,5.964342521689109,163.12757563862155,loamy,coconut
75.53939964097167,37.8549550273211,40.09161033336524,24.10220588834423,75.90959256562711,7.019502260345315,291.40673608288523,clay,rice
130.23176687868926,70.44058048000524,73.8604432038608,29.333180210733012,74.24749891898492,6.747647194005501,182.2139094530812,loamy,sugarcane
108.84259385859912,8.829268762461139,52.26223795430707,23.847331449859063,82.75937125147644,6.551596624977861,36.488541710184066,loamy,watermelon
23.175970679601637,14.551212446711446,46.5180343515905,28.180934409868584,97.63477263638254,6.176174527481487,165.49779314150396,loamy,coconut
104.93648210804693,37.46304942519382,67.88720749131501,28.873645277665087,86.84259174329767,6.719824544869659,87.52562274475139,sandy,cotton
23.32325792167299,58.93538846390987,19.39957377465628,22.139496989263165,27.04760351221443,5.943223172030827,129.38218140045856,sandy,kidneybeans
17.71076410129927,21.429865255058306,21.724705570468963,33.38220818119373,50.213212016006544,5.777773121429392,82.05385247143661,loamy,mango
18.19087039473624,20.72585099466266,17.72752093422831,35.26702179069695,64.15029806958925,5.6301601032263076,76.81697968303608,red,mango
74.92042025547016,44.36225431274881,26.50132452833576,20.658662582730738,74.06380232587358,5.801101268959408,235.99096906893746,clay,rice
42.05307504865223,66.77591116923593,85.39304552942875,16.248853160617717,16.324715437753714,7.468129131910452,77.3850642995549,loamy,chickpea
34.41954234722954,56.34060116167714,63.52503700952561,19.87219953360047,14.22706226374321,6.351121788774594,56.964276908459,loamy,chickpea
131.97407959837875,79.38848816635429,228.7786387023457,24.857429646553737,81.15094374018163,5.783105596019682,171.86359789889673,sandy,banana
83.16489443871166,2.9344268097171664,43.83899115661298,27.054772058311496,61.14254820971928,6.6540460412336815,103.4522999250726,loamy,coffee
20.457201474322357,110.863540678743,226.1048906682014,24.266415767054724,76.05101653945445,6.241403228439695,103.62287333704504,loamy,grapes
15.204077405407931,15.947155183635287,27.208079631331863,25.59636033358226,93.24973721306647,6.169967397864225,203.1700636497256,clay,coconut
24.364104018645442,116.79718076295674,204.23065078831038,21.235808737637868,75.46199375728546,6.3941659577905305,97.84324851092927,loamy,grapes
99.48015472880532,35.73306578702221,35.341171204307415,16.88163538592989,54.90967322431336,6.991893006209004,103.7815016697244,clay,wheat
22.02433174270535,69.8177594967902,22.521415101997516,23.970567534583697,66.85002044084713,6.803477726926692,57.03734081205178,clay,lentil
22.101533519698457,7.1404817807450325,43.9685823181226,31.321716035998257,94.51105077977414,6.099640753175302,202.4317301015149,loamy,coconut
83.35868454341139,52.08641906487007,41.61854544446684,14.754814660853004,53.60056094396928,6.008533733244257,93.52753495666494,loamy,wheat
156.6590241524537,63.46736244191065,67.38945904123446,29.612589484581832,75.51512377713634,6.290249333224806,155.55092080001936,loamy,sugarcane
12.285677636048158,126.29037241588668,227.02094611268623,21.87644908109158,83.49690934364517,6.008318603816427,89.44387619405212,loamy,grapes
91.58486544083343,42.73284608053792,13.805617882670916,33.239377688360314,64.61474776310418,6.0070858474391695,112.89825755698996,clay,maize
152.82607429514655,49.41848214104282,64.53080074687763,27.957594222368115,73.6511866173922,6.459105708815144,179.3272707519066,loamy,sugarcane
15.02245340442565,59.312172933507675,17.040923087333276,24.61371494910098,49.32486556595239,6.587969435713991,21.03969546270722,loamy,lentil
90.0256355130612,48.51698321428615,22.886171988581932,26.03091380655301,66.8240548274134,6.150636425270447,143.0285850658417,loamy,maize
43.94614235071279,63.92466255733936,85.5433000463239,19.692016907141877,21.981697426851234,7.330159817258425,62.48188895860533,black,chickpea
25.204293637023763,16.84103259912392,28.009676021292783,25.10518367552215,93.04842102290587,5.653333087631677,168.11507773636066,sandy,coconut
105.25881830294762,76.6609486126021,234.51577750873685,29.42265038952028,84.94826817993673,6.137003957934678,149.52315101457512,loamy,banana
15.495812380975032,66.75151256713245,18.186945247815416,16.656400764670618,30.77346257705623,5.905738749156614,101.77989020949651,loamy,kidneybeans
26.34625222318769,27.503306087067497,16.54745758109247,31.0563362001455,45.52592944104201,5.650200018996487,66.37818185915384,sandy,mango
88.70581302350139,66.7610845529875,201.9580172934733,26.594344072680002,77.1511734382807,5.947584140968158,160.6722172296726,sandy,banana
121.77014629693686,29.218366206449318,54.674029137462455,29.60393980304478,75.15860569865283,7.791918046077988,110.02218964624359,loamy,cotton
15.980987234401702,17.134285154953982,9.299016150971196,25.90649281913763,91.68228016947117,7.742083268747301,99.18942639969735,loamy,orange
123.08488381329009,52.20517666284352,63.742972944741695,29.350815282891897,81.93624430970468,7.1434729651655156,88.35302929453404,black,cotton
80.56867598501344,17.334187312018646,34.12795390147659,23.569812577226713,49.998366400113795,7.0120741594406,171.9077088485055,sandy,coffee
96.91427261485777,15.186603168694706,33.35033189381189,21.09141440696198,54.00171727005117,6.559056106404097,182.10220831111377,loamy,coffee
25.592025579231862,22.472741376167285,21.275270015879336,27.874885244122495,87.65045724261185,5.846809854249355,213.61737511362375,sandy,coconut
69.68890204237874,13.469392459251758,20.22993117735703,27.651476173754187,57.91748272575879,6.973367521673266,141.44907262348244,loamy,coffee
16.80048690390382,61.95821027038925,19.722619918718326,12.907133071445632,28.141691531319566,5.7594539178902755,109.9283643926592,loamy,kidneybeans
98.42907190395191,46.46587549777525,30.204247746236,20.895522402263005,91.9055675933875,6.889466288313319,212.81923146869596,clay,rice
45.9170496398925,88.59771934329612,76.46756308172392,17.736541052028535,16.59332084861998,7.6948989411933635,56.49930462034775,clay,chickpea
12.413327934264412,25.4476227446088,27.12634646678284,27.726609880789972,51.2403700504398,6.095955792047263,81.08381964270731,red,mango
16.261585580258718,27.107270595050412,34.68463015818318,32.465813394737005,54.9846858681268,5.951529811449579,114.67155599605654,red,mango
12.264704815637703,88.79222515832443,21.51811860013657,23.563482607552597,62.65633399494972,6.678560006700255,35.869038242309784,clay,lentil
29.42243227130041,59.62806205986582,71.68714164048924,20.189225506621202,17.5279009595124,7.6575194983741826,76.28575599069018,black,chickpea
18.35604941061798,48.181537965461345,27.1154757475581,16.82084118724191,27.83700763869211,5.815495514334194,123.59063949136879,sandy,kidneybeans
21.5192270617721,67.16174721780945,21.366606282684373,24.716494999243274,28.148937262352092,5.707741670584896,88.63945132385861,loamy,kidneybeans
86.31944344496503,50.19584927179944,18.44776458988562,29.913115742864235,54.79446253029859,6.065071694894488,90.27463783818814,sandy,maize
116.75067829349447,49.36418762896074,50.951273900141466,26.308669063013586,82.21989144058493,7.0912127177307855,158.97622167243173,clay,sugarcane
76.49415325476429,14.646677262710124,45.63592729569158,27.795788464785222,54.39010457399565,6.330320392720806,100.7891387832066,red,coffee
22.229026618725378,72.71503959733064,23.46974160902993,28.75321749892219,75.64835173430667,7.829921583838367,59.6080953768863,clay,lentil
94.71324171669345,84.1507852437422,196.7612840553918,26.01322906293358,84.05725292321641,6.331035961413753,146.51073727983584,loamy,banana
139.67844330946303,72.78016076807288,72.47166917369233,27.52350185059524,66.54204038733897,7.034947057160966,178.52837179615906,loamy,sugarcane
101.57073399973568,52.15370662810727,40.09156351273173,25.74636192940325,82.26527426862519,6.118834406081781,176.7029121044685,clay,rice
109.6946415007953,82.31401643718215,207.2371816352813,27.38768158882102,78.6020057390227,5.827201829329868,169.76556408517806,sandy,banana
93.05247693212566,94.84955013783784,181.61381701900265,26.76113786420365,81.83497599533891,6.2676164681309485,198.32729564629597,sandy,banana
88.83896180622273,81.13679979354454,153.0280986969325,28.553652877298635,77.86095933458334,5.853881388650674,153.0240040165982,loamy,banana
17.32231436625861,67.59210256577923,24.460931644172092,24.317661246246534,66.06855131646503,6.238062753996831,34.20111948947094,red,lentil
32.61883720034301,33.40087215760052,32.76429299996596,28.824530129257376,47.51368413622241,6.61699274673766,102.6644384416142,red,mango
129.6233662803604,58.97194418033062,38.121604847084654,21.3148456245159,68.64752222967019,7.5993155933365335,98.73782689198161,clay,wheat
25.896339170657143,16.92507275015861,8.598338575387517,24.196220462278035,93.43197302835992,6.671882279069893,143.64030716035646,loamy,orange
125.85116135407448,87.01730031039551,201.98509537989295,27.428908175872067,73.78877697869419,5.948108536120514,169.28193362645845,sandy,banana
11.026154698449991,141.9357433807878,171.59212286892222,17.216170766124307,86.44960613993979,6.047616675168746,77.09079441053164,sandy,grapes
78.41419134842593,44.05427148130606,7.224812664799895,25.030561683684642,68.76386486785483,5.669752269131754,73.4645776923296,loamy,maize
98.29194171407079,65.56954805259072,209.63269176782296,26.867976283509535,74.22528483512761,6.012599726143227,156.11408842187825,sandy,banana
15.353668785903444,11.959121571594155,15.0676962625467,18.97492188597238,94.98345799913373,7.166406652153505,132.9446336223933,loamy,orange
23.45206848591532,15.042417303297466,30.47654773095183,26.348893685671946,88.7591675944694,5.918375975076884,185.67364583628503,sandy,coconut
95.30649466545029,60.94194240668256,49.86058656233251,26.587941039241432,69.215432159221,7.119235081632858,120.45579846182088,red,cotton
85.568843048926,44.870052508032565,39.24124314457198,14.898371503958586,59.00371619988094,6.942763539686282,53.23384413890615,loamy,wheat
20.42683088772772,155.9698661638193,213.71043852945644,19.006708942882454,73.31051694650756,5.774512387006079,72.36861867279812,sandy,grapes
106.67123062864556,53.39122972137266,80.66528731133195,20.180467109636623,76.86764003502454,6.176734914562505,93.53537844435009,sandy,cotton
127.73172861631065,24.059841897234335,34.595895513160926,24.761553869288807,56.682559820437255,7.39975090614804,174.06502894320718,red,coffee
20.593887335616387,27.415894505646754,8.958933146731933,29.443480805430838,39.088428226700366,6.650534280886271,134.65207479303,loamy,mango
26.11527119341777,78.90118194405795,17.818737676151002,20.080272400276304,64.67494728033215,6.9059228072921055,63.78677784109743,clay,lentil
21.442332935027594,19.2870266271983,37.64798884512098,22.66360193995414,45.30997714179377,6.009172140227045,75.25594191466593,loamy,mango
15.598541938993757,54.83522718033862,23.663197832327455,15.000045657568808,22.783563195179763,6.024054043190288,93.23509099413799,sandy,kidneybeans
18.04025999859318,58.75149199342478,18.541131404234605,24.72551340003296,10.0,5.683499829060206,94.92621948703216,loamy,kidneybeans
124.25363798131019,27.715408820358807,35.902980725056736,25.417619030644243,76.01525960157164,5.666241734842491,136.06992971758095,loamy,coffee
97.20769288818794,60.93851024184349,181.1947567089236,23.698385474552836,81.92194047351384,5.688512114896044,165.06002998614102,loamy,banana
136.2351458165287,38.8389753388745,54.241531524880095,23.296493160622166,82.89826220068203,7.361954124290273,84.36830501573738,sandy,cotton
9.372770969648823,74.6951613586321,14.040593445290625,22.585682442881595,26.107719329907432,5.9731998225354035,77.90030438183237,loamy,kidneybeans
99.13645356391893,45.707086294524615,38.92936113795973,15.993485774512388,56.100996841658365,7.569450888169087,68.52155052142898,loamy,wheat
23.12368840459736,19.79274239785035,22.800971922068257,22.621060384839453,87.63781276861461,6.887509907131205,148.79211779363854,red,orange
21.796120342219254,20.471378346415385,8.347208188097618,19.467763157870092,96.12888104221946,7.008793092228793,133.7181983953742,loamy,orange
94.00055560171063,23.01954631028315,65.01227099315594,29.349435491112867,74.24218382613216,6.368891972341966,45.049909665373875,loamy,watermelon
97.6223141415029,25.38334785559021,19.893979057498413,28.671991907894537,51.296947243706704,6.6348043416503,113.42602746457175,red,coffee
97.22452278690014,33.92701258393176,51.808281797384666,26.1953004014002,59.946341113173794,7.227736368069777,63.27358884237043,black,cotton
93.25615058483037,41.701305022362156,28.665263259225007,26.331438128149316,84.78021883619613,5.587713897097317,229.17926861854426,loamy,rice
13.961400118253586,169.02961117237655,206.372531356105,24.39274872101475,78.22872439717847,5.826699184576461,85.3833753357655,sandy,grapes
102.5956928106022,45.098763659409116,46.08488277559428,24.049258509219566,68.05829945763787,7.090847815151789,78.5595474272373,sandy,cotton
15.444609472940284,19.222353031844534,16.19767981495911,18.071553114701842,97.99333643111805,6.770092312566844,118.64479803145497,loamy,orange
103.71677588270322,75.95807511155898,195.49663424706085,24.834696551754487,80.53612974785311,6.141256348324057,166.02466376385016,black,banana
121.86022977908408,54.717771795982244,50.19694056866919,29.30201609316172,72.29298133047735,7.496626606579507,110.81782905278816,sandy,cotton
75.0263232099697,50.07128302186994,40.023946329599646,26.020629930605015,86.02047545321314,6.050063414840956,250.24992654519224,clay,rice
108.40792412909266,43.671565451478834,38.61653509728057,18.656589440305698,56.970224731950864,6.997489085784099,63.41610030950201,loamy,wheat
19.819859616541386,10.496912528621268,28.002750415320353,27.659310096935993,93.74131723866934,5.918281270961261,191.95906409257216,loamy,coconut
101.1368732494653,58.97361459020024,39.895108552026635,16.73350877975257,52.993739726577815,7.196990645433221,99.5032291019971,loamy,wheat
30.010059114338308,68.33549011636205,81.85513306584744,21.062957453527037,18.730559154462235,7.397057708529545,73.34924998516331,clay,chickpea
81.78587586168302,29.536629888795197,17.267112506871097,25.665472592555822,53.27642197959618,6.55250989204863,112.70983243168261,loamy,maize
99.02257572788963,66.70280420787749,53.71451743987453,21.949292376107802,57.699945110550715,6.3979574444618486,89.37243250782106,clay,wheat
134.7634561372851,53.37849579024718,43.08555902298147,24.70569294073202,71.65428761202703,6.231069759940872,183.53508226552893,black,sugarcane
134.2674775616839,50.651041171396685,53.35814262450106,26.87598815710827,69.63513868054817,7.148500644358022,70.59303925281303,black,cotton
167.75442539341847,61.72987424164477,55.47131314620865,24.888247161203132,83.02721223814788,6.525827189754956,254.8206844914572,clay,sugarcane
86.29025411375325,47.21019343462843,28.697872928861067,18.069689690102066,82.3261215123423,6.011289586544666,238.37543086866447,loamy,rice
20.488219663722415,26.449828906303058,19.44710835740786,33.72926582279368,58.531468702914594,5.582324389252057,87.48185919540617,loamy,mango
22.071437478214843,26.067472627242594,9.962805596432743,21.27246824038468,93.0945394604641,6.170614313730228,80.03385748273202,red,orange
123.48655713181621,79.48473810073232,233.1943223878555,26.279983285380176,73.55684753249822,5.9322830420941095,125.22690719897196,loamy,banana
156.19569520556436,45.883376238312465,55.29276077748493,30.770962466106738,62.748491746077505,5.971371515120182,173.1565445485308,loamy,sugarcane
102.88177131658766,43.12571438138108,52.45434822293932,22.32474816084937,76.54914581444797,7.1717609698906415,106.08083192327342,black,cotton
96.10730163276855,24.76197301158758,21.960904733441254,22.316680737792808,68.01801957972496,6.630309931207543,170.09262290135752,red,coffee
114.23406241475138,17.526154913895134,25.966188655010757,24.39683114981473,47.124908652049115,6.6930873236316994,103.73453683420885,red,coffee
87.39175307090595,54.03177834176714,39.088420338761,22.479530569112416,77.05311270585256,6.460237115129881,249.73016684813769,black,rice
89.96225525442091,56.829129708798476,206.894535298146,31.108000576943684,80.74941286371516,6.206024206248504,147.60906024956634,loamy,banana
14.880388546085461,67.7231520037552,16.090391940238224,31.303598006547475,63.07986278546582,6.750497218472356,38.500366254146535,loamy,lentil
14.48978457859952,16.35393140311888,7.908923207688722,18.433313639264433,85.39357910315634,6.83054900056314,103.40294183909351,red,orange
88.51447540565347,49.509215268064956,23.475691827925598,32.7434550656705,64.21831624968678,6.494032706825652,63.06096677831687,sandy,maize
19.553899784149564,60.826939321076175,28.69850075513814,26.376838486353442,50.657781288412465,6.191094976596977,33.19171436755418,red,lentil
28.956086259965996,21.96396162727192,24.57889109466879,20.732322368240904,95.18615825468913,5.63393911044853,188.66982517941503,black,coconut
9.999452402058576,67.19999731543787,16.365375205349217,21.89804079166062,19.589854761050276,5.610455293275166,91.44084888508627,loamy,kidneybeans
100.44586992743533,72.73664566967865,202.3970739818766,27.388504306307542,84.83983191637755,6.025434985920243,198.3177867163614,sandy,banana
86.90405835534622,61.79478006630501,120.11783288598,26.85971809652569,73.07072136303938,6.119326342822605,100.86317817866897,loamy,banana
138.41176945212982,53.31315065187345,53.91909575274697,29.627222891282845,78.0764752891209,6.865051491802734,71.13838896023584,sandy,cotton
21.554792562984765,14.53716743360335,5.364833516771464,21.1882806245534,96.46606914500188,6.665672818468297,93.43289945118595,red,orange
45.11948932640633,79.73413081441757,81.82914730128705,18.780345028048536,17.906356950404877,6.973669340806227,50.54337219148417,loamy,chickpea
22.859277855431998,23.102054697551182,19.465451066979952,33.44315712031553,46.39238991981254,6.007379431488084,79.74687397479836,red,mango
24.782265181388112,17.99266553230596,11.534247763671297,21.494647885351267,85.03080803628653,6.913629284184241,100.6168343660562,sandy,orange
42.32964160905195,88.9267672301824,69.42613255336721,13.30655650030067,22.432950656436166,6.96927635784277,64.68940453840649,loamy,chickpea
84.42192607234881,65.39648041931011,17.106605127782473,27.997345329897957,62.77930730366226,6.618311203897693,78.82105856675133,loamy,maize
94.97393320056204,7.901130132310664,36.735586660261006,21.52967205564904,56.2588235581144,6.859218016592413,175.18190151299734,loamy,coffee
108.50257002983903,17.664785220729332,18.56849466443066,24.857172331423165,55.84778271750783,6.812265970210988,163.2522064374272,red,coffee
78.01162757449693,43.562525747337496,35.767692019458885,17.10684111178406,42.23234272315026,7.038114424135216,88.32574565026289,loamy,wheat
70.7665379983145,55.82868711655518,40.737013267472875,22.487805328517613,78.43359788680759,5.607785394973994,184.4746458506539,clay,rice
122.49479109547019,15.914120026679491,49.13997723735306,27.517692822364697,85.10653278905286,6.4355024689431986,56.11975108974005,red,watermelon
141.71569474911104,58.397477333931164,57.84300968536077,32.886016991526745,71.69941241930279,7.281321420657113,75.97538222187146,sandy,cotton
128.57173838274517,50.80903244892443,57.191071506077456,29.992153751119105,75.63349499045269,7.604352456012922,95.44655085709195,black,cotton
15.45034158246196,28.578736359483567,30.340873790080288,30.605871809587782,51.44103555044649,5.971121785361317,69.17173541354774,red,mango
82.2944770273248,65.21034971236259,217.38881053235525,25.43403220936325,72.63710703928851,5.88210934076482,189.78516636088884,sandy,banana
101.2162252661736,21.087195152246732,35.097219322483895,24.234731502192627,42.18251164840328,7.110832424874655,162.3306800262774,red,coffee
15.989969789871784,62.36880471698616,21.56356289637401,17.238487316623402,24.72166794374838,6.032568756055214,101.5482219039508,loamy,kidneybeans
117.99979692501087,63.36756031220888,65.2506410998394,24.238511372641266,70.66604769941064,6.138507377621472,233.2895789412174,clay,sugarcane
103.25442735421787,47.723223708141724,39.7003753201336,15.123658084446152,59.88104403037688,6.7826197461964295,78.32897687896455,loamy,wheat
28.182336292311746,59.16113060907781,79.91720116070412,17.17525615840265,19.12605965289733,7.188311632315326,50.524809128307346,red,chickpea
20.60085747476046,48.03471799299706,20.58234207525711,15.200323347931995,18.787635285749946,6.113519399731337,104.44019136756148,clay,kidneybeans
17.107853039194616,68.02258218485461,78.86646002160192,18.848115660829027,19.532662564489137,7.270092431374109,47.89689715023263,clay,chickpea
68.41859885321153,39.19819148371398,57.02775785948131,22.53583996232684,87.03093522241807,5.838829128765189,257.2629205149698,clay,rice
86.31882234715309,42.72019514635885,50.99798946584524,22.50644139451677,55.22519928179362,6.622989413784467,97.49865671409286,clay,wheat
77.15779682588379,46.412099370979575,42.3679519174968,23.88425625603613,71.4596693051285,6.331198193485644,289.09400856656737,clay,rice
160.56136039920645,36.55503006188966,56.184939802962894,26.55473605790624,81.72049674745121,6.482581372254043,233.8828393695711,clay,sugarcane
26.462573380198528,23.220143373037168,10.834208422463504,23.128935910191327,96.4349467050745,6.555516028799007,172.45528005595753,loamy,orange
136.23632177425424,42.51923753128455,46.64622387539073,27.228283436767548,75.2945471027285,6.31570987761122,67.1878340598483,sandy,cotton
19.990107905607523,21.496322529792618,7.976804976876243,21.126076340359973,89.30118273494463,6.821002920097154,111.22446531258306,red,orange
55.858082401164715,65.46513170214742,80.63977711368855,17.879671100951455,21.53003145751393,7.168432051866649,58.67994088031451,clay,chickpea
135.3013626742409,43.84066141408628,81.50219214422728,27.34002724685987,79.17851694976167,6.366138856927358,169.3570898293355,sandy,sugarcane
8.883213109610326,52.26565183067172,22.823550016065802,18.063595930537097,10.0,6.172849115160472,97.73313012507664,loamy,kidneybeans
110.27462379562611,59.06488732971471,55.58339913373706,23.993076700048206,69.79659635057406,6.261028951533375,64.71680615719575,black,cotton
24.608067868146577,24.980167991707322,30.50329456199757,29.086217845765116,91.48119100336693,6.011705975938056,95.31261454489618,sandy,coconut
85.04843872292267,64.02934961131443,218.41772194449936,21.566526823209365,75.30986123956427,6.427738642073177,160.21637388500903,loamy,banana
102.92500100751535,15.347908317183567,30.86209670941057,22.807579166650157,56.42856862395063,7.647269369432165,155.46569102650622,red,coffee
55.33376406449308,45.38438098933598,20.338980151959397,18.855479853164837,61.72420107972294,6.3215010251962,36.099799848515524,loamy,maize
16.002274435414925,126.08754831637565,206.1106201751283,19.121389312967754,74.3566949970456,5.909624648123632,67.81936603158759,sandy,grapes
96.69881834392072,16.949298283970997,42.87706961847275,23.76584667783713,63.14868303546502,7.540925558924956,162.12167544360287,red,coffee
125.08442848861672,42.13556576631452,51.36993812189803,22.99181473483378,72.54348403569018,6.827510624483237,78.5670330271607,black,cotton
14.235757103146547,27.859659259847003,6.181989754954248,18.609694000796587,91.25210918591786,6.6925765463591596,110.15951642486371,red,orange
28.297233434244404,61.61326034107584,14.95424829316579,18.915984862046077,20.269429842027275,6.836213920673254,100.70247682684544,loamy,kidneybeans
70.51973207786855,48.534816268219004,7.493587070069154,26.457081753428255,68.03084055946945,6.1995589647852345,27.982287250386463,sandy,maize
99.54231305427184,23.481818986555112,42.81553697487585,25.069928944164875,90.94855001324802,6.592697167452467,40.57136417557466,loamy,watermelon
114.09920646337201,45.38306001246403,66.44734291509046,29.94804734267247,67.6529762142553,6.770448774120029,193.62909917219417,clay,sugarcane
108.72392999588658,51.285738723053605,59.14905029575085,25.37409756951305,79.5551759936006,6.473781383286815,197.3065593179595,clay,sugarcane
16.76395932475024,28.38220811483833,31.785903489398635,33.47397915773876,64.71513777755844,6.604993378665761,117.86630960184836,clay,mango
126.56196582591345,54.80307817224187,32.820634233828535,19.355754089848272,74.41977635470087,6.8409691242875645,104.23681718787199,clay,wheat
134.08988486339996,52.05355682251457,33.79512416590717,19.64147481068615,51.23993024787722,6.242353662498634,89.02072053744213,loamy,wheat
12.004909543008207,69.63330412259062,16.22966232535731,23.784778237830782,63.08976974201072,6.722227610126183,48.525642729114146,clay,lentil
102.6222899053121,26.42512541012684,55.04701045606279,17.410846745861768,59.64498095557588,6.24875946338639,65.579994775015,clay,wheat
94.77423473406517,62.272911466421924,33.19834099888754,19.252662429329398,55.543759769309,6.177313619145567,48.619396326629754,red,wheat
83.21253754812604,38.49647123751739,36.67714191856252,23.163709602820575,81.15525468150169,6.626392092315058,226.28194269781378,clay,rice
77.63737161555309,36.08306429545659,38.16565877158153,20.221617220835416,76.52273207968703,6.290714418443654,272.7605279096558,clay,rice
11.68335633787429,23.35039455172501,22.997548956482227,30.67679895167452,50.74558063772706,6.185059958498254,82.73693742268318,red,mango
19.937211234137227,31.237492330543922,34.163365994403144,28.235347944912153,58.47329385393487,5.660119676359925,128.4969946611044,loamy,mango
35.150247682906304,20.17499918127978,26.840344560581062,28.038407734969883,93.14176796981067,6.280027646569101,178.42931620491285,loamy,coconut
124.93906521613553,64.18071633615082,69.95030778384006,29.730040702389733,77.76821054159399,5.901061300511893,197.71929239990624,clay,sugarcane
102.67917761342174,81.06593157559428,178.15102874692795,26.85428588914611,76.40049069226117,5.845855954978208,146.8083099555028,loamy,banana
120.06767678758249,44.21960708268523,21.94453533392028,20.804777020428073,59.187802118853654,6.399573564158663,111.15760155769324,sandy,maize
105.3718164380089,53.08079105199065,21.171578188878637,23.129261226261374,58.92959259433804,6.41528762523613,83.69064687538791,loamy,maize
99.95208575663402,13.305855191895837,25.878078046944804,21.775694187847684,62.227016758921955,6.60455672500019,139.19141649725708,loamy,coffee
94.21182830867131,68.28211100022524,212.46646024052504,24.712568444051424,82.62301328313477,5.856498783452592,194.77289332282552,sandy,banana
97.69674516744944,55.28018679694522,42.51172121999372,18.23305754900595,56.10202953821704,6.980768913357459,69.11695130308871,loamy,wheat
21.78983857342256,80.74945863579312,14.906998142991316,19.19716568781893,64.88455795423873,7.24321089765964,53.413940617913156,loamy,lentil
103.95137892478239,50.813878364250776,32.50721745911801,18.047718132786265,55.104431405403524,6.253154446386307,64.2094506045921,clay,wheat
65.97979124734005,20.503239803694246,18.595246776302524,23.246463490942467,58.60429832174482,6.731551615611895,119.96299591291734,sandy,maize
37.504869501956804,85.20639698775832,62.65023917954567,20.499364312887398,10.0,7.25670666467081,58.49558772268718,loamy,chickpea
14.941204051929503,62.266294385205164,11.803050472677155,11.877423448057442,22.591456013265574,5.557270219841527,55.21664857405454,loamy,kidneybeans
9.92366511175394,18.375176311207547,11.535543217629437,19.104130141541958,92.59167735963659,7.587597526492914,158.94243355868093,red,orange
26.34183359108561,20.20206843869898,12.036481544531037,21.610248460062977,90.65743893939793,7.316456255397695,95.92057094197995,loamy,orange
15.572214418188244,67.69049386335769,18.47906223299277,22.094159250404584,70.88599623808496,7.045139298649291,46.70187810143528,loamy,lentil
27.777804192838445,80.45585068392559,10.322312433206037,23.053338935017443,69.00550601186575,6.702313081239228,66.39320094048438,clay,lentil
13.182182822644817,74.17207425989398,24.3782776592665,11.391922076593907,13.431191866800122,5.760296297992754,85.5511957585515,sandy,kidneybeans
19.5942167643439,21.078468631496094,42.22613093767188,26.522695241470288,53.41696733478498,5.810577871476648,90.26659343554944,loamy,mango
151.5389142397678,79.19320708525879,181.6200890459421,24.406983338722007,76.04847651848637,5.717925034191363,174.0264937592627,clay,banana
14.211569341931947,54.84940788821998,23.17355321045002,17.493212531025787,21.98197302505094,5.432708976987321,85.7671559415811,sandy,kidneybeans
99.51199409387516,50.92933823497292,10.46661461492765,23.50476282268136,67.93623122383593,5.548804493613637,63.13084965455715,loamy,maize
101.04783235168227,19.78823828920151,20.545747378780685,26.092064665102725,59.2177451943713,7.13978104596614,161.11607609950772,red,coffee
94.2805988892986,21.627242394794155,48.43230147101083,21.843998958437687,56.79746040458887,6.310496530089782,123.90389032317614,red,coffee
62.35032446596811,36.875367350339666,42.508110779601566,27.514379703683144,93.98038535015073,7.3655449864029325,236.57637733103985,loamy,rice
16.136071443934068,122.71557199638652,206.53819251230647,27.54446984468297,81.86981622184696,6.343255885041941,79.32403566278174,clay,grapes
107.38009260682526,85.59804424931367,185.590618811239,26.139619999776176,71.55517591656057,5.843535864080579,145.22294494114726,loamy,banana
19.191851265760754,17.967567615155914,32.68426049515538,26.176773875776306,92.64800966972994,5.920166776395351,198.88930264959689,sandy,coconut
36.387732254957314,64.72705658793309,14.4700752533039,17.874246053475684,21.33727283033931,6.053837573771681,131.79004005645126,loamy,kidneybeans
14.179217483468841,164.31961562102043,197.8104235333879,19.486117565029904,75.09394940271737,6.344274139409491,63.86272525422319,sandy,grapes
98.13500768726648,51.95932064443969,46.916627610286994,16.62559562239848,42.4894824694246,7.0484790237811605,97.49591930342476,clay,wheat
31.915232719774323,22.01432642522765,33.928243991604475,24.248718627394002,87.92130452804578,6.163447681707352,210.2609103723343,sandy,coconut
83.47646829332791,82.67342342696105,185.68810502163558,24.63060506373989,76.8864679307757,6.420141734159333,165.4301661019254,sandy,banana
21.02718509565194,61.29208035102514,23.48164274371473,24.766098353041677,61.52307044015788,6.993691876578469,49.13372972070064,clay,lentil
17.912141197341665,121.26929976831885,194.3079342502973,18.541025072599638,72.05768174289564,5.48320233932823,86.26505510379167,sandy,grapes
130.63355253371682,60.42054650548697,48.884843450254095,23.943000942290805,80.28688410299279,6.601007964126886,207.67367199708622,loamy,sugarcane
25.055377229897328,26.242316327757315,45.63504383973614,27.599184268901272,93.24406414334558,5.612468386079904,155.7257430339426,loamy,coconut
30.721285713864276,60.5808998292031,78.1670244357274,17.067375248840655,18.943516391075754,7.1215722486164665,79.70286307507733,loamy,chickpea
90.67259083903052,14.285545700744777,48.39865304748637,27.530537032180447,82.56629651667085,6.413309389124988,51.84260212853224,sandy,watermelon
142.09836518459207,38.77460572577707,66.84183895177046,28.5752161225862,74.30932017115772,6.777252674975881,98.21345826004502,sandy,cotton
20.110958250721573,56.38950207343122,23.03039945640309,25.450797945781563,61.79845430642199,6.8746758988622165,30.717346870149093,loamy,lentil
83.04960907752265,54.191050184648525,13.034528261679567,24.129480402908122,63.17857864389176,6.112065396600509,100.88645839893545,red,maize
71.64868865995156,43.20912946495601,41.939974330169775,25.529720075361134,75.4936715665998,6.23619591265115,229.1291332055562,loamy,rice
19.25012503221185,22.456893861124044,10.880651896915767,19.348899475429583,93.28801289415412,7.141875489789225,122.78332435097181,red,orange
15.261463519251322,54.40598321468762,19.171747621579893,14.813861223460336,14.866156327241818,5.7848577781655734,77.16941090655928,sandy,kidneybeans
22.600546436971456,21.284041969441468,30.410824657409982,30.103127134179356,89.52383245753887,6.1848121490594075,173.56159266599144,loamy,coconut
10.248385090333354,28.15727213415135,21.087371238399566,29.978658746089867,51.10747615479892,6.073219840326854,72.39696482394746,clay,mango
67.57098390429869,41.22725815990722,15.190286955389297,18.901526391937978,62.75861487784301,5.808833779723263,35.49084478154528,loamy,maize
85.26904014715491,58.95147620934234,43.51194526990639,27.483964530391177,80.22057427879174,6.226618326343682,192.10304706798894,clay,rice
22.355015882906194,62.294843991633854,15.493498879090534,24.135920470454227,64.07604841851732,7.457252038339814,53.43201821934095,clay,lentil
93.24412667858167,32.04212244950608,40.31441047658318,28.13801749885272,62.46425364092778,7.402230946367753,85.60493129711908,black,cotton
119.43202550519729,86.02782247327573,196.16815523844417,22.145383510409687,80.34511812731135,6.441172121767384,197.01371223440705,black,banana
24.17214020586672,26.39631742400923,27.36777042557334,29.672775153074333,37.11973764847134,6.076868365864721,60.89021565726724,red,mango
14.031361285828131,51.644668093532545,16.909727966073962,14.895837027945765,13.181474407284256,5.865820800926172,99.69191161786874,sandy,kidneybeans
11.546429450792324,17.717852854018304,3.8818471247609185,19.924505274799543,87.56996558172477,7.59187049181553,85.23299119560403,red,orange
22.62766538269501,7.433359039668259,38.43347066484806,25.61398450386657,90.3306358004412,6.145379198819661,186.7813351155196,sandy,coconut
113.2509935339864,57.710362167598056,36.69512037762628,19.09021049188587,52.84775612591472,6.975385449910664,81.83381771916328,loamy,wheat
12.043950399188848,24.47647334594511,20.003454351903542,30.169771375455042,96.00884428068807,5.8771242038539695,183.26143053005933,loamy,coconut
83.72147063286786,55.05496044208275,46.21773229164901,23.148680970032352,50.719764365533,7.170890594275516,102.21803174954107,loamy,wheat
26.172906675064695,11.422053495049838,12.61931381263166,19.085670049838587,86.6507259478686,7.095506455541423,115.71345833528534,red,orange
91.03982479105026,15.85282501762049,36.35773625845315,22.943778929223,54.562141320420224,6.03520296913991,164.50221947919778,red,coffee
98.85911882047834,16.813956703908588,34.638478752385666,24.04003380436701,62.65491947563368,6.101761892175485,149.67766288773916,red,coffee
17.278541484479828,141.30671228102494,164.26944083230308,17.657743413884116,86.50965672835395,6.456036845055398,51.0219994747079,sandy,grapes
12.940990147940397,145.85862058768873,188.34794466207538,21.606366913996325,67.00912687778155,5.510748662066232,87.8507376789963,loamy,grapes
19.94543245617302,72.85713973302147,16.723002595796764,21.707255568044854,65.71808700175777,7.267667273323268,44.3954159341951,clay,lentil
20.505402234356357,23.207308242361826,32.166513255048116,32.014498585500746,51.735429483335885,5.647527516205553,83.41098400360806,loamy,mango
32.375059151436346,18.253051380788655,40.477365098798884,24.580795855370553,93.89229174520997,5.799496205223105,180.27709555112628,loamy,coconut
148.0835201345468,44.61857854708902,69.14740262811077,22.804824267929995,75.62729417949151,7.728433039686647,85.59501489317724,sandy,cotton
97.51623242185215,22.325656863177226,52.4118874426723,25.12427503015583,85.7393529573007,7.050766699259065,47.072087723809275,loamy,watermelon
81.20677830523253,53.62272871914493,12.248706390609861,25.41050881566869,77.30363846185402,6.486471064878924,80.59469740541338,red,maize
15.114154930884332,66.05487637129845,14.16908716880926,27.171987128957586,70.46429666497428,6.972652984611341,44.48657311649676,clay,lentil
131.95138244196667,67.15004019081942,100.25824042727265,30.073846296768746,75.69770545282786,5.980854811603136,160.8755565204854,loamy,sugarcane
8.986437914835866,69.66460381179435,15.841884400290246,22.65613039424893,60.868028656729365,6.5341135258594685,29.88374032019169,loamy,lentil
108.99275485098643,21.30589371567402,46.70171229036123,22.50428234510618,45.04461005252169,6.17977880157139,128.89044492505226,loamy,coffee
122.04387459380239,54.59643575860662,70.6438923517103,29.278001314375405,81.67764449685758,7.206709716905248,119.19798511854768,sandy,cotton
26.765424238582142,71.79233333957107,20.706930415280375,25.29382592195403,69.56965816120359,7.01990708817358,33.40914610049873,loamy,lentil
30.792559165522228,64.95967377997424,11.861064160101046,24.07589365969835,57.8175700397442,7.245807679869572,34.325462647367516,clay,lentil
114.72499361186956,57.143134859215074,58.507669148200115,29.6475714826991,76.40279650336204,6.582676028998409,136.61077936409657,clay,sugarcane
133.57380178924234,71.18295889557383,57.82490793369715,32.46891427237187,79.54332290268978,6.066288159665857,171.21986119944432,clay,sugarcane
54.788461077020656,55.95838655219774,20.362810688704208,25.00178520104304,51.38883117345161,6.290706515659854,140.08773526003355,loamy,maize
24.222432540816538,16.44974365278758,20.032120233822113,27.608602149283243,94.79894090241834,5.633365810672228,129.39525285580942,clay,coconut
17.254259871822462,20.143479118154993,4.80328002496459,20.38273691748455,90.31821425037018,7.026576321885599,146.98899114095659,red,orange
20.001620624529078,62.076890783225714,30.45834544697744,19.00874473905711,10.0,5.897889683029468,95.75759988979198,loamy,kidneybeans
109.85325266860588,23.01718869408521,30.865740813044262,25.91166714616177,63.849843215041936,7.0451800918769045,179.52907966432684,sandy,coffee
93.17345182207966,25.656672245678497,34.18123848691536,23.686497421033515,58.904578894691866,6.832362146211908,173.1723044373034,loamy,coffee
9.911923255820923,60.39657667255713,22.757915945726666,23.863089273985732,71.6753539382012,6.859311790740466,38.032470008803465,loamy,lentil
75.1166750147293,40.32100692053599,39.62730183728529,25.836592853941717,75.95264230225874,6.489713070982491,222.520094733388,clay,rice
22.962291380032454,146.3809062517014,181.4374967688438,21.44576788026982,78.04446025626854,6.242863654665038,72.18259828947426,sandy,grapes
14.061658987881342,122.8061352242724,190.9558921388468,22.855504453128884,77.82886646157095,5.681464173018861,71.28649665921758,loamy,grapes
27.08889136355151,21.158650387217207,5.252267717196703,26.167661102968726,96.90228609086054,7.186189894821177,117.01794262468663,loamy,orange
109.13335774865547,40.959108338509196,34.69320446668432,20.506305559164016,57.036433004101795,6.604756489864559,62.007887347966715,clay,wheat
27.274462586386633,26.19781282615309,3.643955111162648,17.898629402465403,86.2574941019979,7.515542802308004,120.43061136048824,loamy,orange
15.306003336753758,67.39134962840001,23.05999256392587,22.50045600741644,56.448630504725664,7.360233910797211,49.791557675227054,clay,lentil
114.2980732523693,21.91935554761694,38.79533152775872,21.742151288014004,44.404187625708445,6.598325697747295,236.9640184067856,red,coffee
75.88656618962744,33.18513746523415,48.537779332575866,24.005535483708236,88.68755466746427,6.353350845272988,214.7544987918662,loamy,rice
75.6459896611268,48.23355316114556,16.401503305286813,30.480281236544204,64.9095852027437,6.212788348758231,119.84046429640942,red,maize
45.67729492510301,81.71121228563247,84.93431988183696,18.878972840397964,10.0,6.491021177582608,66.94114305343804,clay,chickpea
115.48019646519131,0.0,28.43998067607698,26.204331279839078,65.39608214651268,6.112110664760048,141.1883388039638,loamy,coffee
73.38234907729907,41.81053447408637,16.06177463871135,21.737445006579843,70.7935324443825,6.551518517444121,132.7485988503018,loamy,maize
24.97236769020725,17.460737440172558,35.66667706912649,26.774560791550773,95.20558679715191,6.117908855286052,180.29950622246082,loamy,coconut
13.81420518433862,74.29896133155431,16.88265947890766,21.543049415847797,69.29820809564922,6.541129423437701,41.05221249897597,loamy,lentil
99.785790814046,7.032544687696719,30.875993004487576,20.62970675082201,63.54689607724529,6.500514268299761,205.5325264952046,loamy,coffee
21.996332649391817,15.531552144007211,13.53658613926176,21.083560770287185,91.60977815378972,7.144524509835143,115.67500502912087,clay,orange
75.81529913301875,41.301185658683465,46.86380705005723,24.426087025355155,74.34588205997247,5.746685114398608,183.22190855993554,loamy,rice
104.47614402446433,65.11028703619546,170.17159910724354,26.77306009121985,85.36974694159875,6.179897662266107,138.54577214551358,loamy,banana
18.55961560760957,13.671251391054678,6.331404488674284,19.93646216492712,100.0,7.302749432453783,137.81329625906147,loamy,orange
80.03901344708851,74.29465783154834,170.78571250357854,24.76383203534657,87.87433568170925,6.017767768285366,166.22219456203504,loamy,banana
27.391876419590133,59.48996588007481,18.946405104616186,17.012838983855353,19.72088432878709,6.05627195817305,99.62019954511028,loamy,kidneybeans
87.37758092337593,19.544893172761533,44.79757681346176,25.100284163042428,82.56686431427374,6.460126350760077,56.2971695257184,sandy,watermelon
83.57552034110992,44.67831470160995,36.22391064367632,25.576950597768125,56.24414763217162,6.022294495100772,66.43300213671648,clay,maize
14.954476598838621,27.63094730713563,11.832872856798065,29.092447158557313,47.08668503732474,5.878923907219855,81.22295480447548,red,mango
139.60679625829826,65.855361331812,69.39905865845657,30.001136642750957,62.49366825909226,6.946653062464643,166.26296117593236,clay,sugarcane
12.392123231064215,18.477238433047827,10.00591996474739,16.558592958751394,92.07260211178186,6.517841602835544,110.29569297837439,red,orange
137.81038180785865,65.89137183913361,62.1111074362113,31.74227901047104,82.93521650604198,6.5030953337686475,109.89775870927835,clay,sugarcane
94.51613665935919,20.88973304822623,53.853400498205765,23.957007366531972,90.11494095538667,6.561452498550971,46.963714168537045,loamy,watermelon
23.68800622469145,19.17584335657525,31.443655979735354,26.614244080219812,97.52680101469255,6.206535941047105,212.44401758553164,sandy,coconut
90.71024013065204,55.90311094555299,34.71074617109087,10.616484501492703,55.986475235539665,6.6116504481136955,66.19821978825736,loamy,wheat
47.297219167814234,57.78005460263288,82.24289399416925,15.181142713780803,12.777721175586418,7.029501321054553,78.47832920213924,loamy,chickpea
19.6806297588001,17.225540006066982,28.906946125087842,29.252424772695363,96.65743041872616,6.22643188782525,175.53559222082188,black,coconut
10.635874507651573,66.85578984173672,10.911774145745541,25.947185641676676,76.18376193267231,6.4034192149790705,36.94243487361108,black,lentil
85.1691654492799,47.01926431467493,16.10442248233918,18.057751987075715,62.74143556823203,5.992657736180835,92.14983701869062,clay,maize
116.84760807277429,5.089339139996387,58.6088981337442,22.42671168661475,89.88036340986069,6.211617204213001,44.178149584478454,loamy,watermelon
18.704721207632478,25.101173744100695,23.01923175829069,30.9899522765311,47.623059410415266,5.890387094869713,92.65278735278729,loamy,mango
9.686857215254637,129.9059653961221,180.98432109195653,19.841947483650404,82.5660690779886,5.836424559399732,51.7479531064735,loamy,grapes
83.26751681051599,39.63942885154213,23.972489207490515,26.600996022313456,66.74843755924454,6.914786261567057,126.23362003090759,loamy,maize
13.795333162821738,57.560622632486705,16.54835210411112,19.805686945819325,17.60605913078911,6.103498124111994,90.08558452675602,clay,kidneybeans
20.817371414862336,75.13801181579662,26.20543615189665,21.807724671142307,66.80932252689018,6.999119823141194,46.02459071644577,black,lentil
109.18517380147676,59.58511253780106,37.930188908900504,13.156905689899567,62.54364604887731,6.3201964689768975,71.43297130978195,red,wheat
166.98636096901345,61.478608174865066,66.86866961334856,29.818690617653036,65.33830149682186,6.149552467320345,173.8503781920262,sandy,sugarcane
16.48997351355372,19.007882937610226,45.57311742513787,28.866513536460516,93.03273982518903,6.2042086542802135,180.39952600516648,loamy,coconut
22.561042880128554,56.41549812686201,20.72746523517655,17.74853243549411,16.66204531368363,5.821148868706349,82.5797649038525,loamy,kidneybeans
17.894210470586145,11.940495126631172,5.271396768182408,24.92210220666921,100.0,6.773103955676661,118.68291320318795,loamy,orange
164.9038530753746,76.18209812430197,43.07439326428391,26.834569523145362,69.80413353989648,6.5690028753540295,180.40205574654115,black,sugarcane
18.174138983061244,58.28915519204868,15.113768844340719,21.051532042860615,17.167397765105648,5.9049315453145175,93.57367865748131,black,kidneybeans
13.413405361403823,80.17326397637561,18.641679723815876,18.96382675596411,68.07307140675572,6.956414714229421,39.61325439740003,loamy,lentil
20.101180995732268,20.000619161626204,11.562105995868063,27.571313257189733,94.0808829272869,7.216442868456388,99.46250450093639,red,orange
141.51138093757498,9.309639761190967,29.533046037853016,26.466309852632673,48.12706334768623,6.502101130478691,138.37545803524918,black,coffee
68.15847351593507,36.15871668101728,20.51903325152877,25.30803947515726,55.659793356336685,6.31063413653044,104.26342590346214,sandy,maize
17.022248612697318,21.214082875835096,14.355335777793389,22.836306323822402,94.24172937502442,7.108839820809469,110.23770227288296,red,orange
15.244827960241876,35.33607072483032,63.20993117631681,33.58407739517109,58.295547282007604,6.209989691245675,73.81257010724573,red,mango
37.91817095549503,46.41757337887465,75.05660049817305,20.196945702107037,20.124689448070512,7.014781167323474,80.77782290791279,red,chickpea
112.35956900757756,56.97330130946022,81.39681744057714,25.394165228673145,74.58572898962848,7.065409740720391,198.51401766220755,clay,sugarcane
25.76006729471168,19.021549808320803,33.83205920835818,25.665974964606274,86.24183106869776,6.222317632538485,155.33482668967147,sandy,coconut
92.88263155859394,41.542272052741055,48.211405444377746,19.549983391257843,58.92294879521506,7.400846059197845,53.903153313628536,clay,wheat
6.089552888720185,58.85212523481228,23.741396871093507,27.575699532536532,76.24932844073852,7.076347738579213,17.92717350856476,clay,lentil
31.13635928790022,21.115422613930242,33.41310254236053,30.316565802008654,58.743100462727256,6.118186736542962,84.21761305190624,loamy,mango
18.53534768886739,57.46907661470845,16.743519368199276,18.664125761928684,22.975865714077433,5.89692497738137,88.67750256063026,loamy,kidneybeans
14.974807553363059,27.720760595467453,42.62690455122797,31.661574589050957,43.23180307573758,6.611741381642726,61.121915007375684,red,mango
81.70096307100496,51.41508685536803,19.922367391378472,18.18560288027348,51.90088560914268,6.311769430233989,115.71952299363772,red,maize
121.10689788575476,21.558837183263826,29.740311447304155,25.08488467571985,60.09011510023354,6.742381872100724,143.79386780716828,red,coffee
90.4946802379201,16.655695762593087,11.822529596513188,23.81663680990693,66.22183820117687,7.249136498945678,93.16661556248582,black,coffee
101.6903680062331,65.85261214185287,33.91509637591616,18.008596321710744,44.56786994217663,7.450892456665429,73.33334746006771,clay,wheat
74.31494403380937,39.20490371341057,33.689797263656374,25.19004428474222,69.0940724352379,6.10436901275243,85.35108307034878,sandy,maize
125.74519725677526,38.46521678099636,71.56318887128498,25.261140096971324,82.89211428864984,6.82445246027821,101.14194231309925,sandy,cotton
17.194682679387203,133.00233632632788,193.1273538081531,27.63994154995183,79.8914176799379,6.01761614767336,49.17244797916943,loamy,grapes
108.49611824007408,78.14595002031145,165.0754971056206,28.038338876852883,69.51892074145383,6.188427548449548,144.78425070607454,sandy,banana
74.5568192263015,50.23967428373448,20.011996138490524,25.12782346957663,56.41055651212136,6.264271838919706,50.048690618082155,red,maize
87.96592521317926,11.318181217672565,52.43703227214674,26.21286538679439,80.67520252958293,6.903078620398228,68.0992417172427,clay,watermelon
143.88208216097664,58.76404571487228,53.676082431506444,26.10768488442633,83.57077535950144,6.754204177808133,149.31104501332794,clay,sugarcane
70.02964610059183,44.477349650502305,22.882005775288278,34.12761871096871,73.84079362971133,6.747758864799352,80.30530111126774,sandy,maize
46.09719393566949,62.199313731191246,98.16526996140105,16.356284657691848,17.087202076516306,7.285670101333618,63.49553498834887,clay,chickpea
16.37385556439874,10.682807100580593,45.166240502031506,28.027586824770466,95.34424404092518,5.796880583432549,178.0358535400353,sandy,coconut
41.80687869053242,68.24884718824585,98.7837913199313,16.993271979989743,15.632606692047998,7.47044957872777,64.64865561198776,loamy,chickpea
80.43271912157354,44.962936222205236,48.364258198317444,28.562903178163364,83.2166502895142,5.99985556904124,239.40644450182953,loamy,rice
81.577404331742,8.190997802234602,28.668909883230974,24.72561954814979,60.444203265686184,6.4074955678123136,150.60773398040828,black,coffee
88.89711785208264,58.249216931254,19.016278999838022,21.676159245874068,43.79410877022598,6.556396287757989,87.17078975677757,loamy,maize
22.533597147700913,144.21567634887802,214.44142385081997,25.54612902182088,79.61052432637166,5.9386221076090155,60.27878082199596,sandy,grapes
116.20214181908392,57.63202489271911,58.50934533933607,29.8078279239047,56.85146189968851,6.86577092808455,93.21103270116592,sandy,cotton
91.10895840603203,51.87058729395744,13.077950501601435,24.63379220199894,70.17925780288378,6.610829183596359,87.61785532465163,sandy,maize
8.338470218204154,107.88357807996898,211.86914142637363,22.145378500887592,90.00344786612975,6.1849009195623035,74.49198285780997,sandy,grapes
27.69024048543246,68.4147591092803,10.311244282592627,24.983220099855725,74.64937361627872,6.9625738673413995,34.18087833365624,clay,lentil
28.334882579356275,16.258793993731373,9.712703586346242,22.85060531410789,86.78864434764978,7.162916071936071,99.50961298327485,red,orange
128.20439272524058,50.3585873673315,33.66466017573682,26.799633963513568,86.58247671341324,7.430451628014674,48.058208281593934,sandy,cotton
24.714963262153137,71.99731591163385,15.262393358181225,21.50385307077814,80.16764239878646,7.464562322591769,43.566710741478026,clay,lentil
18.597813267545845,18.88128450141169,39.097775965049536,27.655741763862,96.39738036879424,5.280008221143779,155.21430008888342,sandy,coconut
110.84859373288418,21.86834852438525,20.16479278412269,27.398735795090804,51.575478845771904,7.295016973194837,210.66585170776713,red,coffee
99.15314974384229,19.402358802628843,50.78207105059443,29.91419656147646,88.52387251302514,6.467815073097787,53.859345073158764,loamy,watermelon
28.719709691180654,119.72468847040835,156.9006955899979,21.254554654162575,83.73330208442867,6.235225363975081,104.14809540164158,sandy,grapes
43.88098047095665,68.3695667606019,71.56190021475277,14.950397763112852,20.361743399808844,7.374333831007566,82.24065261436726,clay,chickpea
15.722185095604084,9.995833553782939,13.43111460467034,22.779270188671966,92.56106098913003,6.72240353953825,111.98482411659162,red,orange
22.09945385664507,74.78337403266275,9.823591012819437,27.135328256292944,60.11395274832951,6.99451687943867,33.733095115400445,sandy,lentil
124.25764729585788,56.14117571138614,47.37325487981678,29.618315561909945,68.43995555440806,6.86729301061338,169.84632761274256,clay,sugarcane
101.47447352169708,19.162652748844593,52.048350075186065,25.05555524581998,95.82585415753191,6.275283987705071,58.85886993891239,loamy,watermelon
80.50993138372417,54.721143150964366,22.850768404088054,21.23226521530156,60.65078597279638,6.717497359088197,99.83442175635243,sandy,maize
90.600526607312,43.15416311172145,40.791323830104886,22.025561910479,73.29960000522517,6.19700752008849,81.30684035573157,sandy,wheat
69.76347286911704,52.03518379890263,46.222335483431586,25.19809209268365,88.7634472418082,6.387003736900819,185.6283014846705,clay,rice
85.88920050792582,54.602450066074574,42.31487325565689,23.932905053286895,84.01504754159814,5.02776224965889,235.31542945540198,clay,rice
125.77149994359733,47.60286221469198,40.42089660729105,14.538489358373965,60.73304853178524,7.346671671487313,107.48995691913512,loamy,wheat
96.81492692186103,68.39413134823111,188.23568784972701,26.690896217626147,73.39298092462073,6.0021283425976835,151.65470135001772,loamy,banana
120.46383013850057,66.0085797338129,70.02996900450725,29.1229546821103,81.17538347960225,6.5860416937685855,196.66184722326943,clay,sugarcane
85.2102985495869,11.365134138106,39.60550683203938,24.67569973444033,83.33341470394201,6.069298811511429,46.79229873238413,sandy,watermelon
117.4524672095657,17.92624393018037,33.29533464282004,21.06961103582931,79.936688753103,6.780215088233651,54.66008980387531,sandy,watermelon
30.357160799267085,9.014464402907718,25.616941771532556,27.053121371962046,91.81039725121228,5.781190238526818,208.63225348670133,red,coconut
15.30879220230701,115.22584726227234,164.97833334910553,21.611180398522418,86.24001187627374,6.059093941639573,93.40862905282188,loamy,grapes
30.10523518143409,127.88946419973537,194.41531509253963,21.732820672376803,75.1743646615416,6.205769207953021,59.706295479708245,sandy,grapes
18.95095697624994,21.690521219381278,15.407239934711846,15.978315586628323,97.92827615118567,6.782165271762775,96.62592612656275,loamy,orange
6.423601615551306,106.88751597437135,223.78067217680376,24.107159528019682,78.877104915122,5.727377003194134,53.736191236193605,loamy,grapes
30.652275764619883,30.791175106344184,32.724928997403595,28.76145075539325,50.30297303671982,6.0658869079880136,104.99689211833932,red,mango
22.43361358077365,15.898761237694053,15.275240240489584,15.892817517014384,90.81709778405026,7.320428596826928,88.87100881800448,loamy,orange
21.482040244905043,54.11398407799744,23.50675419172413,26.535883184722916,19.126024626049585,5.821298414627484,86.07589471305475,loamy,kidneybeans
27.927031805557622,120.15249625555334,238.0692059964229,24.20946380346674,80.70145187018338,5.5498184649536295,70.07003343364073,sandy,grapes
22.270231028598545,16.538291633962434,5.075886653574887,27.815576627021038,88.83436733614982,6.602546915205994,103.94660579551557,loamy,orange
97.45460250150626,10.03765174583095,35.30974994948336,25.56110637864555,70.55996314704912,7.112516142467882,208.36417367593697,red,coffee
14.190943087201738,63.35808544378058,15.946609312272836,21.822417444432737,73.35128797133186,7.208046956805221,33.811640779308604,loamy,lentil
114.49222046498019,17.08514850395048,20.466220455306235,26.10801728012185,61.811420002356954,6.016880648768893,143.0376577392487,loamy,coffee
7.681571911793759,20.1675673694246,40.86901757968933,29.380356092383025,96.02629141383032,5.853779942531806,153.07167614269568,loamy,coconut
136.20776636199534,8.209487061776432,32.422890950113235,24.977826106459855,87.5211621494016,6.477234497298284,53.44296535269312,loamy,watermelon
17.299846770231152,71.26737348990858,16.756822235718182,28.59387053374978,56.13019092566169,7.026442580169755,53.82536176326069,loamy,lentil
18.33321616449034,19.709462046641796,40.02152477632073,28.48758956088809,52.67685833384577,6.336566552853746,106.850858264358,red,mango
25.7150032375524,18.679572011537818,8.828726576918216,18.49119149509435,93.20653093185071,6.912546793421282,132.55459819888554,red,orange
89.617688924607,43.16924392790989,51.60685343794527,21.083926356772594,51.87383246293343,6.757115532419105,72.94572106650203,loamy,wheat
20.288497404412546,18.314835713835816,45.58360703831403,25.994471659877913,95.94386544799191,5.635866925097615,107.99803646964652,loamy,coconut
88.87044108496515,11.949020248160156,44.176791867435355,25.695518979155377,69.25951291133782,6.6992741136368625,187.6205770599836,loamy,coffee
14.320261250482508,23.550039170544824,6.906206589512866,21.91105903323588,86.22491244240479,7.012324272699677,81.10184889443153,clay,orange
22.42859907589553,18.428611376206426,0.7983561119682534,20.299025666486198,96.08328664578757,7.235289170925174,140.4508337956301,red,orange
7.644882456006954,67.27803531608329,24.736712113706805,21.470279026237346,53.877719520462755,6.844277959137703,40.93990211938349,clay,lentil
47.96507844894266,58.09884458848054,65.14460840477726,19.42350705649792,10.0,7.204091594842563,84.30263393968255,clay,chickpea
112.11230851034423,57.95871988022193,55.270322867655736,15.184482635800808,47.11300020005963,6.511151091908563,69.9099789318677,clay,wheat
20.92097472088014,126.82127710133626,159.83243126221367,24.771114632166416,81.72110305655856,5.702030564995962,81.5990536348491,red,grapes
17.09437275373906,140.75500652073399,168.05483954588678,27.8125463604383,74.32509931065773,6.238119698918934,65.91724007996568,sandy,grapes
123.04749715111558,33.93790715125739,56.80093381630722,26.839971113259818,78.04830538251962,7.142693270964691,25.28354931780153,loamy,cotton
24.01286540286393,26.977929275626526,31.762830662455684,29.253999323677917,45.22993026380226,6.64830586751001,67.50347215450213,red,mango
21.84202174175297,28.21741998643926,40.26209482268281,33.12422702318079,69.17693371625447,5.970450892983561,88.48676090509483,red,mango
17.7531669578259,63.39287186376054,12.869769510571981,23.797466877044826,78.86342206588179,6.558836478829547,43.470540217946805,loamy,lentil
131.58310307989453,60.761946893434924,46.438138140691706,25.98206154643152,75.73404286159321,6.680892299658365,177.07622623459667,clay,sugarcane
102.01929154483895,46.88800755768406,50.80792751022775,20.852277127406346,47.14035793065927,6.386545733792436,84.83860402712618,loamy,wheat
107.56311277801687,49.701689190554525,35.48157319118059,19.18467833851496,62.931488746540104,6.4692136625812235,74.9034325544678,clay,wheat
16.626073568067852,27.99612630537982,38.992995879632915,33.893539324609655,64.19748273269964,6.052245759031722,114.08272938756234,red,mango
19.358769257665696,118.94073775688778,223.9871361056343,20.96142851051519,75.59597411968817,6.070087905373294,59.70929714260865,sandy,grapes
15.944652635565909,128.71704397077892,184.31871125044339,23.032449558267604,81.34851843955063,5.729925006629547,74.01548800763646,sandy,grapes
102.79822083780968,8.700450965307756,25.441516605417604,26.018792641883028,52.269803466641136,6.9258015285806,80.06940911435419,loamy,coffee
33.092186359405474,6.630646275882723,33.414275098766595,28.411325109461472,95.32511442495344,6.35465888248353,209.22898122543845,loamy,coconut
98.34974813866309,16.4827291832977,16.12195998084265,26.679470089797206,55.42481268971464,6.802358824001164,170.36989577227297,red,coffee
18.81625813269103,125.86951285501343,230.88276002413295,22.139184694389385,94.40839942371596,5.846615062913776,54.82406906123048,sandy,grapes
16.277442762479286,18.568371316647834,25.96631923759719,26.756080630811283,54.62140503093594,6.26438842558673,62.65902193400276,loamy,mango
10.232213691100881,130.86852864740408,194.63097271541756,22.738337943508423,79.72931019819518,5.801865545817745,24.73314318676593,loamy,grapes
123.91417427712898,18.542559106254057,45.3274148873099,26.048370667389523,80.26162930848325,6.40063961678112,33.70871528408442,loamy,watermelon
14.484258549738442,19.658496533629318,39.265359719039786,30.050364491225146,37.6074878411511,5.286753725242581,67.09903212000603,red,mango
15.795592517104227,15.129204519568136,10.687158460798482,24.39996836090325,88.72639804851315,6.6035230104034,110.58709166705687,red,orange
19.45349834381694,15.26990658152979,29.076118402282823,29.48941533166547,91.214852288406,5.983116001516999,167.94601599289507,loamy,coconut
23.72327998677728,19.742705556766197,15.632105556743305,25.266479501285964,95.70809426620555,5.51755079175921,181.19195251436693,clay,coconut
114.72442679487669,23.238709359306938,55.78931371793533,19.912232479359112,78.3202384956144,6.54985073592763,44.5891795069975,sandy,watermelon
26.67466111274002,22.662595211191466,31.454530016593232,31.145085729401604,93.40804435086757,5.481797466533009,118.3543177701807,loamy,coconut
126.8974545969724,26.46057399834,63.88123292706142,26.35923762635028,84.8191022440418,6.209213805769414,103.36292450415667,black,cotton
113.48846607716665,55.58117011949654,38.71101186034904,13.747405159378308,53.87939647020031,6.409905475298946,84.72310620152767,loamy,wheat
81.87287806143651,66.04519089521301,203.1041308033345,27.062813575159687,72.19874344961619,5.785207822582327,128.04866890133323,loamy,banana
26.440503121494807,12.596854176240386,29.841591044219133,28.953814528304598,93.82000413575999,5.441378601811726,207.12914028861127,sandy,coconut
21.610153928111135,65.80259250517301,22.876736659037846,19.26655998431232,19.257065170225065,5.557976124566322,106.0345653808756,sandy,kidneybeans
91.06445086879891,69.27369755230228,37.220550636110445,18.53007754331223,51.10307351681898,7.460796734977336,72.90030587388239,clay,wheat
90.57520021917381,47.21633559698902,43.53086954023959,16.604909275194792,56.8084767128162,7.437091382407827,71.56282402026005,clay,wheat
23.09519140008305,75.32799318190675,22.155945970408425,29.871384346914258,60.68243371787607,6.837911684975916,42.42587428019839,loamy,lentil
110.77963352966025,77.63893478011549,182.6559368613028,27.771117611096944,77.5979523811915,5.907523226596477,240.36327924898205,loamy,banana
16.859933490346414,33.08453474825859,32.74553441403709,31.759390417091407,51.27252546421345,6.209747265444338,106.46429220452404,loamy,mango
24.956164181993675,71.15656713236928,21.112587681489625,20.205923100900065,73.43548646084263,7.612332219504568,48.87542878856205,loamy,lentil
27.638294120819463,14.493266629995192,34.4625349613016,27.39065633006521,92.89449266991336,5.635611184688131,157.18009739831118,loamy,coconut
122.0100071811622,8.54445985087849,16.479985856430936,25.539373033245436,64.92645771946219,6.522699997267266,162.01183200137172,loamy,coffee
10.06776497607689,64.2306199470769,21.889813130170367,23.723845480040644,25.239366447486713,5.673125723253249,111.36140186548971,loamy,kidneybeans
76.72020770310871,93.8555690356411,225.1054492246973,26.329245096653064,76.22943206458628,6.107846218413953,126.11135812779006,sandy,banana
21.073350270231085,65.1372236183941,22.22964174169227,17.69224216137426,29.21080845965203,5.893411938736498,103.75346600386213,black,kidneybeans
91.53266914789063,12.580020049464768,21.78959559923394,23.57811854689139,44.24371127307373,6.717825137531124,92.84088691305578,red,coffee
103.83142415242908,19.97093777046141,53.900845789191074,22.663588514572627,81.61145121326969,6.413421601494185,36.520028651437336,loamy,watermelon
124.19730397528686,65.51610654634206,54.02721127722766,25.69378311771783,79.10732277067297,6.995833457658209,113.78671542422752,sandy,cotton
22.01443531036174,26.848256058067363,34.17797665302029,27.043519681594653,93.56401912043668,6.069274069905554,152.3481988127838,loamy,coconut
18.842493973828113,130.47317017906647,211.10168499192116,19.439340576017862,81.05982231156734,6.414520219096743,101.1624974786843,loamy,grapes
12.890208750294716,64.41563917044479,11.176919738078658,19.651035304214666,25.088558031314562,5.930883835969859,90.60676656122885,loamy,kidneybeans
26.919284189503735,63.17096231484191,22.332193625760528,18.272588051151953,71.6323445201751,6.317367153997126,33.188026757132576,black,lentil
13.224703491779394,18.586411467868572,14.085742369073106,14.360401188014254,92.70514326876437,6.851034178163005,68.95004683907631,red,orange
80.46695848281752,38.23963737624679,31.330409381135517,26.033814714251072,84.27568020619098,6.714932444642026,263.99918601368336,loamy,rice
88.76900929276295,85.4785110454799,183.69599906907638,27.450657342978406,79.30009697195649,6.198447520177252,167.52221859733982,sandy,banana
124.09541725946077,62.05673145191955,42.94408029195615,14.043216913477284,63.47802888654588,6.200755863340781,107.01750247354184,loamy,wheat
19.834536118380086,32.96260263033768,34.2486876651094,30.349310791750597,56.00252471453543,6.735975235996742,79.06827718728618,loamy,mango
166.52828705617296,44.018590231082236,54.046999730269356,29.230821000299052,83.51732867738573,7.289987137773655,41.88786242832899,black,cotton
143.2776153815208,49.01173654543216,54.448282756502465,27.64423723352551,74.68669651134944,6.324460264021353,189.71818926258055,clay,sugarcane
114.59391536064588,16.878717902283903,62.79392927262296,23.631346443660366,73.17559095284439,6.476026476768049,65.49555832092886,sandy,watermelon
19.33959562175075,54.89685226591108,14.09225800777722,26.984907582481405,68.71368475855503,6.745452016104247,45.219680075176555,clay,lentil
14.70221053178615,123.61404894176324,217.09103916666152,26.270878265300325,81.40446161709154,5.641452845766382,65.56612025173513,loamy,grapes
146.500894823726,41.97678594899968,58.04096425007024,25.07565277345404,72.22892123792059,6.338964158898157,162.3892682679885,clay,sugarcane
83.89363844839096,17.006481032655532,59.58996748923574,24.923807790246745,81.04170146808984,5.855537395898709,56.43210702072335,loamy,watermelon
21.466793398310475,22.127621331043137,9.531993794112145,23.994475485860576,86.48997174855423,6.532293756295372,48.09471000696546,red,orange
95.14562138727264,79.25103134063431,241.00707026887497,30.372915233164996,69.82109691848846,5.895082410206168,113.01655558876007,loamy,banana
107.16090497462004,53.06583154190254,12.129181005336733,26.684912046454794,55.8027851499035,6.069201451448986,97.84547550267804,sandy,maize
38.60660350223041,66.38223425474303,90.87454620148465,21.589452216112416,15.191394984793765,7.032001961248711,82.02912097479782,clay,chickpea
102.80548641406997,41.499413544126966,56.99684504811954,21.264554520745484,71.67552408193464,7.50641004981981,107.4382213814825,sandy,cotton
153.4296979001857,49.36274849102204,55.93620785262931,26.612263458138745,83.64835018224903,6.483633535290643,182.37299461637465,clay,sugarcane
18.369458559413278,58.78538032422226,74.75585107028957,15.941246475497671,16.828060751163257,7.277621827181893,31.111791836335826,clay,chickpea
88.41691082686523,40.64542566181801,53.01909573500459,26.353720339543628,67.36793481268299,6.76339447424744,119.47787656247723,sandy,cotton
29.00080631674683,21.643345496802247,36.77477460895663,26.357325289705866,95.46930077691738,6.329761083911218,172.4903278482127,black,coconut
72.48926594343341,21.009859794163553,27.97328738198268,22.718690182995132,55.77699434274988,6.866950497533368,171.73570782061682,loamy,coffee
79.54004371034432,61.11615699010143,169.65495784771966,27.018423385264178,85.21426869946653,5.819357375808111,145.69919785106688,sandy,banana
12.769221857574099,78.59987482923354,19.115831781549137,22.481540247754204,60.70593520114292,6.4994528966629685,24.109021394919083,clay,lentil
115.28216864810113,40.61455452690767,34.60281425454141,15.642916563744015,54.39040849024157,6.929279038743482,84.67402787217027,loamy,wheat
16.200898651881978,28.447686224232747,24.453598105370762,24.1819045378108,99.06491447597041,6.296376679951087,164.52953606731145,loamy,coconut
19.036655201571353,15.647410343068115,26.35050243099554,24.101200316382748,92.3957476678249,5.836049442520909,160.68829689181254,loamy,coconut
90.01071406361062,43.309548758261776,39.361229087154086,17.758742987544988,78.96991276318514,6.369108850210097,79.5793987132878,clay,wheat
11.058933317273313,62.14485635243083,23.7629179231746,24.649371130360905,58.67007345393558,7.285917294545929,57.14754879803017,loamy,lentil
124.0978939504051,68.60718887540911,44.770412360055296,31.754382127541874,84.24353295237668,6.84403580570643,159.36577448968654,loamy,sugarcane
107.29910421128737,17.432215691840916,57.73407065693188,26.10872542117674,89.14397690080341,5.873094976723419,30.18785315403048,loamy,watermelon
122.55068292840954,52.135180604056764,43.23827502322017,29.208168401215126,71.85653106479019,6.4765450928185215,43.30788494691867,sandy,cotton
18.328125055101765,18.09627226838268,6.387141393968149,24.66540566772423,89.75749240685346,7.409084166327552,68.75216895637871,loamy,orange
91.01203397450617,47.21682440288339,27.70045640698687,13.264528549440104,50.85759997841624,6.77762520237583,110.38166651540239,clay,wheat
57.65785816108986,45.232879572613356,40.24733822426159,24.647167433724636,89.28513897357101,5.130866226758825,235.83735497723293,clay,rice
112.84190056582702,53.404269199252006,54.01455763392876,28.83473809506242,76.697086990477,6.719023864194914,106.83812871523705,loamy,cotton
24.28986719358975,77.10960642467151,16.177205817840022,19.533716863697247,54.46227888322597,6.775309594817956,62.5478055994459,clay,lentil
99.75266299274865,10.74620207670427,32.05403787118191,26.373112112178315,74.43221146898145,6.756241335193214,63.702332994421766,loamy,watermelon
51.227763078140036,61.591034205549825,81.07155072839323,15.1622380834742,18.63101009061948,7.039450283972979,66.50254456990211,clay,chickpea
21.292062759732495,64.00650506836888,16.863395370415606,22.396980505036044,19.661445864762626,5.669971904565547,104.64772474664905,sandy,kidneybeans
90.02337741958091,84.18081960350382,222.61822875391,30.025773349507073,67.98938404662874,5.72784506531968,184.69422908101905,sandy,banana
120.27020633128728,88.49420216983684,170.64979184943394,21.95708345880711,77.56667026591654,6.3367273227899465,207.73785909400607,black,banana
117.97171577638433,44.58878532607394,49.757747289019576,26.919017237722038,66.39986848861707,6.480571404480291,175.035294161074,clay,sugarcane
110.2947506707281,45.301783173457906,58.065352181249544,32.154711724354144,77.50426567804105,7.385822742381578,72.7878520740074,black,cotton
20.417640252464835,17.23748986892466,8.998303766249357,17.02858231630238,93.54745817777383,6.445698808423779,46.86481798694041,red,orange
76.97782992672163,32.274717499975594,11.708305811818203,21.87249002422897,52.00752023457558,6.464084806271821,78.35579587854805,sandy,maize
54.830588508678304,37.84634118416418,37.895412604349175,22.94244197147007,90.29024556026678,6.134024889841513,271.5377699727301,clay,rice
119.0398797705675,83.90044503010141,232.49945882193927,26.77915619898318,72.82397808775764,6.632995624225009,114.19913153434099,sandy,banana
71.94631667124102,47.49607577240995,49.24249628885357,26.826284416673317,68.2522629484114,6.321746691612104,222.88134292930312,loamy,rice
79.91267537890637,71.54635388795263,176.2452500780997,31.375853993738755,74.97989982691709,5.84974765304144,148.87753780180242,sandy,banana
57.95715705373176,40.4783913193248,14.545382668379865,20.515135711896743,78.00770481272123,6.322564626867828,96.13427522488331,loamy,maize
11.439589524170547,121.16839719436449,226.52369926859157,25.52223610077191,75.17971199026788,5.905555184952758,81.23684757904871,sandy,grapes
18.083405894403857,68.58796118514768,20.999294148813433,25.879320258184705,59.203700527856036,6.476951842149773,61.44670225685638,loamy,lentil
48.46842252913452,51.9822026258649,77.9355424158946,22.074270201252318,13.908658048180953,7.0705321236566325,82.45243721459711,loamy,chickpea
26.59217003010876,55.16898072341725,82.76414364253755,21.986617984488046,15.351318984057484,7.328045263493286,73.56761099436571,clay,chickpea
42.81544616654926,69.71250457845893,66.64279490695431,21.812568765249274,14.325339813631963,7.645236981444363,52.7874502702083,loamy,chickpea
20.7251714426735,67.47182635893007,13.503157983756543,19.430942002595057,81.89476748384453,7.0300643012166,35.11116996480136,loamy,lentil
64.70809755888227,70.15958476767844,84.84643511311702,21.112045222964962,10.955170112058735,7.122439345432498,57.40746099961499,loamy,chickpea
104.53061732650485,57.80931578109188,29.832377300755525,12.35385098169526,68.39545345916235,6.940628313184983,66.61518686653459,loamy,wheat
25.743552483304917,115.32139688702568,201.0364665520073,24.38889799863839,75.82319635694161,5.809225733582608,59.293936312185956,loamy,grapes
78.64401833194414,15.673284744180295,27.223254543078525,25.689760052466276,54.40266768625663,6.523472159977536,137.09046112583343,loamy,coffee
70.51861372696472,61.98915564394119,200.24888964300703,23.27315370305423,76.21703749621608,5.582371045126802,209.19817020596795,sandy,banana
20.89669135210444,138.58207389844762,195.40071335193213,25.03031838435793,75.12026701809228,5.715303648542002,66.23117555059478,loamy,grapes
86.77558476285549,56.3540930101829,47.09352060324877,14.057375324133279,60.36491448405137,6.58690573078589,75.3301035240062,clay,wheat
103.20863514241994,6.7117651056900325,37.21364065057885,20.729623722939074,51.574389411126106,6.598719398387475,163.35019683423036,loamy,coffee
19.748844775609733,29.700080702757017,22.104646338039213,37.66155233092598,47.72912544546996,6.081437203153591,109.16163811965527,red,mango
17.213529084612915,51.887446456917765,13.667018651345789,17.854548298588032,18.672066102057,5.594317902292521,125.9417897226322,loamy,kidneybeans
14.718011762999826,23.63333811395917,15.051799943082784,23.58753342226956,96.9854588379048,7.002934830332449,165.85436702065124,loamy,orange
26.551919608979546,24.134192235546955,15.150691341703173,24.0734734243333,91.99746601249694,6.974383323739589,103.89699703791779,red,orange
93.77375192880277,25.845917560796227,33.70747379916665,19.940595546297693,77.04262320181628,6.299066360443577,212.8309349820098,loamy,rice
22.035139214765863,17.868580212289444,6.243307871615552,18.101899962278566,95.22528970411545,6.697229659841434,66.12748771235994,red,orange
80.26222574628132,57.81423113056732,38.085154980215805,21.929507522134404,83.0756538097379,6.287998673588707,274.36750300961745,loamy,rice
80.78923844922431,25.336148895425353,22.242739093058773,24.00066325051271,65.63611877282268,6.965721650491829,173.84544614746054,red,coffee
140.91746064802257,79.83941053665329,184.1263403634614,21.932683339010683,67.89321531274595,6.466458549308141,129.1242447018678,sandy,banana
12.032404916039352,64.26601616971011,13.272644510335528,17.32329893679419,22.520752230930885,5.458721801391193,74.51475331282273,loamy,kidneybeans
43.43172312901759,61.571553470901634,84.7969053059753,19.961348541538115,21.10441410501237,7.080661784853993,65.6180910017243,loamy,chickpea
102.84433007931464,46.46974123793787,23.301214976158644,21.18772367640879,61.04507040578498,5.651634592676739,31.391417289528157,loamy,maize
115.17190934715083,47.65357262971675,54.82633232089838,25.006985461281012,72.90329630011064,7.006169618255844,77.49209866159538,black,cotton
97.90794561942168,63.588162477990856,14.743340454632254,23.094181661823445,67.97817640914764,6.322964028575263,62.06680994871813,loamy,maize
20.810548485745866,12.33376607157462,7.156858114336762,26.643706046658153,85.58917469647878,6.926727136157158,80.84226585589788,red,orange
116.27619701051734,48.51178112334548,45.14442222332639,28.871028979437344,68.5126530359594,6.465105871364659,79.21330023494032,black,cotton
107.73010231109139,61.32840299501547,204.37873543464434,26.76485348400816,81.26806438303267,6.24940411530574,174.32348812373814,sandy,banana
133.38267196391115,53.334016923503825,70.4826437639081,25.841693330449313,84.458290299213,7.077790119749237,202.58353312093115,loamy,sugarcane
51.44735215059482,78.6846939376513,82.4339891640054,16.53432468537088,23.8768832471777,7.275593059588637,66.89247794646462,loamy,chickpea
20.972942543689918,74.24322877990706,16.18847712221728,25.257823990200777,64.95045844392051,6.413252562642495,33.1241682428592,clay,lentil
107.81398262165195,27.37720493992296,57.89699980754158,23.696229537566303,64.48899892131152,6.350994313130242,100.54710125475727,black,cotton
20.367776984701173,77.92586599312969,18.705376886688697,23.59082466835607,59.981300631060385,5.955984592534788,45.84565939786175,loamy,lentil
57.68512701914592,63.77916112028608,58.07456509192591,17.355781200265533,22.15937567144652,7.521230714810097,68.73370398012544,clay,chickpea
26.1526094828296,55.15115448167609,20.922421666650585,21.377281867048893,64.92387851613222,7.166427276124423,57.26362426538517,loamy,lentil
102.23996539153575,72.15648183395442,210.04370699511955,28.65224708730553,74.66384465566422,5.982179180798197,194.8571968913976,sandy,banana
18.0300557089228,27.539630374925952,36.10292960618844,24.850579457818043,50.57675840671804,6.025685228784523,141.5580243312185,black,mango
18.936821205256326,70.09479963671636,21.50945189836565,22.07275375832483,52.847533800632526,7.282927349965052,53.26462096334889,clay,lentil
19.277015556357092,125.93934368443335,204.8342244476641,24.25070371725152,82.54117225744274,5.639540912310921,66.20103511730959,loamy,grapes
36.43702479864984,66.93092987988032,15.945555280957056,19.77331954329167,17.289932875551298,5.393857744135943,88.03261273531855,black,kidneybeans
27.901383392102918,20.24268867360491,28.95287094656523,28.065214567587706,93.52630294691028,5.569698098447195,137.28699035987282,clay,coconut
134.12072925735518,44.261134345296966,48.1984029311531,27.276796800429533,63.57479849573183,6.486601787415838,55.79732940296439,clay,cotton
23.65987667823831,15.928144240343943,9.767708082642987,15.464743829773276,93.50490220524419,7.039536582023859,82.48680846266339,red,orange
65.82867455932295,66.86189158556081,16.720773241829733,16.063427107484017,71.88197910648218,6.305342236617469,117.62351222394314,sandy,maize
104.31962490571223,71.25988801259726,205.81069035153791,29.385705429905418,77.67470724802008,6.159352333105157,161.39080228749117,loamy,banana
26.42405161355765,16.890121842098804,19.041453646225456,25.137632098203895,95.8939608663218,6.00614990723777,111.61005323100639,loamy,coconut
88.05449768064702,36.72046976494331,17.039591957703927,24.565677893362178,43.397029001005706,6.394730446715211,137.5726865568542,loamy,maize
81.19055982928329,44.22193467241728,25.4978686464474,17.067163587164067,68.89600040329707,6.148125389942975,99.4236946423843,clay,maize
78.54668260328806,17.807397151561908,51.392039912327654,21.908327788230554,85.47626198723731,6.730878309922015,46.15789779069399,loamy,watermelon
123.68032422858624,49.88848960059154,40.282760081580285,22.54929994184519,76.64250808179547,5.78853214333358,109.49258715199609,black,cotton
18.649655644975,118.64631663543261,193.39852873944363,17.342607936549285,78.77610047709761,6.307075993987502,80.57770488955124,sandy,grapes
108.98633419247878,24.858453531033938,51.61574347419107,23.068653407434677,54.67417028526377,6.835428006255086,129.53349843135422,red,coffee
125.97484891488091,69.16196577743881,154.11919808887419,27.998639136707578,76.0129176356871,5.960669143213411,176.68533267193035,sandy,banana
76.7730085689541,13.216775504668918,49.21848575301846,22.670538843987657,79.72687894333123,6.520925685267046,74.16363723279937,loamy,watermelon
18.127539091587455,18.156875530783033,6.178142972983286,23.900611225193746,99.50305611133109,6.644948046384232,153.11870927686834,red,orange
74.34170231060061,47.10973763485216,40.419734386849946,24.123486442589336,81.37907039160423,6.099209048717246,226.10250048409875,red,rice
110.13470836811297,45.51575140882138,60.02519422206251,26.291200664906995,68.82763686221885,6.8336940333384515,84.85127306708821,black,cotton
18.729993792820768,155.7313164669885,210.56640646557753,20.405438059586068,72.36379034688716,5.9380343738386285,82.17646670241623,sandy,grapes
16.061522490434708,18.605594755760826,28.89459302073221,31.89941519454853,43.71957708959137,5.963757486935529,89.48753980921609,loamy,mango
20.58433565102106,20.435381742900084,23.357967018021807,34.46335079149603,64.59987932973458,6.403794021392367,127.98271621467839,red,mango
32.347020894932044,20.800203217598753,25.872619380905874,24.910018078669975,91.66506017864633,5.7323524284601,164.99898818608418,loamy,coconut
89.41889263837568,57.22639722787853,23.96022495074201,31.66577950694164,55.89248546151472,5.748340299460565,65.14162228762201,sandy,maize
19.36567395152522,15.476394095037868,26.68693121235288,27.082081231377845,93.69608089797192,5.564224060788709,157.2689040695703,sandy,coconut
101.04937884117062,58.47851626300124,34.51574709717559,14.063805907923259,49.89139047698383,6.839884150529636,70.5836242889934,loamy,wheat
26.23008802549597,34.20911806340869,30.423472592428336,23.771113129525013,50.22304833200011,6.248629108967767,91.61824858584374,red,mango
21.3122131513046,29.065393683849344,27.798373987237547,30.279893785649094,98.3405892030426,6.051228051975395,112.21604490651424,clay,coconut
122.15212946797311,53.717676405528636,47.39660285276149,16.81142105107943,51.173782895934444,6.989468756326721,67.27054254566183,loamy,wheat
11.512804842802844,120.54141412640169,199.41655314002435,19.411616803529732,68.97513669891839,5.952236883768169,78.58912843259861,loamy,grapes
24.74904903167912,33.93084879716906,33.3288571862697,27.104248443805393,43.50946136340798,5.825940767498827,99.73659770341312,loamy,mango
22.667433435442188,14.019697590874424,10.389941251958854,25.4274948487783,96.92807881430416,7.531035521979865,117.13921038582292,loamy,orange
126.77422184320207,43.91149091854642,41.345646456890044,21.417538642713488,47.104161953631426,6.581470256594933,78.58343549201749,clay,wheat
88.57901186392665,63.77768204931886,13.594437385730684,23.78026053518833,71.06151856415671,6.8058159237352145,54.455908766385676,loamy,maize
14.767807194551414,63.274701179808154,17.357157520621893,23.09371190493667,61.07378365794586,6.762209898927022,59.28950188615954,sandy,lentil
136.6640906781425,49.72963767936384,73.11669976816833,27.393279731658822,76.08756022280915,6.7294905826605165,157.77700188706373,clay,sugarcane
19.459949623994326,17.29056587066936,32.31751625965062,28.11207488269283,95.42316572426643,5.858352170442204,134.208807252637,sandy,coconut
125.18874231619158,68.75621215426604,232.0358774364164,25.531951061556324,84.65370343773857,6.370010265024163,151.20846389794352,loamy,banana
14.97188491744589,69.33030645225989,21.80800260921792,18.769376732575598,24.43476833885408,6.316848965010718,98.4191070437501,loamy,kidneybeans
119.07049180448276,40.740977205606136,47.640159111410426,29.930892451286137,62.39757109546322,6.7989703848035195,87.05379541908931,black,cotton
81.91989936288125,44.05089339112094,42.286609116820344,28.918005225120474,83.31629500818313,6.035629107666505,264.25154840239554,loamy,rice
28.439693201903868,62.58975116463252,26.178914464970706,15.733059850724423,21.280716701220836,5.505673852565116,86.72789514511163,sandy,kidneybeans
87.7920519122238,13.758909749704205,31.517809433589093,25.80817791978744,48.672344589136124,6.5208209472259915,142.67290104886683,loamy,coffee
120.20488428518357,67.24125435835174,48.04121371728464,27.40969603354739,74.54047418598296,6.914395789354369,198.4280390407574,clay,sugarcane
56.185070279546,24.267057259627634,27.264224821118873,22.267627173736017,53.290255150776254,6.434074471453588,188.9157927208122,red,coffee
22.081298072935958,109.2957640876908,205.45946488248515,25.353893640150183,69.97959738707192,5.918825669959134,94.6931530068756,black,grapes
131.37234392661895,46.304561663461605,62.789922347450656,25.322290699815017,72.75380423646479,6.640908942768675,92.95969115125763,black,cotton
15.657731321238035,80.97445542647053,14.877983148068665,23.66339374329984,75.13770085261893,6.770704208144468,48.265100918108885,sandy,lentil
94.7155154677874,57.63348402385306,43.956453242582825,27.92099053403227,89.45175998088287,6.652039726561806,244.56396708450495,clay,rice
17.883134290020536,85.84168496976278,233.5654030298674,22.107225709339016,76.06031867500622,5.662766911304154,64.95331146499532,loamy,grapes
39.13170693851875,57.14203730617227,74.83702403138491,22.30111204209167,19.37803316582239,7.524131671292903,61.13718201635313,clay,chickpea
104.63275837455646,15.222664947448626,27.38516802720813,21.35412611419364,71.28971074857847,6.38353055459166,179.02321380413719,loamy,coffee
20.69108529891674,57.565275160656626,15.810883706111753,20.109076377136233,27.185252709212342,5.784823779569971,121.15831247559677,sandy,kidneybeans
82.99077229823888,20.07250990264351,58.212810636018176,25.962854261693334,88.0060792549575,6.467024204777071,55.69599079515652,sandy,watermelon
69.56254421757609,74.41087220502693,171.63852679384976,26.92248867191024,77.557638726272,5.941267736367771,134.72766903409664,sandy,banana
93.77442836824682,2.270076468574926,30.985865841212366,23.635278081394418,68.1698484020552,6.602196163014542,112.35757565057483,black,coffee
20.442780883084563,32.07496994289944,28.10977091613449,33.52259803693245,59.0631613751309,5.743561846903661,134.8778464699348,red,mango
128.202261186044,76.61941781188503,57.4673839034119,25.779477687117318,83.06807805230974,6.120929198863049,166.5774256743097,sandy,sugarcane
