crop,area_hectare,N,P,K,temperature,humidity,ph,rainfall,yield_per_hectare,total_yield
orange,7.44286268082528,19.826546948893583,15.381185950832776,10.05487190383202,26.30190066460885,93.43586922805231,7.865697963582568,115.48986324337807,10.721,79.795
banana,17.51220366616919,121.06789806643395,76.61745432966603,206.44162749761924,26.199502945709714,75.20613914030424,6.261609539538137,150.77469825027183,30.818,539.688
banana,18.678745478262762,93.99518882838643,72.5508152557517,243.97395301580178,31.180508877964783,61.64376789993134,6.146452319047162,188.6485410552757,28.27,528.043
maize,4.254716700565215,62.220981439169066,48.62134580041522,26.655125454410204,25.43838581713475,67.44236860863845,5.7559003916373905,75.70031289325014,3.074,13.078
grapes,14.829703723132607,19.309351442453007,145.32349293964734,197.55137726288544,23.00296668012512,83.99445550474279,5.946836754896475,60.62911774600908,7.698,114.156
rice,19.231128436505124,58.61543562048935,52.034519867165244,56.55017484096052,24.22698248590284,87.12493999219828,6.793850127076298,228.33326800731038,3.439,66.138
chickpea,2.103789688114785,39.60632429650099,70.30157909491561,72.63450714437091,16.105614969197298,24.82414392301801,6.97515248505717,74.61968115429332,1.487,3.129
chickpea,8.936271721833828,30.94725707102622,68.47081823498006,79.45577489718086,17.753477866479443,19.324043131484043,7.21980433316449,51.30231269322157,1.446,12.925
orange,17.784620106006226,22.79670521071596,14.650899502869109,7.445680594095855,19.976923400702027,90.54080979536064,7.40531382150703,98.44487964440408,11.809,210.025
coffee,17.279695131967646,116.19082516159511,24.80370235718788,26.418755846426553,28.13149166440693,52.32880802736066,7.01196715368545,193.63567683001364,0.851,14.709
orange,7.522217677496782,18.016311884413085,20.526829639605317,4.329688488290874,23.179410819646126,93.90428573622303,6.758998706405666,89.12988053730456,10.65,80.115
banana,13.824690373013041,107.794587729201,79.85722511486652,185.1597095410126,22.894576961622327,76.51904856934284,5.565158085183254,162.3590405768011,29.248,404.346
grapes,14.876267750887783,17.885020119474714,149.73303918390377,197.0374341583582,21.341107508215494,75.81717029988852,5.994368841035344,91.139721522118,7.567,112.57
banana,4.483406243174883,113.02795013626096,70.15851752238055,217.10290663475917,26.509525995841965,75.97470452774364,5.985086767590405,179.2970189462615,28.423,127.43
wheat,5.686505374318714,101.27573833295041,53.60653473555254,46.17432391904586,21.58220212052237,67.88641516645285,6.897075403405046,110.08402438530808,3.04,17.284
grapes,9.496590893903962,15.685270664879802,112.72523621694774,213.8381273285022,20.56229652261424,81.07441166891307,6.712046786625893,71.7619194917855,8.274,78.571
wheat,8.128081923207807,100.25148145444103,63.95154931756322,29.02929046446154,24.625467885676578,62.68128087139708,6.79133740198504,98.66051369540227,2.785,22.638
coffee,15.367117248872397,86.84013707298638,18.39677085316709,40.734116542476286,25.79596330847227,57.76420508858953,7.418972160698552,230.96150969669594,0.884,13.584
wheat,1.2967291184468805,100.89840214569205,56.344248316912946,46.907359809197764,20.12343421366354,52.79737156758139,7.007953389996804,119.70968463057878,2.515,3.262
coconut,0.6698720380307761,29.813567647416704,17.66930247435288,42.52482067825863,26.252016656614114,95.33032691766303,6.30561177445161,165.26376278023642,6.126,4.104
sugarcane,7.6996833935960485,126.31345013868159,71.0940966778636,77.62201448790181,27.628292877872983,75.31782185996511,6.47971137874936,160.6500183552791,62.742,483.092
wheat,7.815575634275184,109.53851867267299,43.63793959577706,34.544035003595404,19.849968471599926,66.17752392059651,7.051604099052393,111.9482449722229,2.902,22.683
wheat,8.454427575701928,99.44254540428467,55.00364207853797,51.447686391231095,18.78041542085347,61.731176211051945,6.857948068735835,64.8798361214702,3.024,25.562
grapes,10.114964682100599,11.82101848547572,112.92642822866638,204.03910623720986,24.604096372349904,85.6660278275744,6.168297700562544,62.2044547846451,8.521,86.192
wheat,11.475361604872148,109.73996668419296,49.960685603900245,44.03605702805531,16.015672010220605,62.222767926255436,6.596655249862586,32.82885398948211,2.863,32.853
cotton,7.955886563229193,126.14895246722905,61.27947555583366,53.05941294754497,25.90652951575374,68.91260893832778,7.055749103248966,42.565094618060954,1.884,14.988
cotton,17.058278969682465,137.21599188218485,48.20211724048247,54.73538907992724,21.058884455292038,69.91183977783066,6.549809107977314,60.67441474071054,1.836,31.311
wheat,19.17327271497238,127.480049275836,38.2541000391556,48.00880073476732,22.538868978266507,43.18523076072909,7.084944685767276,69.57368197677741,2.776,53.227
orange,19.066844246119555,15.235594276454403,8.721182096927526,17.390261394166902,23.464381656617032,91.5716817657523,6.935197101939824,57.59520307661672,11.061,210.906
orange,14.353916055602152,21.615630102961582,19.148366733161012,7.707712826024055,24.688353001362827,93.478627457785,7.375240125868762,140.08635882277292,9.091,130.496
coconut,17.746620558911133,21.354426790264597,8.928255361518286,25.8358517074425,30.91385512069395,92.99112062333256,5.612961915393957,158.5324589090722,6.206,110.131
grapes,2.907478756486779,13.084890304865343,179.58247100856488,186.74487406623086,24.082050418224853,81.01611781505552,6.0138469540649035,58.11382773369952,9.361,27.215
kidneybeans,16.200440431492897,17.43111064142798,57.158203752817506,18.383511497005586,17.06773130834379,10.0,5.829294726378835,84.45064439692135,1.091,17.67
watermelon,10.315533683075067,94.54908423306321,13.751514393236441,52.48906650120807,22.337058512217983,85.17270115668231,6.454455415233672,76.55890120397116,14.756,152.215
chickpea,2.9231483742345894,37.88547868752646,74.3578006356813,78.1776795279211,17.87006994083528,10.574269717549818,6.761676120911003,53.731485207904555,1.298,3.794
orange,5.731638476814737,17.866122726306074,15.873171958252286,6.996596107533286,18.388679950300485,100.0,7.687393297239111,89.45334310063461,9.135,52.361
orange,10.684691073455145,23.30073700670338,10.917798851902829,10.322948998676031,24.86675517652152,91.66096510974138,7.421690504253682,143.51497864067503,11.607,124.017
cotton,10.64225455805897,140.88265561704782,29.227904673800374,58.563184040317566,30.2802289053751,71.37900878501576,7.159163925256716,87.06309073115646,1.842,19.607
watermelon,15.993057056605972,97.347856027679,16.162416210281553,59.125454650426335,21.712860331608162,83.08896904407815,6.435032999003698,32.21809171542107,17.211,275.252
cotton,13.033357322914187,114.77325671652089,60.3642565377988,73.0695660246993,28.2733580648478,78.28600256845039,7.248079597726613,59.39356860728649,2.023,26.361
lentil,2.2810153304654333,14.083073624503344,83.25295016579726,20.175508672860815,24.587132622546548,68.7312078849687,6.158916203554159,37.87189838093571,1.04,2.371
watermelon,0.8535884137184617,121.81981554998967,9.670032583128961,36.10078554825467,25.45909818895777,88.30071092428484,5.727615319546416,44.958772465770885,16.124,13.763
coconut,19.27816144350199,25.890988869199635,14.248446403337246,46.54762722845059,26.930830783392828,91.72272767298149,5.596109415241325,188.6866015899286,6.024,116.124
chickpea,15.726991213317415,49.434295829888896,86.46544792323574,76.86701514018198,15.034355402260736,14.827084506930925,7.377717241367809,64.20082182845236,1.575,24.772
wheat,19.036645004412044,101.43462199896014,59.830405206078424,50.23873848276671,18.834237127418884,58.07436989290601,6.3932037489986095,95.46113293847807,3.256,61.982
rice,18.11245224649207,93.21980080598192,47.75124288455592,33.51293024706271,18.456532555808153,77.38637676472406,5.66220385538939,190.78511190556804,3.392,61.442
watermelon,12.534675976338207,96.75501540748446,24.570247543745204,56.35970199858171,22.61915933032942,72.4928310545817,6.361355172741665,44.55309160197338,17.705,221.924
chickpea,9.553395669556327,39.264220615726494,59.281863434307255,91.60559328056453,15.904453467325697,12.26158547082331,6.568301335187342,84.64259456499165,1.607,15.349
mango,8.684747236820714,22.63871612087541,20.35497859540194,35.92061690274329,34.91467794112842,56.95927334852973,5.47519496999253,83.39645368021466,7.691,66.792
orange,17.07666085823515,20.646213389720778,14.313324709581286,8.97938914238545,22.38160019723952,91.78773051367702,6.595111229781983,120.91985435127812,10.02,171.108
chickpea,19.313151738962937,44.324099150994286,56.38810146585673,77.82715105886572,23.41550432050158,22.758545526862274,6.774241744293741,59.51045534401691,1.62,31.294
watermelon,16.69607800411019,94.27067980286743,22.379535056395188,27.29169270034713,25.93150666064639,87.68800737744711,6.275076072327712,46.855131684809514,18.055,301.449
cotton,7.948938823729255,133.2987834182624,33.282547092634886,55.265165761387024,29.13904458323256,74.07409668372168,7.338249462401615,81.8580234960771,1.876,14.915
watermelon,17.61794878180469,119.77514532134983,17.82294156385289,61.2173435497838,25.59529921460236,82.53788171771313,7.0766297203300255,37.94538241463526,15.534,273.684
cotton,8.718298103254414,111.51774720697267,49.50056345542194,61.411731403316274,27.967865655466355,71.10965374490252,6.799422372822849,107.62801851950776,2.018,17.59
watermelon,19.6233538999599,109.31082464359564,14.426744434755202,36.6701363830998,18.148988463268,79.86873360025733,6.100635035713794,49.18336102701227,16.044,314.843
watermelon,15.824363065673857,86.28882000685378,20.10131432617697,51.065925247768384,23.966136933375328,87.49407279190646,6.459095645033529,43.32309380164166,17.143,271.273
rice,17.5281186185753,66.99595063667158,51.09880528761576,37.26902784193193,25.92198200980315,81.3261590417815,6.142969504813597,207.83055725071694,3.703,64.9
mango,7.086433212656037,16.101818897745897,29.171128278042723,24.786758364175363,30.56624722022836,42.8089494460412,6.1805719652014615,108.1520149498976,6.915,49.002
coconut,3.394526584305115,17.333591659194727,15.277205545854997,40.88788345679043,30.0552204275793,93.98208013791803,5.693924598108984,161.73520836059183,6.833,23.195
maize,14.708318355602705,71.44896606182375,42.09709058991389,19.394127699863702,23.61128425573183,60.320332511181334,5.88857394062054,109.32897318133828,4.267,62.76
cotton,19.702108680099734,112.1065380920667,46.49363703851078,71.87468370645166,27.994799624936228,56.32541365099033,6.336046253377077,79.97993497155034,1.781,35.083
orange,19.588144332138896,32.8891646913822,18.73381201929216,9.398026048962448,24.707365535989897,89.75357351343419,6.107789933049254,40.96176141770155,9.501,186.112
cotton,10.00019982816687,104.38253112096018,40.57384612879008,57.980029108942915,26.343364652770543,76.01663643426934,6.31289114983019,80.79201232187202,2.046,20.456
orange,18.521735898785696,20.371971751167774,22.46124126722585,8.432612555987902,22.602151191544216,94.4209293057262,7.759417029929335,149.09429481529185,11.78,218.179
lentil,11.368884470066568,12.569412716229639,60.881049562989126,24.076968359265706,29.410009546419623,79.92128215855513,7.174834771277748,39.09268760171219,0.923,10.492
lentil,12.401357464187686,15.59168788179618,57.27371466018819,16.946248756476763,28.175202836137686,46.83410991458398,6.940957271613951,37.39195767119921,0.984,12.205
grapes,14.800345706806482,22.705354869149776,116.92918587056356,225.349882913302,21.4060396116798,81.76799556571544,6.123414248090667,45.74685515597853,8.473,125.4
wheat,15.58874392692239,91.87878238687401,59.664751638852934,34.34195515811466,17.79452884399304,60.43311054660157,7.219275856595273,58.576899164622354,3.118,48.605
orange,9.671622807184532,19.459982519884395,8.02817755680406,7.9166859025784975,17.595525645921217,93.75542853903272,6.68858948578226,65.36979915357594,11.436,110.601
kidneybeans,10.354230479438137,17.921020317646082,63.890963508998915,23.001831188059956,20.669043063656257,12.438036200547607,5.744940543794632,73.69263425151952,1.317,13.634
maize,12.203078448340705,100.26855722773782,38.54619375906887,30.68437023870746,28.591093602389673,60.17760581069472,6.483743938301785,150.5979641413776,3.842,46.89
rice,18.408859815894814,85.0061009871587,33.43649344855558,34.02822210901104,20.557652616182395,85.73027837993536,6.673351953881155,171.12647823013944,3.659,67.357
wheat,5.816914756094596,78.2584509752364,44.409710212109715,40.80962051937526,16.215638185952454,58.198527091165516,7.029614539805055,123.0340055190623,2.997,17.432
wheat,14.673457772432668,80.11222672098538,39.21580540355455,46.25502074829833,19.811365803569267,55.64268084191847,6.572237503121423,101.61713456459633,2.874,42.176
orange,1.6804564613226347,20.80356162256382,30.85475960859283,16.372552024989954,19.698981036559477,87.96487112501234,7.517192615644524,84.87996339712788,11.789,19.811
coffee,5.595262806845958,77.2946860793323,19.45384239356842,35.227223470243274,26.150839375165766,57.260895201592746,6.899235857754365,122.88463378990588,1.076,6.021
banana,9.699952611251188,102.28707823673292,63.58624424517122,167.44199050489,28.3549448009278,82.24349843844168,5.8610969530060055,173.87875483990885,32.31,313.403
maize,11.880776163545013,106.52620027001055,40.81120007375214,17.94519134590062,24.478263662480128,74.75357090207852,5.95672087276764,97.28117813414207,4.018,47.741
rice,19.113988488400196,86.17208060247619,37.178687525825886,33.339810078475395,26.126476145295676,92.50140209681332,7.079115024094359,178.4053797688183,3.163,60.456
orange,11.100819056270552,17.35147020079882,24.54591268110515,12.944444713941225,22.005346267925535,91.67544564260874,7.037490624261633,71.76155890030708,10.553,117.143
banana,5.336295082911228,92.38486279966843,74.95176779450604,188.90402166492484,26.506579903854554,88.34054528164305,5.5289758167183845,141.17451698153226,29.42,156.996
wheat,5.7205681497563585,99.34129610741192,62.93827843524382,51.16014831710701,14.229885768210904,56.3414242837998,6.5717582631033835,69.13345230186519,3.17,18.134
sugarcane,8.892942331517116,114.3315504768003,43.48181670943037,74.51667042524082,28.455212235754637,62.863252083142974,6.833584211112228,126.39446196966423,55.643,494.827
rice,11.09915805313647,90.19027155577953,52.9268034147698,29.182607316977055,20.44305939327107,78.77908884951498,6.753864943197152,228.83901574320984,3.238,35.943
orange,3.54254969876058,24.88592566655159,18.94532765333661,9.853898491128463,22.11678428555766,97.86179811024992,7.0669323780977695,84.25976990714179,11.561,40.956
coconut,9.630398358995413,29.339249460204993,16.459311595367243,20.040698668312064,24.448453721370218,96.44167017127745,5.400610416041839,178.34866021523624,5.779,55.655
grapes,16.853814307844722,17.734860957217617,115.94766825457926,179.4914964126939,20.93533349375705,75.41084799613077,5.760843599868819,95.50951324534682,8.5,143.252
wheat,11.127031225753328,99.55285806008604,43.646728674685896,41.30389980437435,14.886841258919475,51.60722615599586,6.632399796091574,80.86721888054421,3.033,33.747
kidneybeans,18.269753365521634,20.219046636600012,53.87481856587083,21.19715035290283,18.988352727321743,25.799190027004535,6.194047556154087,108.77954327891524,1.204,21.999
cotton,4.790027170314758,110.5770551316451,35.516455135254176,54.91329594489364,25.878570413622047,54.742610833723326,6.639047676003446,91.87170307609547,1.918,9.189
chickpea,10.402893108246488,30.99683067665721,71.76043124155994,94.34877610609374,22.866350538452682,19.574938831644367,6.3623369663633,55.462509095055324,1.303,13.556
maize,9.00307686277298,97.35988977000521,38.0733734277176,20.324092646928538,26.624512997230482,55.317736549915345,6.614770474225753,77.36610634620243,3.648,32.844
coconut,19.45717201162483,22.422699468591404,16.844376807573777,27.434928322967533,25.84839762783489,97.16312922973059,6.060403434069632,233.1990375050104,5.701,110.918
kidneybeans,13.801572975721916,18.353523913057508,54.16585614433254,22.984817674630477,17.600273049021123,28.132333310616517,6.331885916244847,115.01422097269779,1.276,17.607
kidneybeans,5.900980553029647,24.516300672632816,67.03468637950849,18.435801248574077,20.848942454508297,21.692048772309665,5.880327471275212,51.22501809776086,1.159,6.84
coconut,10.336473368343432,17.335460246201723,16.541266278120336,35.73769426647185,24.627006920131144,94.91936671294546,5.572907858087396,137.89127374491187,5.673,58.637
wheat,17.808356702754267,102.90888184792037,59.57272165279763,52.1212937903674,19.154720579237818,55.94212325632111,6.357083936207261,106.7159690822144,3.011,53.623
maize,10.194377148839116,81.9634273831448,47.00757589273028,21.428277408269476,19.5561174737916,56.47466040334904,7.012770345746008,86.69483905251214,3.541,36.098
maize,16.696534676301475,79.82205176710491,57.81655634618822,10.476837191675777,29.502713406862682,72.36124615861539,7.194533605609457,115.28878597696642,3.647,60.888
maize,19.749302581319714,58.50803251172059,45.29538259605739,22.949265554569653,26.151134827604473,74.65919642153169,6.3329055551558,80.68367866348696,3.391,66.972
kidneybeans,11.619476451189238,18.088071665578582,60.914808061230225,20.77625162520487,18.857240840373755,17.575277043669146,6.007408889132451,131.18576887103183,1.235,14.353
orange,8.19348618601551,16.108403769588854,14.364180696643245,11.33993980262462,18.40770516869989,88.93034503242514,6.91896484810288,118.06152905190748,9.97,81.692
lentil,3.1019848567307884,20.667268175727095,73.19330562133368,20.631369868795364,26.41229404165354,57.005256348115466,7.095566654167084,45.16023639244904,1.051,3.259
coconut,17.088010374521165,20.736463006469183,24.073100800978363,20.958926351352254,23.522760656325282,96.48756286121805,5.760672321343063,162.09347413868986,5.716,97.674
wheat,3.2679566517236998,111.11506539302223,36.6301944958553,53.422615131103356,19.933043992331868,49.36718169973837,6.361363337334176,94.74195482768094,2.914,9.523
coconut,8.968475230869698,32.14784269720552,24.002158083058614,44.721269628252,25.921370227178222,91.95421686234643,5.775666511334686,202.22320832058494,6.011,53.911
wheat,19.15943546093403,99.46851077909221,35.180932769021695,41.00379038731617,17.49069272401008,35.15675172398978,6.5907560387800626,84.36820020453506,2.675,51.258
grapes,12.495804607507901,14.129412755697896,152.19057584347215,194.73732805593147,23.3093903227417,90.36535845359286,5.594550775512744,54.24842092343168,8.019,100.205
sugarcane,2.7734350714418494,177.93696939285007,48.57313575667564,72.96838232445006,24.9058374995155,78.54636675535377,6.605003759452187,217.00105374765965,66.317,183.927
wheat,0.5751358786148232,105.72300446854736,67.39973801410464,30.358287064330113,22.569419054035226,52.05412413030986,7.307865259305922,68.33109273971681,2.999,1.725
wheat,10.93222973330099,118.50134977555409,46.88421573031208,44.81469073706931,19.062229122039092,49.86958804577346,7.303239599487683,89.22375591347782,2.773,30.315
banana,14.093237084935224,107.36022509145937,74.43514561889086,206.39962256575862,27.235656270556568,77.3817276426161,5.6127528794329535,165.28277287580917,26.298,370.629
coffee,10.025055691175599,122.18611468223938,20.774955927431943,36.88373362515806,26.92046717124508,60.32160243186949,6.901210402333532,191.06338102144377,0.914,9.163
cotton,14.81468923426989,115.90550249440653,49.13499957455969,61.08806810999288,22.80244325503194,80.22727588428643,6.510231671548115,82.57703717410675,1.854,27.469
sugarcane,12.38812045843066,117.64206493201306,55.45111210263535,67.97994275307104,29.7559839451279,72.1450946296502,6.601945954098714,132.49625056166602,61.996,768.018
wheat,8.015148628315565,83.6315443695593,22.03169842687579,60.06066636954314,18.292096902460052,31.451759376535545,6.921043442585963,88.79173313059653,2.664,21.356
sugarcane,2.3679508058574936,127.55322412333318,43.04074686174933,70.62411814024591,28.01994460455295,79.0391534465528,6.687012071717574,173.79680730700846,70.472,166.874
wheat,7.641729987754014,90.62938151288293,49.88846216340668,44.10805842790095,15.55978180112297,69.10562467994197,6.6109326798865915,47.21929741751612,2.684,20.508
rice,1.4207050017459095,63.54793272462593,61.44962511820409,35.09891669513738,27.600185208402138,81.34720202844775,6.308544913948855,209.48854000952952,3.831,5.443
wheat,16.695769870659277,100.90691957502243,42.015313208278,47.77306407794463,20.91516553935513,43.71213249940881,6.900906657864013,60.69846420829703,2.764,46.149
wheat,9.906535559899371,90.29455317974566,55.10169257879728,26.244334401431928,16.00931259259838,41.21787823469851,6.674849809903242,89.4609801951504,3.066,30.377
chickpea,11.75351828098297,31.02358108892397,58.967618582367976,65.0429929048288,22.183432374174313,10.0,6.588063063807721,48.53910978657259,1.169,13.74
watermelon,19.897199429521745,122.134365108592,18.731360101192827,47.69396603565405,19.29328879888246,80.31074290825973,6.562568530499869,30.828697841170133,14.042,279.395
coconut,14.881836107484359,24.109089251607575,18.35598658164614,39.895744645817096,28.22255621981943,93.20184534227222,6.180921393334207,119.33133285984646,5.669,84.364
coconut,5.576060576200857,8.84451121396787,17.178857403273284,35.8436161582393,28.801967961585145,98.42077448044917,6.35737119287257,166.0718048591979,5.615,31.308
coffee,8.101689942818506,80.2953747391272,18.91035020207376,34.75491705600801,19.91109697720781,47.593713939101534,6.958346142518319,171.29391432293983,0.989,8.01
grapes,6.508077986467501,21.713567038709947,134.62195892586686,212.778769482693,19.932816707587158,86.86569877197732,5.9986107972005405,86.27305257281296,9.034,58.797
chickpea,13.289171566763256,45.25887982217951,76.84030549679089,75.9592473599806,22.03554772378885,22.651608594131897,8.013583671548629,72.5288494958243,1.409,18.726
chickpea,11.32052938074879,44.8765791587451,58.73605099462554,71.59390875012812,20.12517401455257,14.941249648815296,7.662831449018441,70.72060346506323,1.661,18.802
coconut,17.302337085856415,11.708924237290983,14.680259893097386,31.788394960686155,29.334354603088965,99.84382617367895,5.773392483925019,186.18079211681575,5.97,103.287
grapes,13.580377490248402,14.927843888140611,121.22447065973716,194.07079883663903,20.809740068687518,73.59142154204976,6.542385455590043,63.89613078661458,8.019,108.901
cotton,9.724077533304285,115.77777397988409,40.64153233768431,67.15130386588307,28.205543250930063,80.82779101615131,8.058085025385154,85.9361068385988,2.095,20.375
chickpea,12.416159846630233,46.44704609703993,70.88758597459518,76.76566658313274,18.669489366194444,20.822024476802646,6.910713122053431,49.08924630306312,1.399,17.368
mango,0.5998925293876932,22.599133418705676,24.76446948865727,38.44157271709963,28.42540426623188,42.77370305340466,5.323662144050641,89.05688227534779,8.527,5.115
wheat,11.08510392935658,74.04111814932611,67.38976876293987,32.45797109182426,18.33553144462526,46.580625710599406,6.265199339405019,70.90120320621736,2.738,30.353
banana,2.5600409584635333,90.47222255847589,88.23517934180015,181.933287861127,27.9776590924594,74.15830424149405,5.891015907435165,178.66589908323866,27.168,69.55
chickpea,10.34135529989658,53.50611867552537,54.19458366442804,102.4220208859643,17.853016110177272,12.165493432632775,7.638081884924715,78.86456400236189,1.505,15.564
mango,1.4292199252994187,15.639627125138396,27.231218641510605,19.402680528510736,33.87461949358452,50.58231933537864,6.055106205759136,115.7265405253344,7.146,10.213
maize,1.234596003281983,101.48823731214752,52.93860573835728,8.599787600132496,23.381918869249166,55.05830794476973,6.392573332281744,70.22474601715908,4.054,5.005
wheat,4.768275699409719,109.05907646020923,28.803895973270738,28.76319754223021,19.43051170566199,53.93360222667352,6.593408716179668,96.57898388910924,2.755,13.138
mango,7.335367308726244,23.44164453436492,24.696322465039483,20.56695852696417,27.576026900788314,42.32510666994748,5.964512317447527,63.15104160717004,8.533,62.595
rice,6.205045222059168,69.37016182856487,52.90978240577572,42.16850867430807,27.555697806295544,80.03118683296049,6.297273732356533,211.47614020503673,4.041,25.075
grapes,6.107702799797052,21.053744303179723,121.30490539850624,193.71970158092165,22.430451480518602,77.72683374259576,5.980184836480605,66.18162851153411,8.265,50.478
kidneybeans,18.672961796385696,10.299374412749497,66.03023264422971,26.517891018014517,18.52066963703411,30.899015278008335,5.403708803227333,108.6961504089395,1.125,21.007
cotton,9.262092308980975,104.20411569821228,42.733011664834535,43.37905648604788,24.63383634661971,69.0856431737896,7.348279725734685,94.28092015366319,2.028,18.781
mango,18.575483194786617,27.001383193829874,40.05912011305357,24.862878092174704,27.396192500114605,56.5377236112734,6.376096445546943,75.23163380606418,7.911,146.951
coconut,10.601264760887931,23.639617252914746,9.07267821381496,31.61692948241955,27.90151677854844,91.42070337147214,6.0372224371266,118.1463534468947,6.089,64.548
banana,14.23177601958962,106.69117152333095,75.60668480792752,223.382787058416,30.180780793324253,78.7615014762488,5.754384490188462,125.86302618037837,33.565,477.689
mango,5.509644636009177,17.892038471987245,29.10073975573642,26.122278028995684,29.52446816155451,62.950944306474966,5.481898650726453,94.93833920746302,7.123,39.244
lentil,16.64283940082753,11.403179078874773,60.409217363024645,15.51913427756849,22.434075927194968,59.5735440564032,6.675214052064239,52.68588396032373,1.031,17.163
coconut,6.620894866087959,20.477287204759463,24.674459521224534,30.413126314575646,27.718900179109205,93.02656487875694,5.776930704251818,143.6209344499065,6.277,41.559
grapes,17.03587046446719,17.513098852687527,117.37308545102621,185.96797838799841,19.820502660150062,77.76004703448557,6.295209975640251,41.470206666492196,8.973,152.863
coconut,4.363669705365595,27.83890588684401,18.605400869772854,33.442247917356994,31.174956856831564,92.38194708260592,5.97232224049493,152.33036132378746,5.466,23.852
maize,16.947141461729352,114.99104571669474,30.467701932027946,28.802552858850888,22.864363438189294,57.45625234145544,6.509855248065994,64.80211688113104,3.879,65.731
rice,11.84777415034128,68.59365427135768,44.632174530351875,41.988075548056855,27.7023737724671,71.94629050079529,5.316151074464948,221.52594043363285,2.689,31.856
banana,18.409578919994704,77.98970836382725,69.91717734744401,194.708496187491,27.02366503647447,78.14306998366516,6.410705923528357,121.34378532602797,28.64,527.256
cotton,17.846668952319714,130.53658311774174,46.82059872656458,58.00738687079438,29.938163906059987,75.88469101887449,6.897566242956349,43.261500999672,1.97,35.166
kidneybeans,9.725152423541626,19.57960910123839,54.71769970305037,14.77413352547892,17.575632658796664,28.539472104891384,6.005631394528938,98.63524692621588,1.484,14.429
rice,11.796079290461568,86.2372345765576,37.66705747373497,42.569506737779506,22.56192988569291,86.24322516561811,6.273399329842374,116.43165644164077,3.472,40.954
cotton,2.8629477155605483,130.67893901068666,39.91434619569479,42.80335249283392,27.367196075164497,68.40843005322041,6.4203567499041165,86.43494866135774,2.103,6.021
rice,19.094811989147914,100.75042543543248,41.134176574963774,51.89250603189192,24.21835143762477,88.11909218356038,6.483428987469105,140.91766322989503,3.065,58.525
orange,16.932836903557458,23.70534901721841,16.532428361713173,3.414304927534168,25.51258187030196,90.20639453566959,7.824926007498384,106.69007820521932,10.979,185.914
grapes,1.4680181716476834,19.320103121778104,121.64117599776397,148.15480432589652,25.00406870989786,84.43910460751319,6.059921737853167,63.36298416112609,8.609,12.638
sugarcane,11.373548776919113,141.6851391852933,50.8531343230638,69.49870408902058,24.522917340217635,60.98626319712346,6.439922150190589,204.46691161987442,59.987,682.262
sugarcane,12.778279965692263,137.72470363406114,50.92119786764155,63.829553434621594,29.28846548984244,66.78369752140253,6.93526801910985,124.89589184776683,59.883,765.203
coconut,18.235803202147373,18.702741786589282,16.751358253635217,35.33625837385655,30.090407945064733,94.9195938152166,5.598995103442001,178.0368170173858,6.062,110.552
kidneybeans,18.080684075258294,14.133264083664965,48.718461089206244,21.89898347567803,20.47184774157215,26.254291984576994,6.062585339400932,76.63793067914821,1.284,23.21
banana,3.6357743159898925,119.96074669929858,83.19510455718843,199.22605854820767,27.40083118819646,82.54606068781072,6.217333982936962,182.50193149385595,30.437,110.663
banana,7.30784717299123,100.43837982842932,93.10604943144128,221.65639991105039,31.437374349293336,80.83586454341128,6.040980922731864,185.272036989389,29.124,212.837
banana,2.66758244610545,123.26833354580319,66.1721955883591,236.7187974736757,24.756236506862177,75.39564770514244,5.9039269506540455,157.6722513175607,31.669,84.48
banana,4.540425615180153,107.74850574630007,74.47817729807417,184.40652758807383,26.835282493519088,87.92077936753991,6.081919860764077,156.79354389027213,32.106,145.774
grapes,2.1830698431710696,17.8017394501899,152.45161433522068,214.40678356657216,22.809231018297112,90.0525468013849,6.110790572378617,81.33369457435967,8.844,19.307
rice,15.987234165657256,82.9050690625561,43.00390783729529,27.516563039324538,28.048178594054654,82.98098167650669,6.355605877885397,236.7844103913348,3.247,51.903
lentil,13.26404746343455,17.442707686226214,67.32344985304347,21.425963095638444,18.576797870080625,58.610750516620236,7.189057224197327,56.89836505891062,1.026,13.613
banana,14.635306236908042,140.09614149250856,79.07518622042417,183.47248149619372,24.60871382659773,72.57111159828379,5.767764166698199,72.9675270304353,24.948,365.117
lentil,11.40952972060278,11.153806523436042,73.33092348809625,24.129709618378502,23.78920887916743,56.484369865089405,7.39960669375671,45.02603348080272,1.025,11.699
grapes,7.617096712317084,23.14595197152792,128.30348445715364,228.7822389437393,25.280326011155783,89.35535378123187,5.98705883610361,84.27698122277123,7.854,59.826
sugarcane,9.466186489471687,178.49530563436872,45.42338885972824,42.06051319995313,28.12930982835773,83.63792327367213,6.816315405051439,214.8891380749153,64.385,609.484
watermelon,7.182207122178212,69.3602250643566,8.57113545334235,49.857454915990466,23.23959018997973,78.81664134020951,7.087535398726808,54.945001456636255,15.735,113.012
watermelon,10.972919570780125,94.06942860680103,15.524055053239483,66.18714946030856,23.93544847474609,87.93073067426842,6.428485834660577,57.97514411545151,18.64,204.53
cotton,7.862111325123185,132.34273647554377,38.01184584525407,49.138352440146626,28.22277321437064,70.04596826980976,6.894461660654868,81.71729444170809,2.24,17.61
grapes,6.4929693567230755,28.423239512777887,142.42600551881793,192.05194047428964,23.868264718553196,83.53282786414616,6.34888748887035,89.82804940539263,8.02,52.071
cotton,14.109060759891497,110.40966006681116,46.29895888252808,56.37456156340465,25.718640529312513,66.66521116946141,6.752071124413945,64.70874632414402,2.26,31.889
watermelon,14.4738266646343,92.19918652588811,18.27708985742143,35.61725245380631,23.671262470801825,88.05395176483435,6.46913618279298,45.902466348665655,15.412,223.067
rice,14.068010687603136,99.37306581166972,43.37989971725746,36.85089363491299,23.432615330622603,90.81870313019499,6.476129958845528,144.0386629424732,2.79,39.246
grapes,14.42797538702613,14.840941692001428,142.89468721973458,170.50304716974466,23.50448781184142,81.15454470023025,6.300805496331127,56.21605855898609,7.948,114.677
lentil,7.124091605799434,21.610686329862858,57.98117721691814,22.605080329902936,22.683050889055085,67.95990643171122,6.518881311757205,38.95670175111658,1.061,7.555
orange,2.1046633023225114,30.21065022469726,16.107162673023144,10.211907628809687,16.501831685042205,96.46640391885263,7.533287931173907,80.31821006781118,11.235,23.646
kidneybeans,16.331183419380707,30.743473058690796,70.75308291934984,27.44699395714435,20.056172567919255,10.437549799310926,5.488263750677336,101.13776441386118,1.157,18.899
kidneybeans,2.686253767813353,23.20663791610191,67.83871825158393,9.93689694188436,18.845012610088673,10.012047035783677,5.635445167030372,116.87313615792462,1.546,4.153
coffee,16.531277817473033,107.8243351278395,22.939907710650083,47.19805878194584,25.331453244706257,48.3273463921916,7.415913415330008,181.64961443938245,0.804,13.296
watermelon,12.633813762534434,112.39782443684625,23.267172383962965,50.83782180081994,29.62062862338832,81.71396715192223,6.051570449092693,41.66866927377268,17.995,227.349
watermelon,3.8183055345314116,69.23113951044368,18.814077326866403,53.65497560698904,22.61643887065661,78.83016930504532,6.3775490833890505,52.67612722498281,16.839,64.298
rice,0.8133706568244348,79.7883601996127,35.98935311845938,40.5681655866914,25.68989128646146,80.68360834171706,6.35842999110778,232.348351282041,3.387,2.755
mango,17.226555708871913,17.473539447037606,25.355951894436295,39.578486830842074,31.853188532305175,40.02898359728276,5.560296564617561,50.41175149335899,8.876,152.896
mango,7.126839713604934,15.57478833674701,17.33496345104731,19.496430639323673,29.007129750884804,54.19274522056959,6.0124769827907665,88.74413423353403,8.899,63.419
orange,2.638814541098341,18.1998540548977,27.63536478477426,13.023129919567204,18.86620137907589,98.52577054767626,7.1556012713890365,130.7606120227291,11.564,30.516
mango,0.8903644224168228,12.98427561245186,29.77867652558745,31.99697922388301,25.16933614084487,53.6480158815173,6.1132559412224,79.96888281146019,7.38,6.571
banana,6.987748946037248,109.44386837151177,70.9706611253666,207.0368043017476,29.78664972199946,80.86529996697743,5.556671238992343,141.1370886259146,27.819,194.39
sugarcane,11.272173447267834,151.28757341882542,51.37067125886017,67.45378356291427,32.26237458224072,74.37932808335037,6.623865562644711,173.76437608997622,63.994,721.354
maize,2.8589015404729197,84.51028687869457,58.92982471105988,23.61310471322253,25.1942241745827,67.19391324456396,6.741302617951086,125.63083518245469,3.912,11.184
banana,2.8408638308138943,109.40063698808879,75.3063832451517,188.0096509529998,26.178876935116193,80.4394904110717,5.755640130846616,171.2573442868528,33.327,94.678
maize,15.337853324066666,98.8719070504646,65.88583018787357,12.417426541255214,26.306603509926386,64.89180358470841,6.341265793989685,90.36583264163451,4.088,62.697
lentil,8.036018253399087,11.086986624592619,69.39648294028558,24.97178613681249,18.323594559607226,81.04164386601124,6.655792701674218,25.21073258487784,0.946,7.602
coffee,14.340874131973901,105.92234287222476,26.672688146223244,20.099376283856103,21.404093311964314,67.5193685096333,6.073744876241548,175.21802935425274,0.986,14.136
coconut,7.6214869656338475,14.979983130462724,20.785767443404012,21.650982508553447,24.749954314726974,97.4096123593033,5.833603455736902,161.06564057881616,6.85,52.204
wheat,9.676765181557123,114.74864322997097,48.00928338406902,52.851216095292244,21.38674919430597,55.33067961441842,6.905315849783044,72.26535167075002,3.033,29.35
orange,9.166676705595673,22.59342803135542,16.00547547927586,2.7328217349398214,24.826691668738004,81.93445122894761,6.98743220583971,127.27976273825593,12.449,114.118
lentil,8.083805743190426,20.765075912228117,63.27778527886567,15.540430996458962,25.3244074201929,44.415301161713245,6.900833788202838,64.61313485534762,0.779,6.3
coconut,8.03261497995894,28.09192805011508,17.531054822511265,34.504414472114796,29.719205157049426,94.80004292616897,6.048277710277806,127.46856949158828,7.746,62.22
rice,4.976373821973087,78.97910344801731,46.10009844902388,44.81629199962008,19.854501991514137,80.43755855875311,6.36018431854043,239.08648505589343,3.916,19.486
banana,19.92363554434771,100.71049101024295,80.52875163375596,193.88223489524557,24.059485062925376,73.56593812465131,6.005407504743566,182.20850979458305,26.86,535.143
mango,19.472535120728832,20.641688145305725,32.39119959967713,36.05873613048522,32.12352679131436,54.641245019333724,5.490902223302892,123.36324078124183,7.011,136.515
kidneybeans,7.937706878569218,27.58414945983274,75.2427728357383,11.582415376946775,17.89404793143886,20.78400625800786,5.671216829406325,114.62121258946877,1.344,10.671
lentil,8.617437823120685,17.789546334803756,62.68084977783761,19.12278814271704,27.14003464343301,65.84717469895529,6.757016322163832,44.6069196387776,0.997,8.593
mango,1.6641259693470287,15.114190578511291,29.411195922707826,32.683871090279816,29.873151136294567,36.150956899673155,6.331450013725323,95.29040704671048,8.541,14.214
grapes,1.1661556507726185,31.778300384694248,128.5613326525197,206.0407210616808,23.97651067153719,84.90453814809003,5.709936322081601,68.84177120832533,8.872,10.346
banana,11.255409068297768,100.47320845181048,69.4265180016823,207.48087559730033,27.12270172697672,79.37180133590952,5.691503534843489,145.5536948198322,33.592,378.089
maize,7.057707046549428,79.72140302797611,39.30670537349823,3.9333639070148863,22.375063500428137,76.12522284668762,5.968859737001118,84.7519751284061,3.687,26.021
coffee,12.114279573628382,132.56234503609335,22.641207285766548,34.11177694214832,26.183095483910133,50.90403882654493,5.931212227542059,135.68973574486722,1.051,12.729
lentil,12.075166374502606,17.35062685343645,65.7670594478355,17.305257704519125,22.77745828878181,69.09579402675105,6.545667612532048,67.31988343427778,1.047,12.645
chickpea,18.764168259792935,38.82165291239123,71.47421167229271,89.92104322915105,20.418534339577132,22.292357820070205,7.403902554774983,61.49659591984554,1.608,30.182
rice,16.400324723023154,77.697349030731,34.77223711633451,38.03114651075361,29.445364226323676,80.07548346415611,5.653632070302039,192.80482940100734,3.015,49.442
kidneybeans,13.102264653948804,13.640551308174006,61.91099459955876,18.729772902980432,15.195521359006664,13.052463781138112,5.987441000507652,103.92794298958935,1.314,17.21
wheat,16.472049895367974,100.3999683183442,39.972563108239484,44.068942319424934,17.209859443398177,54.82647098805488,7.750801082282231,92.38138275529417,3.101,51.079
banana,9.964396345555807,81.14768362257566,78.85668726410603,170.1289354767992,27.612487554794658,83.89273694912251,6.009774803952907,189.19241286895635,28.784,286.82
sugarcane,15.393725887939624,190.40838159804653,63.16001078353534,55.17610265383347,28.08494288803069,81.4379645162159,7.068745316333199,172.5708150972317,59.365,913.855
maize,1.882606942744546,61.54669106778005,61.10177597426757,27.474951764103526,23.734613556569833,61.050170474534404,5.0588956813503705,58.90022094496028,3.649,6.87
banana,12.958852082172278,110.29296525790195,73.207053303552,180.811173639259,26.95560766617266,76.14302253682601,5.906309249816932,187.9213703966351,31.36,406.395
coffee,6.285181222634004,105.40747972449549,1.904602572141659,31.893718238703592,23.75505167778328,48.58595390626023,6.427517916967447,181.52412495651996,0.937,5.892
maize,19.133076724225248,89.99177332114935,47.374625578212786,21.11097763840409,21.959138786554792,65.41644434596198,6.426729794384027,156.94133057312933,3.959,75.743
rice,5.568187664468396,61.221373694579114,42.37638330153622,41.17531811140706,22.024525428900084,85.92934694786729,6.554027418658028,198.8540516538362,3.647,20.309
grapes,12.750886676733533,9.430640472010987,123.84366684487865,205.25538727925448,18.258874759721152,78.33114271920338,6.087155837980032,71.9670713701215,8.613,109.818
kidneybeans,13.980422715091166,18.588624604820204,41.88792206003532,19.69501944613183,15.868317711930075,29.38977704961862,5.912587410948362,79.0903034501148,1.065,14.892
coffee,16.368913430302463,103.71500467733418,26.86335270152935,18.588658146965834,21.261997676574964,65.64379741230051,6.5943508900282195,185.13789678457653,0.951,15.56
lentil,0.8305835330641997,17.58562017645039,64.656405948493,24.001738072339556,20.78854912846447,51.36490066194533,6.689872250736601,46.4879717034203,1.015,0.843
kidneybeans,6.9852105354244935,30.445750678285837,54.62468507023856,12.037930635772257,17.57915762786728,19.87201819161309,6.237824245716807,72.39911134686322,1.254,8.758
orange,16.268179280992474,14.0667607895356,17.771534930289018,15.54977092651841,26.150553929718463,90.04665532834986,6.10537662084562,80.825235310591,11.269,183.319
chickpea,16.311884046335898,34.010057830909325,62.284884503537945,82.46199702678796,22.019314948765572,10.0,7.296465845280609,75.67315518385666,1.354,22.085
lentil,11.805017333595675,21.128851759401545,73.89671585874439,17.47090545242503,23.057353445102585,56.5944938990329,7.0017449338147655,61.53503274237379,1.128,13.32
grapes,4.465834133886705,22.180936283161895,148.91011214042808,184.53686196885337,17.798787549805095,86.55966524075686,6.020789600294665,49.79429767816782,6.153,27.476
maize,8.206853950955669,61.56983327006179,47.166994691021635,18.0606679460786,26.83813752287831,69.24862058700936,6.606011791883748,114.70680839792873,4.206,34.521
sugarcane,8.594022213136528,143.9633467931997,78.50613483940509,51.56835147271417,25.093820060160702,72.70749253221668,7.1963326370326035,162.693701730643,64.308,552.665
chickpea,10.149203695495286,36.453004060877475,54.94966268135735,93.19034466166113,14.374817879213877,10.0,7.232681954076516,66.53659573593731,1.347,13.669
chickpea,12.18431575140872,34.58286544695864,55.016666950062486,80.7860395283669,19.30617103329338,19.237860499200092,6.748739025104142,26.75934844399054,1.485,18.098
coffee,5.952582538832315,111.96967928320825,22.322578408184015,29.00544133376207,24.20654076086121,56.94900294356641,6.258821484703388,85.65915666133004,0.928,5.523
cotton,1.159999214995797,96.57103398483386,48.95823256163985,48.577227272368454,28.19901528526819,75.76282002223662,7.286398892753128,90.03695193989776,2.116,2.455
mango,9.716348013148542,20.005478690338506,14.588720602945799,22.82372755487589,30.811560651594416,57.64373923364744,5.760288883689616,161.73465179391928,7.546,73.323
lentil,0.7264488549513304,19.927042694108884,76.8509956950808,14.910530707916795,22.413107823422504,59.847027383894144,6.79839591318174,33.43312508387869,0.857,0.623
orange,12.317985351676477,23.79240307704335,16.56015112527857,15.345015505525918,22.74757440324537,95.72587295363786,7.495102667797752,102.72421206653105,11.203,137.997
watermelon,7.225726919135376,109.29027631781938,23.684474719765646,53.50838267201383,25.090056964503727,89.32601649668425,6.881428477622275,51.275118814120994,17.706,127.94
lentil,5.070558246735764,17.233511931124063,78.57368976816062,13.90397540175384,19.547047686368394,68.18994018612345,6.2288807590886455,63.7602595307717,1.087,5.511
mango,16.397484483438173,9.088213003746704,28.005130722101857,33.88329935002115,30.442147131534263,49.522967392443995,5.259257980557077,85.62474652289687,7.536,123.576
coconut,10.36063167893412,17.864399578645113,13.84116544871117,44.93132749361507,23.396782621241062,88.99672701292327,5.969397718669363,158.44067008141573,5.888,61.007
chickpea,11.820803972542404,41.34305827860314,78.65984275129685,92.39688244508416,14.85842707730499,14.885733594625211,7.293470241276566,74.172919234731,1.486,17.569
coffee,2.6733749883096642,129.38750742462946,13.722141930686101,32.14857036144044,24.480471574239594,58.68270657612107,6.426274528838632,157.23978735019836,1.176,3.144
kidneybeans,15.438741880319036,20.60061502390615,58.62776282209043,21.792842266031727,21.23729289273593,28.67872735611331,5.8098421622368255,78.68308492810871,1.438,22.194
watermelon,1.1269953674400595,112.98855966549141,17.925163609184573,45.20486276408306,20.95881338235727,77.34869544746053,6.596893439281041,54.5183864462283,15.331,17.278
lentil,9.10526994124787,22.61864299442252,62.44823852298969,23.910583751655686,24.0452917856583,68.10941719120085,6.532203246068526,10.0,0.908,8.272
coconut,17.348563217559747,25.29177826133706,6.2399684107114375,31.98755659505104,27.736341975119675,92.57811909367803,5.56917224496973,189.81548229077208,5.666,98.296
chickpea,8.141489337073526,31.32365883691225,48.097170879962135,79.58126679894829,19.05133608534114,10.0,7.01451953061179,63.88041872040502,1.439,11.719
rice,17.609399209262243,72.46209339193975,36.99086060423319,43.33470153936608,21.983808501408244,72.79904831128881,5.751165554440962,210.62578046947007,3.206,56.452
mango,7.748171812473678,9.210341794542375,25.772845844241456,36.66475006089926,33.6179087649933,45.74501753908608,6.266610496212635,90.0570325417006,8.118,62.899
orange,12.829812446835007,20.58205272191696,20.22562387822515,17.885162289362135,21.028389114296022,90.67982283877913,6.929873958094215,86.44463241985557,9.889,126.878
sugarcane,13.926943832379271,182.16108208014475,74.68887817550214,68.0096489523987,28.11609015265186,75.39120117897973,6.370494242082143,174.16847325115523,52.765,734.85
grapes,10.250558588530689,9.170703144583966,137.8424739402318,223.42910097545206,26.0611182913081,86.70594881579287,5.984099306630543,72.18514289764003,9.261,94.932
coconut,0.5755042073760156,12.901656161440089,9.588057271822866,32.31015501285374,28.403163830915304,91.32485177387615,5.821362002743593,162.82931969453523,5.407,3.112
kidneybeans,0.6560691328400934,30.118554055611554,65.90519133066428,17.920695731279288,16.88624020214361,24.94189846752018,5.8608537095138455,72.57680579332046,1.364,0.895
sugarcane,15.309159567496911,142.99683408462084,70.4290501607859,61.75929678580314,31.566606635252132,61.32789072771716,6.322961183931614,191.90201335267776,68.5,1048.673
sugarcane,6.212357243254848,139.0819027907892,44.96686415164653,62.846197072925165,28.227724466458987,66.61025508088372,6.437976249918098,178.8653438019891,67.794,421.161
watermelon,14.735912232819443,96.15764387372468,15.84516895441617,40.739849088943,20.475817871086562,82.12649522420787,6.465536828626526,46.14513464781423,14.123,208.115
chickpea,3.3222736612991626,41.123603898665934,40.88092172274685,82.80431901575844,21.161313949254442,16.722555457077508,7.437869768144549,64.34785436600745,1.302,4.325
wheat,12.627302245242873,104.30250297509284,41.306162515447106,44.560017209789876,15.026451923849589,40.315957182863116,7.536148769771145,93.54061324275105,3.149,39.76
watermelon,15.236108570776457,102.265362885059,13.181156404990668,58.896759944610984,20.40878632969573,82.47844844040465,6.489127154992296,50.636153987238245,18.037,274.816
watermelon,8.193126492244305,108.27047646570539,17.804350300833388,55.51118447972517,25.430990447321406,90.49808436120922,6.184197945323234,15.630320731587414,16.587,135.901
lentil,6.088116818536256,11.952699993301735,85.26608973844992,16.798438029551495,20.05466323916088,82.92270904386731,6.609570864008164,25.53767202169377,0.855,5.204
chickpea,9.502251486948756,45.03241974675141,57.91781241253852,77.89699605213056,18.56126325814793,14.896275641813443,7.185148948033812,58.33466099238204,1.466,13.934
lentil,14.683679353572202,22.07592276179099,78.17708270517663,16.437026754502313,24.7796793051353,69.60749053450147,7.0644018504689505,45.98571865550334,0.998,14.657
sugarcane,7.445717425186782,100.87307837645452,58.61232119102145,50.67792443369881,29.52318128901625,79.11481881284979,6.406741113348241,198.94797606873902,68.223,507.972
cotton,13.589161522251882,124.41004287307041,53.3040606084419,52.87400750380817,24.0168265820828,84.1672131802533,7.1744629175220815,91.37380905946115,2.167,29.444
wheat,6.932654566593173,100.52870655710534,54.91163085209452,40.025747004302225,8.087448417153862,58.12390397285381,7.330585300050164,90.73064455999713,2.283,15.83
sugarcane,3.17713985193452,113.25679465670034,69.25572821077739,68.28694859040978,29.691269294936927,70.16323345616874,6.894174349717645,241.27276929865312,58.802,186.821
chickpea,1.7871402072800011,48.57739334231954,50.3857436531529,56.335666418517334,19.67359904428645,15.309101300635518,6.7588610998080165,39.3417125572245,1.647,2.944
mango,11.560591274247452,21.181481543041993,27.606057410248447,44.03210621380922,29.604984720592547,43.875637169363806,6.107412832831986,96.85870179703261,8.137,94.071
chickpea,16.61861894047646,44.84320826453363,72.61500222173942,74.45277275394878,24.063339360490975,15.444253009137865,7.202460718807038,85.2143825197063,1.382,22.965
cotton,19.47684806569362,124.09399241341646,42.17469049590647,46.52690142684513,27.724170383993346,53.35557323430445,7.008986830356476,91.30796785989727,1.928,37.542
chickpea,15.267866188608094,36.309209381669284,75.48935162585109,65.56659557271945,17.717935685297984,10.0,6.8881442227406975,69.75766199557854,1.502,22.925
mango,11.656340254163098,28.14348327365377,26.297393087328174,24.852043504881106,31.28760852943871,44.80613313614573,6.354064667243877,105.60140690567265,9.462,110.29
coffee,11.91388577842008,111.48728091191296,14.19430196691873,35.59669737299708,27.354644842075295,46.356936900714146,6.45722633486261,144.05185881867175,0.969,11.545
banana,13.86791363243583,90.02270704290886,79.61166764773512,220.78648548772665,28.403872448029677,73.94869970189359,5.954649789305211,124.77164006841224,26.569,368.451
kidneybeans,12.44026863189182,21.66689049338757,56.05746088226178,17.90846668148697,14.594357599318673,15.942956377391289,5.848801045768157,89.66243104315954,1.571,19.55
rice,3.2235753563105836,86.45070658645969,51.997552400260645,43.694439248313444,26.2823892274506,81.69278259275227,5.56281818997089,255.90865555026386,3.113,10.035
kidneybeans,15.867855754408618,14.441366276434326,66.97947335361273,13.093352720591563,19.352325317164976,24.192328089285215,5.894939772112183,104.74286551651848,1.415,22.447
chickpea,8.913202244468579,63.75257752379522,59.2998756767287,109.22803309238031,20.471906463348937,12.251871833690249,6.981817533306234,100.47433411772586,1.386,12.353
rice,18.12152724051503,59.51004317767138,37.60213840231209,29.073243839024794,25.098653279955236,76.59415978065813,6.001503552629301,172.22877904356616,3.342,60.556
kidneybeans,10.00365210225778,25.05752447166142,68.80313751962919,10.870445719801186,15.15391234411929,19.444492151609442,6.5246925779242115,88.73832050987112,1.336,13.366
chickpea,8.766876716791527,44.96456692906284,72.20073173209427,81.40952372437404,19.38937275816871,16.250612678842753,7.407638623098892,75.73941462757719,1.612,14.131
wheat,17.147139527163247,118.06058586764209,52.40978899541757,36.204242163225054,13.955840024740167,57.355895046452815,6.753051687696865,73.31365511971651,3.055,52.377
grapes,4.126964841228229,25.627934322652216,110.1321144753678,222.34649627531104,16.2371713343633,80.14660071855957,5.640712550087714,60.18317923607512,9.217,38.039
grapes,10.283649876322599,17.782098737376852,142.04217234202434,211.05319415412907,20.291425272203618,80.44731751748742,6.131468729503858,61.19757789647017,8.254,84.878
coffee,7.701331798091231,114.12169664570366,22.040154037554615,32.78660920703584,19.391544518450413,51.991190599839356,6.497567618545786,117.55960942475917,0.855,6.587
coconut,8.162315426308913,27.17976429286948,12.885301464370105,31.740813394926437,27.054526972043366,93.8839465933745,6.220737816887041,235.64614511665175,5.825,47.543
coconut,9.847246567716796,25.814002635261357,16.90576352597054,23.51839080481063,28.581087758963477,97.52474041719759,5.867350364878043,200.09599754023856,5.651,55.647
coffee,17.66363467955708,115.20664341906969,16.958337663650592,36.06714019570791,26.95477225907069,54.07294347320563,7.25845804036772,190.65350671517547,0.973,17.195
grapes,9.533358941008927,6.664990132704267,137.04557064707708,218.1399642900333,25.962393902269262,82.66339210385208,6.395972908726117,96.75099596381774,7.68,73.212
banana,11.2292727004674,101.13099608782196,72.4137539969611,159.4511837315318,29.100819959170597,81.07087974552238,5.996120506618964,93.9244236285863,28.213,316.81
lentil,10.368781206869652,10.177452092871984,65.05769452973946,26.106513933848465,25.0284994244573,65.36534344505262,6.483690952318968,47.18085191145263,1.01,10.474
kidneybeans,16.06933400343881,18.183706985942614,72.22390712129514,24.65230034894116,16.500957124196855,15.770619296552859,5.624657879985801,114.6299054010157,1.409,22.645
kidneybeans,0.5594116829317481,31.1089030853774,59.77126841680582,26.733853345319993,19.957424593215045,20.963990578825992,5.760806421561138,52.613651717145125,1.218,0.682
wheat,9.209995036829472,81.98082231566919,31.88316465495264,48.13572043510291,14.225899836364034,51.96419345107858,6.555160144046889,62.329753558164555,2.556,23.543
banana,2.5048405417207538,99.20161873190419,66.45506378413772,186.2072675784574,27.942648763459044,80.91571011993257,6.061942809575331,134.5148928378742,33.427,83.729
lentil,11.039772092725526,23.879229706406562,71.26255533558646,27.201650132629275,23.888443785271598,69.79130046913572,7.181605253139396,33.81545821769042,1.025,11.314
wheat,1.7903937162442571,86.59101347078237,64.3824660693089,32.768127805059535,28.195125146422363,47.38532989292721,7.222634688182157,67.75211552614995,2.873,5.144
maize,13.769617307750094,125.34409089396195,60.3963247815025,21.69264405817982,19.08853009652232,54.11155140178994,6.598509802272716,55.937695057062726,3.091,42.555
lentil,5.865304043074819,16.527457516991014,64.3824004646599,18.17172922187279,22.261364253283958,65.33339313817241,7.413427636626451,32.257766172746415,1.086,6.37
cotton,15.370532815182644,153.69266745359937,37.34951773857002,49.776052821589694,29.034266622872742,78.91630233792932,7.065920349458398,121.17935137530668,1.873,28.784
coconut,14.909697170783703,27.772757504717013,21.18012844703026,40.16591326512321,26.254918894861255,88.88440575019703,5.822364082532021,189.07987192881444,6.559,97.795
banana,15.558932429593188,108.81706588400435,70.19978489324912,150.2774734328939,24.416928118039944,69.93917113958591,6.082595352423176,187.90057121599446,33.098,514.968
kidneybeans,19.170194310344645,13.08982891152792,47.71491005586309,21.9908569432905,16.80939871581895,27.657374747523278,5.884559151537982,55.34959380611333,1.13,21.666
coffee,14.759776880959489,89.88964640543499,19.205424607155205,40.233305325572196,27.168680428779002,61.75856562890817,6.322197792890011,126.51566181688628,0.962,14.192
chickpea,13.585974288409332,35.806626413410285,68.78982258570069,77.05686625663373,12.974215593398785,18.200532460566595,6.782191127283793,69.9233631400064,1.254,17.043
maize,6.73639557019167,83.38028977482531,36.137850609300656,13.431137670344262,24.49882027535035,49.22782781230807,7.020202393376969,116.2230320135659,4.227,28.473
sugarcane,4.586530684960297,155.57967239850225,65.18073841563032,74.17986369244124,28.92469512907578,71.80065771174785,6.558887556224198,169.828396166117,78.385,359.517
chickpea,7.549780177820923,42.926666341314515,68.6253474276666,83.38244774436944,19.557478609751442,12.859414195368055,6.705857682368591,69.24725834976029,1.328,10.029
lentil,1.8380196568696228,23.49008205720687,80.01412056542043,21.152637163315696,27.445536640860816,68.64225016805057,7.285233903245582,46.74146730158952,1.057,1.943
coffee,19.55142694106063,96.3653755443846,22.75232689288528,25.413874444745787,26.855587327760315,56.359408065345356,6.519596269950592,141.32724868388547,1.139,22.27
lentil,3.605728657690923,17.982079872080615,71.21846965691941,18.492480661423876,27.231671321547992,68.47002521115678,7.411520097753308,28.735935811142646,0.931,3.356
watermelon,13.379335767776789,99.00266775436897,21.497462813436062,48.414336368785875,34.33177641718912,82.73631203728594,6.9132545496996975,51.52709834847265,16.36,218.886
lentil,7.817831984820204,29.02709350160619,63.71846739949652,23.715915234552455,26.41801287123234,66.14256720931164,7.029761376776384,41.51759520867863,0.866,6.769
lentil,1.5759412927826288,16.42049554472011,79.79215504626939,18.551286586037964,27.70260782818797,63.58470861934667,7.375854809314837,49.88869866394042,1.066,1.681
banana,15.402682626466191,66.386995289835,54.921601769806465,191.64294566345674,26.74333816738997,76.11986789981307,5.286027800594074,206.5718566982178,24.302,374.309
cotton,14.00030098602363,112.59937521103787,37.6653559163038,50.54489919229595,23.114615822603174,81.50500818312963,7.634860594528819,46.282744930001456,1.812,25.367
coconut,14.488333101251255,20.168767403305196,20.474109848599674,30.030968081422458,29.49327432906339,91.00828999593557,6.2491738138513675,196.82616108972334,5.169,74.889
grapes,2.8009319969242252,19.500000143159614,109.48306548942747,187.3799923955945,26.055090395472536,86.99213782382797,5.906819565086468,97.0645122258912,7.992,22.385
chickpea,6.912978673579842,46.36657629630441,62.17648011105142,91.73621481563674,19.429399712873558,33.781813927750655,7.11107207387466,70.83697293784144,1.291,8.922
wheat,7.7765441959325,106.04173860686765,71.44202677218672,42.23401110355216,15.384813360385024,50.33194451829432,6.8246429061971785,34.173547680606276,2.752,21.398
mango,15.485316804919195,19.896085815340488,23.791818422565466,44.748590675909256,30.859472261408676,42.77693695107959,5.424197024826889,105.1394135500617,7.259,112.411
grapes,2.716925658049213,18.467827604541082,153.58328105386704,145.45016956143857,21.16749378132861,71.83265595847736,5.589186732570931,84.78602643164129,7.905,21.476
watermelon,9.782123380607109,78.29737685984094,22.68588458660529,49.853005493243295,23.686363458528266,74.90894961955226,6.728828993772256,27.70839003208824,17.154,167.807
chickpea,16.40944927149379,26.033361716640766,57.99592823735881,101.86052866593614,14.757406571845078,18.484032845952864,6.294196310372724,44.73159227165736,1.411,23.158
coffee,14.86023655304338,93.53697295398574,27.39155823205734,27.400042862107334,20.164927583084705,61.59465483503665,6.809623748937937,128.18403064422483,0.996,14.803
cotton,2.767749460646334,121.45493531171039,40.43213100721992,66.07049399084488,29.89387219264508,60.87216456477573,7.440127225435017,103.78735537597493,1.83,5.065
cotton,7.234108350347379,98.97095928781312,52.45558552218009,44.162077719261745,30.5638937264435,72.48853574770423,6.887091509354023,90.94608491918916,1.858,13.44
coffee,8.42276894358023,133.03878121007443,14.738864543431141,21.845008326156503,27.3816513057644,64.7932215292768,7.037886888699081,155.87613712726596,0.865,7.285
grapes,19.255545000187684,23.239290691934357,133.5283397580673,203.58591765406726,25.967865450648866,82.64738413857799,5.878661481810234,47.28239164010108,8.89,171.179
kidneybeans,5.114831963767882,22.004733264335147,82.20895726028908,18.762884222032458,21.29408549147758,19.035016974789364,6.070854530925827,90.03225632870448,1.359,6.952
coffee,10.913785913869349,91.67738706462092,10.49845821520664,28.316151134576238,24.899573138863488,50.832756792571494,6.535020078109357,192.19513423695628,0.896,9.777
maize,0.7023309443188888,91.74777577248247,36.513679889698714,23.37531117144408,21.11644657276789,56.51357034480675,6.6540960190230996,65.12428847261074,4.049,2.844
orange,12.536524116338066,16.43485129949683,12.243469780610537,0.0,27.2390520051905,94.2388409413318,7.266862824298874,102.86330438681604,11.491,144.052
kidneybeans,8.690261084794761,14.063544487875655,42.2914030152377,26.240725257248222,16.939518569810154,25.37677873735033,6.122935651266646,73.38059540137957,1.17,10.165
watermelon,5.3937018894737845,105.00110256468216,17.55345108940349,53.99727975968796,23.193342112680984,77.70473797804675,6.486094014449191,32.68170388789479,15.949,86.022
chickpea,12.55758231196825,30.408589168471174,57.10981524499318,84.21248764044826,17.985246688949136,18.722997743608246,7.156241461193558,87.87217637180088,1.452,18.24
coconut,17.532815147887845,22.281155624463747,16.48585772825654,30.11565323497622,25.765225207534783,91.18606230574952,5.810558503718072,183.52396766296195,5.853,102.612
kidneybeans,8.297722338851909,11.701202217516812,57.076967951088825,16.03950585471106,20.030717127238894,19.141738869761724,5.778167999834212,91.21611160315486,1.168,9.689
sugarcane,3.658741744869563,150.47751483182674,48.48796767546438,54.043441003669145,33.57961320419399,93.87465833788602,6.959909036047402,226.77839661884076,65.877,241.027
lentil,14.025362866355888,23.46895588579483,58.7994106892808,11.494335901559614,21.074081004280593,56.47513421843817,7.52673157147156,61.08249716376325,0.882,12.366
coconut,18.575429692911612,24.183170068472954,13.31775533368748,21.156875626622778,27.25846991536731,92.4517803636222,5.895889971297809,89.45421074571503,5.531,102.742
grapes,17.13735942697806,25.431781266361156,119.90925331628347,186.4208807849771,22.002295025386445,75.34180406916158,5.603563467584616,77.02955839091479,8.571,146.881
grapes,10.36748437148893,21.34507236418992,138.17627563381254,179.92891044265716,21.766541219794494,76.99602632824178,5.915207058142308,97.3993150210506,8.721,90.42
sugarcane,19.540830948176698,167.0619773953356,49.240957872674606,60.76133906778965,26.713117936986382,70.59260504106224,6.575830427168991,160.10083508665366,59.347,1159.699
sugarcane,11.28682790723079,137.07801654218935,48.33994168085743,81.91201108161499,24.2166908992061,83.46448720558281,6.434972796122876,160.2742082597822,66.761,753.522
mango,7.309069596463623,23.145811103071175,20.668607699934988,46.757960122830575,30.79635694385254,51.32895524935005,5.973915179050765,106.66383304842365,8.551,62.499
banana,16.746403604366517,87.9984236956353,81.17575658062002,239.0100699792158,26.286384318553893,73.66590714010223,5.554948978457255,167.3407500518055,32.85,550.111
wheat,8.152477529555146,99.10561888604343,57.18997163867684,37.240018474659564,17.157067296868252,47.442603920547604,7.491528312386556,50.54777441504937,2.878,23.464
maize,18.90957830633461,94.91011483176922,39.69614475956323,23.65240615636649,27.7397059313746,58.83592727957897,5.91447242709296,128.5912329345907,3.931,74.326
lentil,8.587298662130392,20.467555943344237,87.20270760004033,9.961266821577087,23.900774242908554,64.37662408668211,6.995135444968161,65.79912745546211,1.107,9.507
cotton,12.281606085279423,110.47253320930135,46.92047373533531,59.56965202535917,26.12473228393967,81.67654248715725,7.118084713351203,80.90195281832113,2.196,26.973
watermelon,10.243819498909266,93.63398934003173,15.826877989205268,58.715231257829444,25.713054509268847,89.41287830990247,6.789993871003989,33.7005656515211,16.967,173.803
chickpea,16.66363144939984,48.300878491373325,58.33873025650307,91.42011102744753,22.205630755846755,13.770295245273756,7.311867123304406,57.89436535148073,1.559,25.987
sugarcane,18.01361848300125,154.01378596374852,57.089741014670075,77.0955720808773,25.952614830291427,76.25558958542463,5.822730110358839,186.33136562001695,70.003,1261.008
cotton,19.654459316834444,137.39554527609863,59.31684476634463,49.66203387015206,30.009327670965707,77.57568447378375,6.863392521955409,111.71633763208449,1.884,37.032
banana,5.365929246171721,112.12984843879231,83.87371610483143,201.4963475531644,28.630331120596935,85.82679228635791,5.814612906864157,160.8938590673589,27.588,148.035
grapes,10.04376933057134,9.538648408673204,159.86512845253495,197.09512003763467,18.180117478392265,76.84291491051337,6.030691569619817,59.60385928828532,6.911,69.409
maize,3.5886985648702456,73.62039732969123,44.35068385513101,24.788544178406692,23.864081713581285,61.93362585904172,6.323525926483562,32.19186267563033,3.315,11.895
rice,0.8942917737899467,58.632152274623834,26.9940352385481,27.98860614069254,30.2373125670954,75.11107106291746,6.4929239207955725,194.3236880435718,3.299,2.95
chickpea,1.743011949813897,50.86119306327534,66.67160650486846,75.56125457074873,17.694576788008156,20.347049288830274,6.118761828502084,52.637099919363855,1.335,2.327
wheat,11.91024909872624,98.46470564748222,51.24277271541524,29.077038689165946,12.483670315061458,52.082332648140884,6.80340971330805,75.2409205011106,2.905,34.601
coffee,6.689116095222308,93.67677527444573,13.338243741824986,35.80017315792833,23.455027470500944,52.43400688842518,7.265259050697815,204.2851744218226,0.938,6.272
sugarcane,6.854910748227701,151.2612869438453,53.929116650130084,45.541909967140384,26.343444074325884,85.72142022038992,6.430651780519579,207.1760117845074,67.444,462.323
lentil,3.1261710311903994,14.983683366695834,76.10512574720137,16.904800268851595,21.999329717824438,69.22934757495548,6.768771611226719,55.570781622641746,1.014,3.17
sugarcane,11.319679034319748,129.62408351191476,57.16616549442891,49.78921548680371,26.187901397674956,78.73754598391066,6.490465588003061,165.6839146813236,60.475,684.554
watermelon,2.727925992041983,102.01598296596973,16.315008634676737,49.95478019861517,23.633385145790104,83.22076317165835,6.394853230791091,55.928736936051955,17.064,46.549
kidneybeans,11.348221028135802,18.829335134917798,62.417757941549134,19.82245028251038,17.626529441480745,21.231417795300707,5.789132678471745,79.39234194872122,1.479,16.786
coffee,11.135532412294491,59.124309381169226,22.94527413380134,21.187153434359463,25.134939227992962,64.03990934376513,7.048055391822515,176.7064605020303,0.958,10.664
kidneybeans,7.6776810453241975,25.711110808287646,63.81472890151881,16.126486039108045,18.56468611350968,15.959987492127414,6.066092904471109,112.23755279379681,1.261,9.678
maize,8.373568103162487,72.35606797978394,45.68212512853882,28.42477027764854,23.70220201042721,51.42265425821611,5.982760085094131,132.76439772480634,4.109,34.407
sugarcane,13.727942001857677,122.98039195934791,63.54486401830003,48.69660693422696,28.349885387468767,85.83886463071913,5.78606714442656,192.06417835825712,67.083,920.916
coffee,13.561749760179143,92.59399246301119,26.75271869847666,30.5412536176937,21.252737444410336,53.31627237266119,6.200278184006563,182.18756341144928,1.055,14.306
coconut,10.94680476229653,27.09583655314561,9.25380630327607,17.823562176442547,25.42692680099763,95.97208639841104,5.942968013872466,147.50078397162696,6.544,71.638
mango,2.8693155314648493,25.165651758091048,26.314785809388855,21.03030005057858,36.74126622863719,69.08160298012639,5.916852025028882,106.1181337010564,7.166,20.563
lentil,10.625535932330571,21.63548913875819,75.18498926710173,19.644453057276632,25.535768786915607,60.90415472613488,7.353027703145988,34.35451477391305,0.993,10.552
lentil,14.691486745289378,21.34644428199681,51.98098175064977,15.421907269667933,26.25312630135131,61.79861875494787,7.476141870543262,67.2950881636864,0.927,13.612
mango,18.30742490514534,17.221942482309448,30.156024497465783,24.448437597731065,28.109233894114634,56.20084279267998,6.172210973420754,89.20139158158403,7.813,143.027
mango,14.934949854832334,27.723096267464214,19.48234121411555,32.62741620318295,27.212276811915352,39.14052440513843,6.38486087581749,88.50557591384852,8.69,129.787
orange,1.1825099640647379,19.131740872082094,17.739485178533315,5.7351355285036325,22.291226939306593,87.1420746134288,6.899689782094798,93.2669306230327,12.418,14.685
wheat,17.05551897010417,88.0273881136862,53.02199388867103,44.50040352113333,13.164263831681385,50.4903822592462,6.939588343815227,89.04824320007029,2.773,47.3
watermelon,4.9095189113192195,93.68754129764866,23.83497497180186,44.51896682665387,27.430523544923904,93.91879114989322,6.398748053936747,36.99129413107776,16.311,80.079
banana,16.462879901679763,87.14901745255314,71.14985448615182,208.27805868612938,26.149732167835523,69.18348675287007,6.08846662936167,185.08102521781873,32.321,532.098
chickpea,14.534498830608872,30.98579962408526,61.12032533606019,73.04790633336684,23.314219560281664,10.0,6.684586307484665,73.27676123431118,1.367,19.862
rice,2.653297463134679,81.6290704561278,47.73406145086116,32.34933037604326,24.911756635145274,90.3620453347377,5.6750939609994155,185.83784923351735,3.738,9.918
wheat,14.784363172054617,116.34263296043306,51.19675208076098,45.47882245777397,16.376225895867364,40.38626763130473,5.888436152050265,56.1126442128446,2.788,41.22
kidneybeans,14.584046907769705,36.518163313272524,58.86214472267101,22.64944008279532,14.578148046014393,25.796291999599894,5.267900012427254,75.41994509599112,1.11,16.195
wheat,18.690409907358273,100.40241781284367,49.784171861015686,42.99194031581592,16.752065198966783,41.95036244223952,7.10006309850467,88.8148603974235,2.385,44.585
rice,8.485383067743129,77.2267288236677,52.28615721033664,33.54925536404112,24.733734066561652,72.91695375209909,6.3282876242903185,229.1802829827364,3.884,32.961
rice,15.074830316911942,77.50824488204509,58.40457281533588,43.36336471535381,30.9127993911155,89.05161501583868,6.290875851256345,191.07572533521505,3.304,49.801
chickpea,8.613210189463206,29.455764512977915,75.15306282624817,67.573150565776,16.70523428257772,17.147424577671064,7.926809203202632,49.94185471808765,1.435,12.36
grapes,10.082817531184723,19.514849227983778,111.17634250438223,207.8140299893602,22.56036034593738,72.129833349153,6.101291936045009,73.36272729487597,8.506,85.768
chickpea,12.314999454854489,26.295033143357436,59.92920332966196,95.41143177361506,17.433863319202494,19.947467527872117,7.552360278939063,83.55319785220703,1.638,20.169
rice,18.889973027975337,81.71751300549101,40.28779011207131,46.66447958088033,25.116313991068097,87.03405889180436,5.809811973319377,259.9788667203267,3.68,69.522
coffee,14.428978107764712,89.34798368196064,18.7004332950313,21.75353562460578,28.72720681468091,72.57454136046051,7.218621572489744,152.65073211823048,1.04,15.007
rice,12.363269955137293,59.105810905984285,61.17791374721078,57.214071801440284,26.36984904861067,86.99357582461307,6.184800054397889,211.61726547706655,3.408,42.138
coconut,3.3009970574528875,28.081532593259436,7.671598482609404,27.174958208481996,25.963425992737587,94.7552031658633,6.065843059653459,169.96076667707888,5.613,18.529
coconut,8.251157711352729,23.535454293108714,12.131813439288834,27.26641317065904,27.09911563231311,94.50122707754866,6.044976106443427,152.50508251015106,6.472,53.399
sugarcane,16.153380747983324,92.6541437849106,40.46317271032437,62.369340007917714,24.568401227929215,78.83483271249197,6.318508086694078,144.11920788363926,55.268,892.765
grapes,8.986766800319455,16.200601289441085,124.18176420438301,211.40077851444906,18.389025715007776,84.75666130534522,5.813160246328142,69.82994492927655,8.366,75.183
cotton,12.21315300604892,90.47763793899651,50.91033908207884,51.620003580181454,29.908647941804755,68.97144884777857,7.04198798100135,82.4919111753094,1.959,23.931
wheat,10.288378335798633,101.92088072146548,49.57632069855601,51.08859543106373,22.837769439745713,54.76886875476302,6.440398369434681,93.47778210664079,2.681,27.585
orange,10.288643596680295,21.71539097951977,18.271438771320938,12.796060031222343,19.43109827731794,97.46086935933593,6.470109083819812,115.12609563852362,10.397,106.968
coffee,16.852657825012088,88.32500091468464,20.325422946804203,26.810941669642187,25.654151893549557,48.44471370795893,6.547283568163789,183.63540791195743,1.0,16.86
mango,16.063557660109318,9.386509839245814,23.07550714054626,44.601510767362086,31.889340023428513,53.634692024361556,5.734298697106796,102.18206385098082,7.83,125.775
maize,9.421265421990881,94.52087783768832,53.166530828139855,22.033492148465378,24.3425508306247,44.79034396710154,6.611157051575269,102.20885237766191,3.497,32.942
grapes,13.03999565147954,19.76872621491917,108.0443245683124,190.39895029656924,22.119594668340397,81.29103625802655,5.5620710946189,56.083132235139004,8.134,106.069
kidneybeans,17.81387344652246,14.102418904436684,59.60053682920594,16.375814547837603,19.97357997526829,19.204562984513036,5.770440514829664,108.87244459342168,1.237,22.034
kidneybeans,2.1227852632128803,23.677165134446167,74.41084653410184,22.49854295354112,16.787981945818768,18.544648937894863,5.724946827696171,84.78551917548296,1.473,3.127
coconut,8.97285867579121,18.563156999284068,14.224376654523986,37.64384131883208,26.998142129381005,100.0,5.800298944175951,183.13619446766666,6.094,54.677
coffee,12.896234542619915,131.4087654333184,20.737303584724508,22.10530412355137,21.857047314068762,62.278379750765716,6.192668754173191,167.8453315362197,1.049,13.523
banana,0.7481677142871812,89.47988318583442,84.61355949167294,220.9407827622798,28.135360080098717,72.99760873933215,5.60069025194871,162.29571731217317,32.345,24.2
watermelon,0.5424943673823535,102.86245606110353,16.800014051848088,46.640123523188784,30.863625573429914,83.99780587273753,6.313969586858144,54.96613401096666,17.797,9.655
banana,14.657279812561285,107.78460693741411,76.3158617872166,191.89897654916754,27.42197201443718,80.27579963199304,6.131789234286706,238.21418669886015,26.661,390.782
grapes,17.04750787933786,24.378970411773253,117.07061069607292,195.10184186578155,21.122535281662095,83.7658678577253,5.430570223999602,91.54940469196292,8.357,142.463
mango,5.592738042962306,10.553685154245862,23.946410165958678,34.338016945384275,25.550191062925546,61.29067674967168,6.1872181541729905,103.65016628328517,7.605,42.531
cotton,3.568250810262983,126.61323208422995,35.53576032611821,57.17879269399413,30.204022431690372,70.17354921145828,7.29097122494433,95.90453437042456,2.079,7.42
watermelon,14.18227631923867,110.02254874831603,8.058376962260878,49.02701367921044,19.46260029873845,82.54743521624134,6.413836144794863,37.81162242811772,16.036,227.424
watermelon,1.1935751072690701,86.3648064509111,15.301076914786425,32.13613377971389,24.82341975000177,93.23840680470131,6.144019109783477,27.527437546631386,15.453,18.444
coffee,11.465347501655755,96.57492939353816,25.79305986056634,28.04277597701386,23.186809648951673,50.76285828121978,6.615611682411717,151.34034696617056,1.13,12.956
cotton,15.057532624621233,142.63482335717657,23.92228877427624,56.565481229014814,26.29506595651975,73.12560802097869,6.444013303506385,92.01354975868246,1.977,29.774
banana,3.852004320843821,98.20512264982462,70.94185918425141,171.6145584899665,28.725160566095376,81.09754640347043,6.5629781229505895,171.08554060807901,28.887,111.273
coffee,12.847887349987733,104.35110555100454,17.47392334267071,36.88321640547774,25.039663285647325,63.599805633780775,6.523261607928181,131.05320585892568,1.1,14.135
kidneybeans,4.866826658008602,19.220089605424786,67.39586855095816,21.03320037106742,17.28863393407609,22.542452122842104,6.20931550440028,104.80828070360265,1.35,6.568
watermelon,15.721451121849087,118.23552253129607,17.474572737460633,46.23674571672875,21.601091370251066,91.36817844715169,6.372296593071747,41.06276414055956,18.067,284.043
lentil,12.531221834019366,13.981818704807827,69.05036710861735,17.115734495598385,27.055726975585102,72.85747040140055,6.7726435532650635,24.813265046227414,0.889,11.141
coconut,10.03595663170378,36.083820671252354,11.074502425121462,44.7107945371968,27.488112284601538,96.46075975239418,5.955549786630205,212.1258108092489,6.084,61.057
wheat,11.80997659198487,76.48922004951979,48.47250786154177,44.94834835028859,19.434390103939293,44.77730938363231,6.360669750838522,80.74143244813564,2.973,35.114
kidneybeans,18.389744700204947,20.775323304104354,43.517318031693044,18.92412855970843,14.70123250976091,16.10489115150355,6.5266557840900346,99.99051801261719,1.376,25.303
kidneybeans,6.00614141128741,22.66526617481948,58.63743423216097,23.124681952658023,14.972738069010902,21.73424229204322,6.26562019642221,90.50753005310372,1.494,8.972
maize,7.014277547202094,113.30055085656404,54.773250139217694,22.697522147799848,26.961349089179574,65.73271053601727,6.320079738170636,89.26685484131504,3.584,25.136
maize,8.554266677773896,84.86285852389774,61.91683773400113,20.172398194678507,23.818132443241993,65.33803577492785,6.061227572479547,73.87160697191077,3.966,33.922
sugarcane,2.8326370010711694,117.31784176570173,58.13612256135461,53.1467619574875,30.216484238129762,77.05417674044011,7.00182105846081,201.5435338396753,58.315,165.185
orange,7.041707419187907,14.719354354144688,13.307450271129603,8.131217662959948,19.643070022126306,94.54835604230911,7.361761913718143,112.20788326110984,12.215,86.018
wheat,19.713049351376288,105.76860808270179,51.19707536449313,34.566341204870064,16.189792567090617,38.62316986761431,7.116169335522629,49.661580053791994,2.999,59.121
maize,0.6362434034000592,52.53670838735092,61.326617018404775,29.328928807453607,24.56257396824706,49.89941513857656,6.45028506156527,136.47831396152355,3.674,2.337
cotton,10.082913704760752,106.05146455207363,57.10769050075143,49.2499071040899,27.818193201254438,81.45634504315946,7.116842916311797,69.84715184659832,1.778,17.93
sugarcane,2.08061133408453,133.00390071438682,45.3243123829768,65.08339118418864,25.743532688263265,65.99286961333401,6.055689830832455,162.86734917227105,59.978,124.791
chickpea,10.44680595835212,60.042495709427314,61.62406529551868,89.90226992061655,24.434971559607852,19.353070428942146,7.030473571487464,45.73268621019581,1.437,15.017
maize,15.440678355249112,120.08579493373941,57.37574529387577,16.12811718234154,13.672641040750902,67.5052411008026,6.312518349952458,100.78403964359248,3.536,54.598
watermelon,14.821370179325612,83.60635483688172,22.841802924787007,50.203514917977074,18.717386104476134,78.97591572526228,6.553467992791562,49.81419894759554,14.439,214.0
coffee,17.44062658047768,87.5058850453054,7.777873373178528,24.11300021340635,23.69083188911895,64.65200575220986,6.537883865101843,132.13878843337335,0.908,15.84
wheat,6.046344942802696,86.35432592448855,47.65608778790929,50.223301296610984,24.44292437841441,54.20973583647413,6.51515134878208,96.28229231839171,2.442,14.763
orange,16.470982307527798,23.43802816695867,17.64484362281169,8.666950579261867,21.857325670268555,91.88055582836543,8.007502516354075,73.56181968122021,9.737,160.378
watermelon,9.15470326427775,96.50567437679067,20.50223229205138,54.95768873310496,29.865702341895776,82.81014825592888,6.531824680183627,28.18326607771203,16.826,154.041
chickpea,6.17005240465624,35.12007711055049,43.16764518046044,90.22912682025557,20.051014672217594,17.55097272025474,7.4213820336758145,34.09756768952772,1.343,8.289
maize,18.15322490108366,86.24580883593305,41.47291334531387,24.922995232278446,19.821598536286764,56.48132207858208,6.612210593965003,113.22039450315344,3.563,64.689
banana,9.18279804130456,114.87939270947004,67.58038500468311,223.1227457089862,28.6262273109689,83.10691591664221,6.472791916332204,159.6861466279048,30.521,280.265
chickpea,4.305572656352753,44.65644659876211,77.6792350634002,73.3990693203599,16.81710356716612,12.179257215393408,6.628535379125096,95.06722530312642,1.321,5.687
coconut,19.16995875215799,23.42665807796117,16.750987377544917,35.7633736355439,26.35784418404517,90.3750762432364,6.10171130590129,186.45857532525994,6.931,132.859
rice,5.926970927484614,59.03244400390298,48.547341750286385,32.16953090941681,21.187832203017958,71.63351205408523,6.676162917266272,186.61154723930295,3.391,20.098
orange,12.625558071098258,8.583778202947713,27.262319709210885,12.406232733096154,16.37254733016057,86.5785631922201,7.220514012440346,88.25087903673318,9.954,125.672
coconut,3.184808976907581,17.956923895818434,12.235750264297536,28.100506932486727,28.143940336678302,93.12224905289625,6.026369811505822,162.73280494005326,6.586,20.976
watermelon,2.5205265827412076,122.86493599511333,15.112460173762319,48.217446316047244,23.979188705772415,81.94333813476352,6.223771846231866,51.082285340303095,19.265,48.557
wheat,6.956313606526167,109.4269732329137,46.77593262478184,44.362777613032044,19.52089254207003,51.420653715452104,7.22902469719786,63.114447799276775,3.222,22.415
sugarcane,6.549563330113752,151.05357680929268,56.08932870437713,73.4199926693939,24.496833041828555,62.39169811609794,6.644392404193333,205.0708769418282,63.431,415.448
coffee,19.635696503767598,133.78664469502712,16.611423759925923,41.576462893469596,22.946020602862628,71.584931394466,6.139320854632699,155.2809472756666,0.881,17.306
mango,2.010372915884813,31.37341326625988,35.486649238134355,24.240771113996505,34.10794095681282,62.88433755583388,5.776385777791244,69.18349726373067,6.047,12.157
watermelon,10.993804272670934,96.68731132233255,15.842775914722157,51.03711987708732,22.54390858197628,85.83302178010082,6.172871811833669,53.78969663983033,17.913,196.932
grapes,15.786898693480012,21.534349808226306,106.77271997408502,166.14853157081492,22.66081147878927,89.61318015754725,6.160885326351076,77.93671694082376,9.105,143.741
lentil,15.372683862054062,23.63439789273446,63.6264834118101,20.19062947033185,31.338306228889728,64.67237098394078,6.899128122911454,29.839365819462884,0.941,14.47
grapes,9.345968062688055,19.988905496765554,113.8024783508444,219.45809422006556,23.63785007994426,87.02459964965632,5.273007414450661,43.62773934296823,8.798,82.226
coffee,19.190684978299018,116.3544882470912,12.262107859586102,29.717724252255323,22.770357345037876,63.93897414435586,6.857376982236539,189.058696184281,0.996,19.115
orange,8.590609609630418,26.019390331503566,15.05075924904469,12.502880405743873,16.087140159711595,89.01457524284315,7.926321281432651,125.27469841826219,10.821,92.955
sugarcane,19.737817446973892,163.47419062282836,33.16803154546801,63.22502027166952,28.956185890202452,69.2685051620447,6.321198271633591,216.63140406453851,71.945,1420.034
maize,18.384085775319058,84.35553157068706,55.126842474903754,14.081450936234853,19.186965645075585,73.87362177402899,6.006057971826841,98.85209705071007,3.758,69.092
orange,12.892665556272082,16.09463597539439,12.95341848561872,7.1894865162814785,20.307901558425343,89.00749719371684,7.269245113509544,144.20110959604608,9.917,127.853
chickpea,11.214632487558573,40.776004603634206,52.326010900402764,83.2942422237468,18.06412537037719,10.0,7.11693524569643,59.82417945269911,1.602,17.965
watermelon,13.247471936382356,89.63034246739065,11.94286194066402,49.62082039366974,20.96090280772129,81.42322039257199,6.426742594600674,39.937375753027496,17.942,237.684
lentil,19.73890126308677,25.993598613019635,66.5895722876768,22.499403659740782,30.154288024925876,74.89517055507785,6.777043436901114,43.9445133636185,0.86,16.98
grapes,3.800251266352586,12.965952373670989,118.1550017905638,221.67020458877545,28.115879206329478,88.53550115148226,5.506100664175752,87.84110713585024,9.059,34.428
lentil,6.304595470901337,22.35957757222443,78.89581711846596,22.933267482192715,21.480558532300744,68.13299217710237,6.591939764971111,41.106001733909096,1.165,7.343
kidneybeans,8.929030420931522,25.31142810255452,58.84185292992674,13.682179711840787,23.804838357028665,12.946568678013003,5.77399648229917,57.214464503056206,1.216,10.858
watermelon,19.507789900669305,102.15892544285911,7.824884348987368,61.208183519065244,23.130019560890243,82.57649001566496,6.08979108072066,44.564740146073525,16.772,327.178
wheat,6.725665889238563,105.88888958447465,34.84726520305936,44.99511405843032,14.464632712931879,55.644107663345636,6.765040923081798,98.21314655822536,3.02,20.309
grapes,11.433906742150715,10.668086240550492,126.9595239017118,204.84691494261443,22.525956441728336,83.80808487895686,6.0997500558149955,74.20227015143982,9.536,109.029
mango,8.378225015549365,18.495436994855094,24.425549422053923,35.80004677311641,29.349517696204916,50.794615684788596,5.804152160292471,121.62061104600213,8.722,73.074
wheat,11.2133770380329,83.8121333756159,48.39038096804993,43.57381371659117,8.381892840253172,50.725415351050934,6.971732770874551,79.51688218396794,2.697,30.245
lentil,0.6858574859168352,19.870632166393303,67.75432909876262,15.412999464906662,25.334591092246512,69.15071437938815,6.579812262714816,28.93782541544993,1.021,0.7
wheat,16.74001368041947,126.44418730803433,42.99340533129685,44.75704710508219,18.31024689926355,54.51699323111539,6.7173928086892545,55.14873335952889,3.081,51.569
watermelon,19.57357419610762,99.27311083758887,31.24840342468915,37.96909270088996,25.4705068228729,86.88917895231147,6.651939512850222,33.40028363512896,17.97,351.741
banana,13.91932493769583,98.92792612536562,70.5852989962512,207.69287370555153,25.22798990604235,71.25138087317193,6.219624554243042,193.2651850409929,31.104,432.947
banana,6.005456874339447,60.34758197726284,73.49369614818004,250.0,28.69775532556323,74.49512516433727,5.9848194668686245,180.39578109978896,25.039,150.368
mango,13.58726638030833,31.701791832670136,18.563812817014583,26.43459295949949,25.839024253516218,43.3073215045716,5.882129403147019,76.8197208809783,7.912,107.509
banana,10.819341018925735,103.45056572355998,77.71951497134408,204.11540737238806,26.16703406875636,82.9960655806134,5.892030779163134,184.13050892807374,33.794,365.624
orange,2.9633646341932858,21.685560078617833,20.023800485864786,17.514569116952682,23.800825230010698,86.73258862856918,6.7744080909542985,124.95010029107694,12.427,36.827
grapes,12.300092852791355,23.413502784185518,133.37824922604318,193.4572458080434,23.318548543247587,83.65956341762352,6.347275515700153,86.59021794181879,7.33,90.159
banana,9.722367488208231,84.5916779918194,64.1684977394428,215.6283441982156,29.58388227324514,76.05778340050651,5.678559234773669,132.32863273936664,26.83,260.854
banana,4.883045946729511,87.7870133912291,72.75333570377511,166.78664863590947,27.31871994347773,76.18344010683272,6.070373979335084,120.60427046423467,31.636,154.48
coconut,5.5499013597527735,23.85820150825586,21.48042036014803,42.86730195425826,27.18722320375386,90.71567370568737,5.68673652298001,174.28182851840805,6.871,38.133
banana,19.31509063790097,103.78709259944529,62.7478420410366,168.21640716004788,25.57411221686918,81.85738637893053,5.845037159816258,149.92628650295867,28.874,557.697
chickpea,17.192425292134875,53.28048586301048,79.64777771630867,88.81160510163149,15.153371311169433,15.958190720808217,7.420015447623667,63.50285550209569,1.488,25.59
cotton,15.571151375682208,123.05853952884254,39.19754535658999,58.20005389384868,28.8462852455663,75.79993635585578,6.839566689064662,106.81822601305122,1.937,30.162
mango,4.531296585289689,20.06297214557618,27.81577894018251,40.793104895969854,27.10724827081911,56.18435849832794,5.527648896539393,75.13049468336942,8.464,38.352
watermelon,10.293048431349918,106.68216717778769,19.951872622789306,57.402900263051094,27.7926985650022,84.65675912769544,6.448588983367288,37.89460866606429,17.528,180.416
mango,13.862473751058445,29.964543868198703,29.037636410086385,21.961128214632943,34.86234163884852,45.81340491786386,6.0715493857290435,82.83046942001425,8.154,113.038
grapes,11.457726907445434,30.7400187715035,126.05031060973405,179.68008990068031,22.43945038722334,75.29431523956048,5.644697554232143,85.16469441046608,8.422,96.497
mango,16.18742176503379,19.06388300714392,23.524848766595913,28.26814800870135,32.1964596695733,44.60388528603313,5.911507006800183,108.53012417353722,7.871,127.407
wheat,11.798197190268624,101.7774219724567,50.067610613883566,38.855883815542064,16.46957108541203,52.09840499569216,6.86985832971215,81.05162055676432,3.149,37.154
mango,0.9559781604985194,20.38681538958156,29.23524619582422,22.099753484451988,34.674318681806035,46.99668525772396,5.854975386290967,127.30740793129846,7.912,7.563
chickpea,12.326151728331533,44.92952103370177,68.9068237502249,76.34568142601333,13.73778924472986,18.285642952059995,6.320628673484133,60.11666206080835,1.386,17.079
orange,7.014188964838737,10.502448159180744,14.261877271936825,8.42982276752465,30.7109639243813,94.69494899692658,7.438936730232928,89.87131947658143,10.609,74.412
chickpea,10.686884258214318,38.074267013136016,68.90433449219142,73.59434639341029,18.46691494015999,10.0,6.603390817172656,99.98459952058826,1.369,14.632
coffee,10.471933857179359,73.02350816113473,23.709925831554074,44.76742061302309,23.50051855579729,50.82334139963028,6.945702965873765,208.92793910152733,1.011,10.588
maize,15.732308070653454,75.91769522174596,58.5267716088705,28.26966749501562,27.965292329985484,63.26100260778919,6.125949901558526,160.55279459648898,3.278,51.572
coconut,18.826953170445798,19.05350334872098,14.2494208331692,35.28557522359926,27.854749296448773,93.66172381205742,6.102976433118548,131.3906938685484,5.949,111.993
maize,7.022966122347089,94.82600292661928,58.702539738421095,20.3323660859462,30.651526979282202,72.2652728508341,5.959108959715781,98.03919844085966,3.265,22.927
grapes,16.783114673712507,13.161977268318015,129.66237020780412,187.78626579126794,26.378773545128038,88.784914598677,5.663884205158792,70.89632120620016,9.389,157.576
watermelon,13.98426317188235,110.60208647461081,24.47514351783936,45.868472793353455,25.902921330745336,79.0761166243679,6.484626557589051,49.76382405118854,16.348,228.618
rice,7.482772726030384,63.61180319248185,56.213551605487744,35.08480052240189,24.019979061745005,72.31219493247438,6.095045585533633,254.66086883367868,3.557,26.617
watermelon,3.208975700864113,72.85631133217403,22.9947697730997,57.63067932828676,26.804802971936326,71.22296544961499,6.499115503193838,55.72113578644564,16.798,53.904
watermelon,18.736738449886325,117.69597354617713,22.713530536151968,57.65905256565057,25.179853447583515,90.07721986937048,6.606685685371487,68.36988537749447,15.142,283.708
kidneybeans,4.319060204102767,15.577205327141066,72.44306712320586,23.537228997849894,16.956794511621794,23.354348649361192,5.1881620360419864,83.70187777703997,1.318,5.692
banana,11.495107487505004,110.45657308110002,76.9175005442809,193.529620420918,26.558623245339547,75.23759158997424,5.879882770917915,105.66895728222728,26.53,304.97
sugarcane,4.217926783184389,148.74752286300696,49.458104529381316,50.740039276445486,25.725668804159575,73.8530134457556,6.865267954922904,154.1975649172881,67.774,285.866
coffee,3.5956813942514656,136.99963911666077,12.106911141954283,30.53067034265263,26.461986753252585,63.21857270164104,6.918587738288314,172.1277410555011,0.969,3.485
orange,2.684603304293518,25.807861468026108,20.053161407397926,8.369819113061146,19.622021321451797,96.50747837613844,6.929087547729407,105.83674461311095,10.859,29.151
mango,6.360505626703541,23.100868009181816,29.825120945383272,28.54888662283221,28.76859256869723,41.1507050430961,5.721041329725281,103.03711649854597,8.119,51.64
cotton,3.384847444435498,80.60512355629106,29.563200800799507,59.51621321245144,25.746512304467398,66.02593279254536,6.878789810577222,77.08096690251548,1.781,6.027
banana,4.272904626269373,105.97520312994618,90.94486573810896,189.0169204581478,30.134034745195134,73.47405842799839,4.984346201474792,182.31432520749763,29.274,125.084
orange,12.12359816822931,13.134054047907494,17.976897906633372,8.75856252883126,23.393315235509547,92.38496663746629,6.845049822459381,112.3437630566988,11.295,136.941
rice,11.193624289814744,82.25756800625967,44.81138030275957,29.49153457452281,26.144098113432637,86.29632671019749,5.983173752996767,294.71584312896283,3.835,42.926
coconut,6.184387475697319,24.700684693839502,22.633875188628778,32.00171297399206,22.851838498768302,93.6551985887391,5.9294150918047785,168.6521581640796,6.032,37.304
cotton,5.513487174705818,102.10390504894418,55.79112743723252,46.78163816071464,28.31664190477109,64.75674788417572,6.686718165403437,77.5233593168038,2.421,13.347
wheat,5.612160008068985,74.10964642352214,39.434223450141246,35.805792962897684,21.97487927246786,43.925430914002284,6.4577050291835665,78.29701680556512,2.921,16.392
wheat,18.694161160360185,113.25843364367253,56.68706620305299,42.349395833046756,17.245659785820013,70.86931323387623,6.506479671654394,89.91943677988161,2.833,52.954
rice,13.897185625254803,89.60696349738588,49.73786025741699,33.879084349248906,25.641341295619547,77.3818005979959,5.55827487767933,196.11099330211852,3.452,47.969
cotton,1.3550399846726995,95.58651188296437,51.46391663897325,50.38188003988475,30.187910980880634,71.87109695411782,6.789112222839569,112.26381782246735,1.704,2.309
kidneybeans,15.346568610153394,22.706519836281913,59.30841075668782,23.569754132850612,24.55581528634614,14.293805046825625,4.843556101618546,86.68651466108172,1.127,17.297
lentil,7.89387838759342,8.477194275332671,71.08374471077926,26.908927001810646,24.086781882348276,72.89566899584418,6.697950536641427,51.788988724564526,0.957,7.555
rice,1.8904852607592582,67.85000095340618,44.249237956806425,41.44780956027047,23.441827388969436,84.82154683560726,5.291449164639806,242.12598485311997,3.253,6.149
lentil,16.612221180205015,15.880194788520086,81.74276612109432,18.75961303292544,16.64113354572317,60.716332452703966,6.499419300767794,43.32936359345393,0.887,14.737
orange,1.7831851799730842,19.970136729365084,15.126653227472707,7.068005509133231,25.137142064806998,90.4311789161552,7.737344666136635,125.66597405489154,10.189,18.169
banana,6.454979567730016,122.39475089851115,66.863702883646,213.01936929712772,24.266865230382997,69.73251029716425,5.82649962553176,172.27981817818588,33.216,214.411
cotton,11.147273787980378,96.09635325152672,48.095028791659004,52.85585800059477,24.95962541378275,71.8437787091875,6.94345359251886,72.51216196016055,2.002,22.315
coffee,9.697854770138902,111.9314677625774,13.940657585044226,21.061914620515523,24.058526843008423,55.32699447093052,5.99277832024565,108.57838198186106,1.011,9.804
sugarcane,15.194370174250077,118.69618692607258,47.80457998449106,49.254306136170335,28.39246758968965,72.61454733092599,6.649120102665067,153.2429748777745,62.881,955.432
sugarcane,5.419608697796718,116.92491492520583,61.4335720325967,41.18606679460838,25.78200132784739,76.87375442548321,6.648944866965249,178.57682257571798,74.166,401.953
kidneybeans,11.206383736190293,17.150700529465446,61.31801683123772,13.741908850191585,16.117199471717395,22.858936527940415,6.252262796304159,118.0287922664368,1.338,14.989
wheat,1.8837846396061613,102.6955796696404,71.28076137201181,36.63897956078144,24.11031670342025,55.94402697818796,7.1346622378182385,50.60578044181899,2.924,5.508
coconut,2.593724812872241,20.688459427300973,12.10911598287686,20.598898792092967,27.781048789010836,96.78404922974268,5.883171676387834,156.08927433484928,5.35,13.877
chickpea,13.501336129979384,51.57977893618518,70.20109595624827,74.46038929765714,18.82492191857041,14.259759815442289,7.495189142445268,65.89733221194841,1.442,19.466
mango,16.8585578921066,10.6869988129034,25.883303840731877,32.02650765822476,27.795673231946214,36.727874184725266,5.485347781499165,132.49436921756086,6.447,108.692
coconut,19.903799171609258,18.25392282891943,17.403049965928012,41.33499067860323,27.49281462898329,95.45137467516871,6.04246053279863,167.29132754502243,6.703,133.421
grapes,8.401209907100274,18.90416352518809,133.14584840101608,209.59659616100282,19.673999208694923,70.4141666017438,5.725941936387736,49.73306711006273,7.224,60.692
mango,10.249722109676231,19.842146397661146,47.091620194297555,38.21087726708666,30.994095423460067,52.03916060539069,5.873355635749421,98.26219234911278,8.478,86.894
lentil,13.014934635378523,18.2287371436546,61.31197921787533,16.574761218240983,24.159243076852583,75.59130174934546,7.0333115761885985,38.24200976087956,1.026,13.357
watermelon,2.30687884395637,73.65368099101525,20.68715208184512,44.69767625317254,24.303626784012057,82.21012675131101,6.226085269320447,33.721777814839974,17.808,41.08
coffee,12.659558502700337,94.25281740875899,19.941764475935617,21.649942181350255,21.687312206181662,58.211137792407804,6.4701022627819595,142.44883024929487,0.933,11.811
grapes,17.328232385881584,18.030743741544892,146.59854081332614,212.40384813991977,26.31929725452577,77.61513110818315,5.588263316429685,81.44039313120805,8.426,146.008
lentil,14.152427377543804,15.425234526090927,73.99204083659811,17.28607279715333,24.354399080171124,63.550971560187385,6.66927362988184,72.01290171700089,0.939,13.283
chickpea,14.768723172577403,24.024429918626655,61.81322366619196,82.78559988173805,18.295404421839663,11.679705125332749,7.203874752253719,60.093716989334084,1.565,23.112
grapes,16.082551683505983,20.17141625069343,110.04294710206726,197.7901615426874,30.140988728200234,75.46639866348822,6.187547273185246,52.684261560582875,7.479,120.283
mango,14.658586470659218,18.030125357945703,35.91223774072408,43.716858338573005,27.20220627611839,41.51053488397058,5.879563541176097,105.77979263432185,7.606,111.5
banana,9.491335822508278,123.85698580236587,79.38552984723113,220.76287296525732,27.798125805644666,83.85460868429685,5.731209815321765,162.49544333408915,31.018,294.4
watermelon,17.00828816672171,83.26624517360565,19.153484754963603,32.54355046550373,26.847604295141995,84.12598679614143,6.619806052744247,37.79804976442935,15.693,266.918
sugarcane,4.431485844133365,143.751431553956,38.67675700053499,61.5157830765479,27.163809163640487,76.26674862245743,5.839093330696833,199.64147021806502,61.585,272.915
maize,9.785255178154136,85.35265324051711,60.13124927935677,18.714383410987814,20.873607925376582,51.549494129596894,6.097504015063254,58.28356431375863,4.372,42.781
cotton,14.25891405800057,124.59844749917971,52.82531785009367,65.11305525014927,28.987769284913423,67.00643083073959,6.762345854551897,123.62977705933271,1.952,27.829
sugarcane,12.972371083372698,121.11227714995228,46.728936503773205,63.0273797602198,28.473358340161287,76.805486135469,6.285955877465407,223.1171229393608,55.313,717.544
rice,11.392375133232163,76.27420541368497,41.942828871955335,30.47856261800179,25.494851758231956,78.41660195251599,6.468355308859932,240.70381974460722,4.085,46.533
grapes,8.026070792968632,22.053308001477973,147.1544014780917,189.233654161774,25.98025552522583,70.90864305602074,6.2613993552032845,49.88402451293754,8.381,67.265
coconut,5.0848385226950885,21.43324876738246,18.342200657091823,34.21532717666806,22.37369971200702,96.66595782158477,6.271964530533166,225.10397538780074,5.607,28.509
kidneybeans,14.078458382118418,20.639230160181263,45.958013045596886,22.878118042019892,14.69175242426886,26.88798915079458,5.066429120901459,128.48849885053428,1.035,14.569
rice,9.27624669419398,77.713469912791,39.5124414908216,50.61210137267095,25.620991062669006,82.14710151723057,6.470510570982036,255.20351427415898,3.763,34.906
watermelon,2.2893606605450274,122.6642096162673,15.252647084818227,56.31695695251181,24.410806603638008,83.439419864258,6.309199209680674,61.1475839312397,16.965,38.839
maize,16.26488356232417,75.61285852939605,44.0458350829785,19.614531089279367,29.475526123601572,55.152973177742126,5.9151753209721365,95.91345195517542,4.011,65.233
rice,11.558314477669702,84.25217738098478,52.580315497341225,40.2137946867781,22.885162159189004,80.89750027677655,6.478206938987684,261.30248677307134,3.492,40.367
orange,1.9251942511693156,31.01130509132314,18.316432493398143,7.491240490193238,27.04700844443192,89.49349251748038,7.131588209765955,99.30542835034015,11.16,21.485
mango,9.948721760692008,13.527557012159749,23.8872679103437,14.688397324769387,23.586759580057794,50.910614938518044,5.523046517483332,136.02964329073006,7.973,79.319
sugarcane,6.543294382620626,153.30317361223237,65.25971992761923,40.61315082870246,26.809581958400138,66.50587784760256,6.560362782770408,142.8616132664241,56.289,368.318
maize,8.041984306645213,128.33730991309406,49.175810109564885,23.490888913273018,20.255147243762963,48.602249075240884,6.184879083220658,90.96020210921297,3.759,30.23
orange,0.8690163150005858,12.410874592672599,12.082620453472636,10.025865879898591,17.2723182456634,90.66317857983734,6.740984159802819,102.55056400853452,12.037,10.461
watermelon,9.755842092900451,125.0934518225129,18.696536007797768,43.11965127186393,25.19223231793815,83.22865416962385,6.766817859379367,48.4543347220771,14.713,143.534
rice,12.358586914219886,66.92277761468925,43.1707169346135,33.79903421108975,22.358763581421144,92.17412205444923,5.586658091249035,300.0,3.284,40.586
kidneybeans,13.219267578518437,15.241506115476843,72.19198480876534,22.516116022132124,15.931189721747149,25.988085385342504,5.682014628618083,83.19126725519774,1.385,18.309
grapes,15.633909057032495,14.391252182342583,139.7670992827778,178.63225278933297,29.784588654564615,84.081774472394,6.059038333028321,79.34685124794653,7.094,110.904
chickpea,7.6016197349844195,46.42597818437907,73.63074399689005,98.18827705452625,19.672261036686585,22.762000256908763,7.108569896901268,76.0636779924981,1.385,10.528
watermelon,6.4517938988076695,82.14861594779097,19.63113703283469,62.378200637313604,25.14526227202233,84.48357249788371,6.462657331788368,38.808589487303166,18.898,121.928
kidneybeans,2.4986503686658743,11.020595330345895,60.306881144661176,20.31245758400073,15.656114154598058,23.19124996036922,6.2382552513484,112.83617967906532,1.385,3.461
watermelon,4.544138055428321,114.86063520266971,12.502302515918682,59.82539825750088,25.50877627292191,81.27110542778279,6.566583273031889,47.28295545788279,19.851,90.207
grapes,3.645880009181341,17.89479922920651,151.6065166343442,219.7885812442883,20.614031907666206,89.19178659697266,6.095821876538733,72.54825019492593,9.211,33.581
rice,13.481179969094411,82.7617453286525,44.73223888625048,44.118228414749446,24.47366967345016,90.38451262827365,6.508844551509607,223.10306428462744,3.955,53.317
coffee,13.632093311162986,106.52146288734319,15.58334023744654,26.14919039312072,26.964943774273173,54.95203206738526,7.282452160962651,157.7029902344641,0.991,13.514
coconut,13.201171413348886,25.50486942188944,15.4531235949662,19.875122198459394,25.656446123131623,93.8059267754064,6.06068737352261,152.51916170238192,6.067,80.093
maize,18.300116393075324,102.15291130085515,41.611807790329735,15.013594012110506,28.54422890507066,63.039631653340436,6.218993148439243,107.4665123913099,4.046,74.046
cotton,3.5408709689757685,118.55486083213592,43.372374123175135,49.565948575732996,29.744587063989485,74.41828007991977,6.9978191099757385,126.01569324983154,1.985,7.03
chickpea,4.6862312241354465,36.70513667174741,47.63248672489979,75.95451808548431,17.281787251276075,20.71789678369331,7.276295971072159,66.83754849655726,1.517,7.109
wheat,13.959722730733228,102.84468282494835,58.558731210790135,37.6260741746764,23.44157168622663,51.56249326865028,6.753482118720481,55.136916071468576,2.952,41.211
coffee,9.975743606814818,93.45987650118245,17.09308763908737,35.12308720469359,19.748771751461476,67.95021114102246,6.39995222271981,147.41147522393774,1.011,10.085
grapes,18.9360895007223,15.414642751785289,133.29675394194396,199.09728802664515,26.54925252797217,78.27246123750807,5.881780661714959,45.02904089254166,8.668,164.143
watermelon,19.97879000046595,112.5546662471669,16.05195928235401,49.98053091941181,21.000230111003795,84.9779816616699,6.38729870570233,37.577614186644446,14.874,297.165
chickpea,11.051161785820213,45.09567042843845,73.42929924772078,75.23634243498128,20.226698351437125,19.68943994774182,6.679469320240226,90.52540171323291,1.652,18.255
maize,1.6112287159896028,76.89608881965437,46.98657270164959,11.065626306647847,15.77418692009343,69.34617893310661,6.003870764355261,143.371602075626,4.015,6.469
kidneybeans,15.5758955652939,24.230268872119016,58.635808701613854,19.15556029859261,22.447357686756163,16.2799239554544,5.23791047553269,106.1107740411496,1.17,18.23
rice,3.412237542326135,74.7866301507666,49.817243504720665,42.044165275276036,21.08314728426916,78.47102756092548,6.199953180349725,249.57523536156057,4.271,14.573
rice,1.8361778339627834,61.92439321747141,42.27906112549274,35.261593496559065,31.015803644163274,78.77283275998208,6.008075645856602,178.76940288793077,3.377,6.202
kidneybeans,16.290892807561285,8.199415632047497,61.370182092365454,22.63215136272739,21.022364887899112,19.207241733079247,6.032704492304634,104.71547549776858,1.404,22.876
maize,15.422012311460975,92.21170274663973,62.33813133273962,27.284302043828514,12.92046552606173,55.150363582430586,6.2719893109545595,64.61782343655761,2.57,39.64
orange,16.14315464595237,26.745964217862095,14.326813830889517,11.226812954356365,17.72371386348267,92.2256423972689,7.3813271682951695,108.32381517254447,12.283,198.281
grapes,2.74187914861722,20.699196613785436,108.30585903828349,221.08733211499901,28.09274550489419,70.36672638354737,6.19173867233472,82.90472272121549,8.014,21.973
mango,6.767364952111892,19.768795400230548,28.916232194629604,30.46255878227018,28.13351519181651,40.57514587003579,5.963874660280835,127.61265008484006,8.421,56.989
lentil,17.757829079963685,12.368177434922224,60.13968013963922,16.558269095497803,22.298408021990838,73.78468452389862,7.005566341393319,38.609238088987986,1.115,19.806
wheat,7.333717893060175,93.90097193026055,65.6276175024346,26.75247268542763,13.212827052894552,53.8261916659829,6.651694445628922,61.65733227881552,2.986,21.9
maize,4.399208693901109,105.02342235182306,48.01602460248038,17.07073001242654,23.538238720478347,54.104539973490986,6.273614846708083,89.88984876887598,4.512,19.85
lentil,2.3370018869464144,11.715849367380097,68.01219191268176,15.257074850025226,24.46856248641411,61.02028509020783,6.890539253939564,59.65537098967022,0.975,2.278
orange,18.285729564545868,27.47027984289598,22.893501917013264,9.146169487441147,22.876088742943438,90.09871102105477,6.535135255189916,164.93090339754053,9.989,182.655
sugarcane,14.041944866649361,124.2961316748779,42.46986882965018,55.56099044529773,27.452508139718265,76.46367415439046,5.827043346684911,194.36192589851024,58.094,815.756
wheat,9.280724808236627,99.70237229440025,62.02594230762175,40.79968095858421,23.852901217369944,64.04975338024192,6.7084860902945955,43.58952481613659,2.756,25.582
chickpea,3.836105058737743,42.24378191075684,68.9078529027585,88.12019740765274,20.556698526998446,15.305060869135787,7.633318542172055,81.6778413428692,1.421,5.45
grapes,9.479124744948244,9.939673005157346,150.91652210754523,201.6103776828268,25.429227567900643,86.14018342202803,6.309002572729704,64.33204797482456,7.862,74.521
coconut,6.212928046072562,15.72473723350016,14.330493448738412,39.64920064579342,27.978348228631347,94.09426348088908,5.89102884495171,172.71659519239242,5.93,36.845
grapes,17.842388592897862,15.965102623401407,142.90331440420326,194.5159640356204,26.812610549478624,77.43152082958474,5.857623619757403,81.8523470064355,8.479,151.286
banana,13.168683897099532,120.36903253153623,67.28496090798141,189.0088833482022,25.495718598583622,87.33295542631288,5.427407859309726,198.56779668400677,27.023,355.863
watermelon,7.664726163740069,110.9753605514427,21.268808747482296,34.05167681717656,21.008045144893305,80.1514993743221,6.724504773877662,35.986655157931395,17.053,130.709
cotton,12.158763385243303,114.95606636843834,43.86985210429206,49.82214719686301,23.901528906632414,68.80477654485306,7.166040278088495,99.74923062698612,2.001,24.328
banana,17.806196522207788,89.32430588460656,81.42217289452464,170.54066802848047,26.119230681209466,84.77424799959809,5.660605512293154,191.5072913697793,25.966,462.364
chickpea,4.4840843341140655,43.95783811577865,63.02393448184866,86.16768526184435,13.058160522283085,26.51839944365393,7.409752057511026,97.76683841188631,1.232,5.524
sugarcane,8.335678103830421,141.63643032140186,57.82642739130158,49.52774051821526,28.42282874974353,77.79198327004592,5.990719790387179,186.44528928167486,60.936,507.945
watermelon,17.83469757219039,103.73574288014615,12.050307699064401,53.17418468344779,24.46425246777152,89.32243951648061,6.207553706932796,58.802438545095974,18.839,335.983
chickpea,7.325883822494474,36.42271925651813,63.269251416682245,79.6034472046838,20.196892788128622,14.367299032545212,7.033003198415824,83.66720225674686,1.441,10.559
kidneybeans,2.304001982869586,28.958030521748952,58.53457571033761,23.86783384050723,16.161312686489566,21.453891299462068,5.559619619626616,101.44519910698418,1.392,3.207
coconut,9.397369756126613,15.368479106126934,11.571273594357686,30.811744682683106,27.630554402331143,90.79337276709862,6.172701762121768,213.879483565082,6.141,57.708
grapes,11.182963121737847,28.899128200822876,113.7119216742465,191.27788734619213,17.305979513253575,75.92482127129074,5.701729330758281,59.945639409569935,8.172,91.389
chickpea,11.078482620756203,43.732416923898796,65.11208859479515,86.74197760566064,19.28409444114879,14.440687301678775,6.83091609805445,68.70752834620495,1.521,16.855
kidneybeans,17.136417384879294,23.120120184231983,72.0041688708897,19.876040614658788,13.417819313600944,31.423779783540077,5.946821365048433,98.42283032098254,1.133,19.422
kidneybeans,9.841014963413082,24.292973811898793,64.75318437124747,16.384642466711703,15.494088159110504,13.047123877007962,5.69874043082891,91.45024923386867,1.369,13.475
wheat,7.485322666433685,87.83223112380799,63.39647829141671,38.82083540543327,28.005380918585608,57.90081775380919,6.308428348259653,71.0568265471423,3.066,22.947
coconut,14.739130417728141,23.245539416754617,20.13346260984655,47.25403918206472,24.475650076859857,93.54155441041964,5.866559180728704,170.0278428312578,7.678,113.164
maize,5.182369498912943,64.09561347775292,67.988278176539,17.890346799916088,24.692611451210055,61.25634922265531,6.19940175015662,68.98347419280915,3.794,19.663
coconut,2.7269212605269644,23.17589146256137,22.304533796781865,37.29916531196041,24.90311544274102,93.56576796909252,5.765481602520291,192.60302367680944,6.438,17.555
cotton,7.861456346334891,104.00638715901377,48.85442849922841,63.28125105661163,33.63910248989077,82.0929082118598,6.497856643920524,102.16165476189192,1.867,14.677
cotton,2.573949291190166,115.47849772034235,57.29833869580104,68.07704516280907,28.600792377150192,72.25958323564736,6.937935078996012,85.20409704211318,2.251,5.793
mango,3.174208759872449,20.42089807314617,20.00767902501632,23.847698371275243,23.338897964763962,62.942441123819684,5.432913342496055,61.45240642335376,7.989,25.359
sugarcane,8.89556626415882,155.32833790170545,55.9283395235247,52.9026867979365,28.538062262317762,74.6057193781911,7.066397006127549,164.55367821742564,60.334,536.709
orange,11.030850655541485,11.325295066547884,19.58898003648831,6.746999231982359,24.72790288441214,99.44201994223002,5.955232741752997,93.60129618600534,10.473,115.528
chickpea,2.811179062626332,43.699633408382795,65.82486839252897,82.95582766777389,20.018588188674673,12.327268548725389,7.1698950682826785,57.886869839260754,1.813,5.095
sugarcane,16.942612814780606,151.10852267302144,49.49338051171488,62.0554039284622,29.892500880307878,79.14956135254667,6.698411239046711,208.99446461764114,67.717,1147.309
kidneybeans,16.951511301431747,16.93823151308139,63.80678856856329,17.25677514395464,20.92015594797107,16.06921201068684,5.503142687076529,133.12111731510646,1.074,18.202
mango,8.156360926305624,8.987596707610724,22.45338349291461,19.879127095873372,30.03555920298055,58.70894768529781,6.1908634877911854,82.2125507973337,7.323,59.727
coffee,16.1547412531317,107.30883353810441,15.114078099591891,36.326308169472256,27.036734036217126,58.62037715036037,7.487331373907939,183.825880286151,1.131,18.267
kidneybeans,6.7497700665504805,25.34513868210884,65.66849267869867,25.315002601227707,9.758451880452906,29.06734344786137,5.899121486072012,121.69302543356008,1.069,7.218
grapes,14.195953509743953,16.649264827283897,126.83295423475867,201.61049815996864,25.30087270614433,72.16466883416376,6.260413580481387,71.02147101555744,8.887,126.158
rice,4.854152066796865,100.6323813603954,53.290735098943735,46.01561256563461,18.175807848728084,82.24553590393478,6.149148516672365,247.31261753202395,3.315,16.094
maize,12.742279639270073,55.9938016369687,40.27670895376508,19.32891443297205,21.136560498158453,57.31891207560468,7.323492568792247,83.70867396083997,3.656,46.587
coffee,5.871003811587463,116.28377318835585,22.77593993068983,27.763095240094096,22.639646732359413,56.561006469656924,6.209997414568619,86.54191117950285,0.846,4.964
sugarcane,3.6610002634623364,144.84066014760074,54.92973443533517,63.091018434716865,25.017726469138243,80.46141273415697,6.83852258336886,169.34203474970164,65.864,241.129
chickpea,7.94514489852515,36.98846539689377,56.856439756450875,60.03457460364908,21.080217658679913,14.584263151712143,6.691253930194538,65.45283709265425,1.557,12.368
lentil,16.684591537789384,7.994983000404098,67.48372190032431,17.58270463924915,21.732183167407474,73.29021853629118,7.305354736989495,48.23341931618037,0.943,15.738
grapes,5.03246026107682,20.54529621504077,131.89255716355422,205.5327838364707,27.27023729083042,70.52529159312392,6.218186906950564,58.80742070085769,8.757,44.069
banana,5.9165885317217235,112.27460876284947,84.87509069899932,201.99139543462326,22.76216663533623,84.95868730005029,5.732004512447198,126.07369353566796,26.151,154.726
maize,7.648444939391364,88.36347161547602,61.487728440670125,19.34385497139302,16.574930004938757,83.09894032855993,6.3524354188748955,64.994784414955,3.946,30.182
sugarcane,11.312605820827057,108.8824383371756,56.70992999477605,44.292669957270704,30.02159429911578,72.24633948487366,6.304082756985793,213.79514553728796,60.179,680.786
maize,16.796279617124977,97.7931996928029,48.54495577154643,22.450569875954326,19.26128079923384,68.49933001313578,7.168971345809822,58.42915675538842,3.603,60.522
grapes,2.3360893817123776,24.049686107678895,129.51200981866174,170.2559168917503,19.994810225219393,66.93487747369689,6.178244977953906,77.11450763763077,8.264,19.305
grapes,6.580464166449805,17.444368944289028,140.64353834682083,222.2157110725769,24.820198596150416,82.21558407454239,6.21355465329385,62.114432568692976,9.662,63.579
banana,13.995071255650416,80.56656579235813,86.86789179032229,188.65794262679515,31.706701727563686,78.20957765673906,6.105476808505442,161.17636583141092,30.904,432.506
watermelon,2.5519016389500657,101.63366030416275,28.563347698039436,54.157679322967596,23.37876278994603,87.27882374003086,6.060981559201281,35.41222871171556,15.166,38.701
lentil,2.809419992055674,18.44421837049454,72.68867691917625,18.913851049841515,22.20740985068273,61.0990916169876,7.332383488683916,53.973467401412535,0.902,2.535
banana,17.610794565102278,109.46995908561586,75.8269855532482,228.735437665493,30.05135633768379,80.87798592167502,6.417018817727228,132.13973606608542,28.774,506.737
mango,0.8092235962501912,20.413389761802428,25.516065130794857,36.236344638143734,28.672832162153725,53.00419574988839,5.477451622500078,112.80187079846303,7.504,6.073
cotton,4.241826657269444,138.82317164894067,38.539929220566165,54.85267894768304,28.61063297050527,76.85961861040094,6.390979343149565,67.65956152284411,1.98,8.4
cotton,16.180645492796245,137.38420881644913,53.21738366861051,57.903437911654905,26.592962897801158,73.35647292956267,7.128867906901667,87.00936921193097,1.756,28.418
rice,5.301178198391127,82.78444798397983,49.048037306043184,54.87914091854648,21.00286912947066,86.38312858773259,6.586734460470351,240.7848372374124,3.225,17.098
orange,8.229458927632855,9.57997943954189,15.594451065384568,1.311800103130068,19.97287873937337,89.46942690958286,7.118984394022605,90.30510609423158,10.559,86.894
watermelon,15.922613070604621,108.88720796386772,13.534898586384704,53.29478365295656,28.020409856761148,77.80823833341627,6.660023355089123,49.372646030580604,19.38,308.587
chickpea,6.696496442412919,33.88851213834502,46.883164635885926,73.08491049108243,16.121845475496407,24.396122963565176,8.205878371439221,64.23812483006596,1.219,8.162
chickpea,13.418588039724158,50.42020473000145,85.99865923474876,68.06066239838624,12.906697472187027,18.845657845095108,7.728149153694283,94.35465969872682,1.422,19.086
cotton,19.312989475064168,114.56986711477329,48.99531626601193,59.347707845291,24.21349897720495,65.29089641061769,6.818198977430984,107.10665087691982,1.659,32.045
grapes,18.04673142086657,12.477256014657044,137.31453801044884,192.8850616793234,23.45213950257446,75.51327266196957,5.740435070381184,58.18478797280475,8.935,161.245
coffee,18.745360487652295,102.09925232635266,15.679847124331499,34.937315743028236,25.746313822464554,62.012302332416326,5.946005035383687,121.05687738711919,0.944,17.693
maize,8.686389822229142,94.71907721620335,59.71247065225061,23.061808659043322,25.28640722726547,69.57417854000595,6.177383991922353,100.30008048987631,3.739,32.474
mango,3.9256181626390396,25.372390318923593,28.05646844408876,22.689151401321762,27.96525544547422,47.705222042077075,5.824134628799002,63.51084646367859,7.717,30.292
chickpea,16.39402432296425,31.81189398259265,67.09276817537544,79.44574255606116,16.717570325891636,14.533239064802544,6.671326796488538,66.64460291235999,1.302,21.337
banana,1.5212751426483677,107.33807929033983,86.8968753570843,250.0,26.143492043191884,72.80925221867935,6.156685065258056,216.09906444485952,32.731,49.793
cotton,0.6861699521640584,113.31439864752782,35.16302789696426,61.12905396458963,31.780640376576166,83.61450786981817,6.6786920355728085,70.33658484058657,1.815,1.246
lentil,14.792361352827465,14.581672657074975,74.06112788470992,11.180877072126778,21.74120042249124,86.29207694506424,6.767566445517968,57.99232545698831,1.097,16.227
orange,10.377153196429493,10.553159496972734,13.116082168120492,11.039317343496164,20.443908894128715,84.335225898488,7.687545906962524,108.77133404728691,9.87,102.424
cotton,11.046280056473552,99.03977236707931,44.43218612394089,54.04822795100983,27.53074494392671,75.70468924663109,7.086260543633342,69.63653810982814,1.887,20.847
coconut,5.850434896843401,11.750377435848163,9.846414301000905,46.52129788240722,28.233560528236183,93.36190446852504,5.923497376145611,129.25633609928354,5.807,33.976
coffee,9.90972221429707,111.32022723058621,20.425244326662103,22.36295741248617,26.577635691898593,61.50680919023324,7.125983437026372,118.15571549658377,1.015,10.054
lentil,18.373319094346655,15.582868377255538,66.93043513687734,24.08743492656312,28.16707122060491,54.83432862452598,6.695471046227474,25.938546097877182,1.124,20.649
lentil,3.5846401004618302,17.94384005638285,81.31729334233148,25.727237363269108,22.401843460683594,76.51068821607329,6.535330599390316,42.63560480642753,0.88,3.155
maize,4.581809143007406,96.0455429314703,55.7002199089597,17.617933926225113,19.34401718267996,66.28828152981256,6.325406070706,52.08624770656116,3.814,17.474
sugarcane,6.9386593766860765,177.7174333552094,48.086680753324515,44.19915933540487,27.842135474581127,80.6340104527397,5.758099957553235,152.20629452020597,55.554,385.468
cotton,12.19858739862435,129.21693873681662,52.799114856355644,55.43460057862444,29.201196862305668,71.76089529810362,6.891915965663575,87.39433513067894,1.978,24.125
wheat,11.747324823113622,88.82148025414801,35.90985913943239,46.848793093349514,9.402368236850162,66.93453461064512,6.840701550610547,46.460298503895245,2.494,29.302
grapes,10.215024044929846,15.441697994229225,111.6299414311674,203.8759805698356,24.05650050916543,86.22965597635356,5.838486976805332,57.54839693421143,7.456,76.159
wheat,8.581991429944358,126.34725308334568,38.7236164682646,39.41366967287431,17.272070743463765,68.28329547496706,7.248378817662784,57.43167706975139,2.848,24.44
maize,3.254570875380609,57.613417272499966,44.053116162291545,9.509594406420057,32.16615513726778,63.69992973547187,6.350331713532403,95.80183529147853,3.943,12.834
coconut,5.558616666235224,15.930929824785704,19.40830877915865,36.92269713100903,26.70838949045738,94.92957405651124,6.188266905591945,168.44569758537682,6.012,33.421
coconut,16.068442851742972,31.37422940720788,21.98774187557494,17.962481512599844,24.95494802311832,93.5912751796305,5.744866172944305,124.75018653613228,5.974,96.0
kidneybeans,7.09047462565397,15.979625001885235,56.68913160263654,15.002868012078913,15.878565010836706,24.218180003018702,5.730903711632353,59.93026081831963,1.37,9.717
rice,9.6365081737887,59.54529275177694,49.53509289915734,42.55627979793991,24.37969999740651,76.44930235417155,5.375289479022775,198.74285255709265,3.219,31.018
sugarcane,12.090305711268169,136.68811729293628,54.400938378999264,64.31685126985002,30.912456885966876,72.06985017197373,6.341474158533117,168.23800418477657,70.501,852.379
sugarcane,2.2243755296939893,152.14782853596643,51.43026174022945,79.68823513450982,26.67977949308147,60.986343216662036,6.681095875337774,126.64459333669814,56.64,125.989
maize,13.592773034750513,84.94584088768508,42.74715317188561,14.018340469541956,24.165858499139315,64.74470540201705,6.112561154413811,124.2935955618418,3.927,53.382
kidneybeans,5.317219480474874,15.10182485067585,66.63655689483915,16.490369402256697,15.664709468484224,31.162030843037638,5.913516218023157,113.68604822063952,1.29,6.86
orange,3.163477859662575,19.514796845373144,20.10912790996015,8.640580802776173,22.942775455279765,95.77454389370712,6.472726344155283,92.66864865870978,11.899,37.641
kidneybeans,7.518765767891404,13.195393530421674,67.20130614112466,18.611324688297014,17.107637420949953,20.15466991843625,6.017761320023781,98.31005346048735,1.252,9.415
coconut,9.267702981334653,31.51604180226193,11.42639074677027,21.6881845288888,27.296308101143826,91.23244549334736,5.571288745865787,206.60287253233247,5.449,50.5
cotton,15.965785765280296,130.79246427909067,48.87944442894781,40.85450800469684,26.627627306660614,78.10682930604796,7.010968645277556,94.38941941995593,1.876,29.959
banana,4.069206501242784,102.30070895359079,89.02528852771064,213.6789998594516,22.64607484028057,81.89175000084532,5.867372983624,175.28147057428134,29.785,121.203
orange,19.127444505906997,8.47190053919717,21.716940404435714,10.288050655420498,18.063650815757,83.6204766086802,7.357546718735774,96.96112091161785,10.989,210.197
lentil,2.1484178526041733,12.702482938178353,64.68484679475782,20.489271836796387,23.122128484191876,56.840061523242056,6.9022625352843345,43.86744303946707,1.124,2.415
kidneybeans,13.055336587314269,13.878144025257061,74.44137983501506,24.637673273147062,22.83848104180675,26.172692104807247,5.6618885788403555,48.04044123342268,1.071,13.987
mango,5.587471170548986,21.7941144837906,25.15981332220406,28.2831361023275,28.947928357199707,48.01073816036036,6.16760372448283,46.912732861035835,7.882,44.041
maize,17.074889319456382,83.56577726253532,65.22001762345575,12.18639578617097,23.451428656417026,77.99739033681489,6.242383797310133,151.1703444601132,3.859,65.886
kidneybeans,10.113499571033312,18.580888088994048,51.484751749933494,22.48165990591273,20.41709097556116,10.125855699883164,5.567730378987903,102.06746046838414,1.118,11.312
wheat,0.5057119755857997,121.56428368509117,51.503923930236546,31.36694566962055,26.71139141069044,69.09958638356727,7.000470623351637,100.51510822678173,2.559,1.294
grapes,10.875854704071157,28.910491126356092,159.9783683660282,208.6075804101402,26.52578513928305,79.18867924765281,5.619455630322167,81.9368577634667,7.485,81.406
lentil,11.351754968237525,21.236080577745756,75.95882375514486,20.845587461971732,20.98258097896834,82.89829601489653,7.155789766207088,30.02904523026028,0.986,11.198
grapes,18.827809293761316,3.5861031850682235,124.38882037427399,202.54571595607783,19.713757438595504,89.26723286970659,5.685989947681087,83.68795835929136,8.163,153.685
lentil,11.511505925315648,19.911775204607164,62.687791415277616,19.168280960352035,26.49610271248871,74.023786533659,7.177035727778654,50.422416978550615,1.01,11.625
orange,17.616644846388986,25.92811246382338,9.438272895454304,9.322086750436085,17.68072901631861,90.88247005239593,6.423042728478231,114.04464296477136,10.554,185.928
lentil,1.0882347712580325,16.972838541408386,73.2015271120017,24.53074824057646,23.00843802315577,61.568408702472176,6.025257403102843,26.427915973142525,0.87,0.947
sugarcane,11.016702448047933,133.11797984694135,45.8437616941918,69.51800336508931,24.629301753189715,69.3851842127135,6.0480875923675494,198.36637306356533,62.894,692.882
banana,15.542491820129056,98.95020819875228,79.25832608905317,209.12173569018546,28.648624576654004,75.5403358807835,5.778538578337673,164.6888220510267,30.758,478.058
cotton,4.1509826234849,106.94622677823938,49.29453835310866,50.6423486180452,32.22200755000448,75.00387694051959,6.6199385895658995,91.84579107897288,1.791,7.435
maize,5.390437501535954,87.00125004315362,51.800314071942935,17.36284821309732,27.68058618452434,55.10548229618858,6.550657741422576,95.35301696670314,4.112,22.167
watermelon,1.8300781936789825,112.64934336880033,7.717154463692198,52.74671929625373,30.323713441400077,87.63724215233182,6.7844734194867975,45.43647492606396,16.816,30.774
grapes,2.4166013911700577,15.920188893508925,128.25122596121324,241.30268332793682,17.92225005284547,83.01240796309821,5.782219244009125,73.34300085443292,8.077,19.52
kidneybeans,2.8168819625438575,26.601598455776617,70.91761950231059,14.00417890006883,15.58174222794884,17.381542725651133,6.196935640675135,75.65647427736383,1.156,3.258
cotton,1.7062987669516485,150.21362689674257,38.802884530001435,62.202203145902196,27.019801320673473,71.64347320059892,6.37883485054087,103.15000189841302,1.699,2.899
grapes,6.059167314359784,21.063345834507313,149.4951111539968,228.59913044090268,21.646726642953098,83.13306651569057,6.381302675564209,68.02660896980713,7.654,46.374
coconut,6.748982292400478,25.75307140700538,17.646448438380894,44.97184518502396,23.65146547505212,90.66338253667749,5.760664904914239,212.57970107721488,6.414,43.291
cotton,8.96540395709202,118.70643262949561,47.968375882078234,65.6642321903297,32.52696840435067,65.55147199190009,6.373654849455015,91.5143433837365,1.948,17.462
chickpea,14.562424188454942,24.991159004511555,69.32710901848891,78.26272706399683,16.85891958444796,11.17980037674586,7.204569934630693,72.0499472860889,1.412,20.563
sugarcane,2.8801981986180833,122.7276061730502,50.47695065732966,53.991219430943886,33.503737266134266,73.67164036871318,6.280769014851435,117.28216363636065,55.534,159.949
coconut,9.40305928636251,18.607439686914006,15.14104628002152,43.67307194172897,29.589401539660475,96.8021965400822,5.386558663589089,132.24634288823177,6.396,60.146
rice,13.390930851042796,78.41210185807556,36.4393192319843,39.22736429671317,27.135885839319364,73.76043485006625,6.317200219189575,266.73991901730824,3.634,48.669
rice,1.7234525799103366,89.38896987512393,47.781331116381814,31.40650442429914,26.643620708395197,76.7307215670887,6.488785548165367,215.37443706152698,3.491,6.016
orange,0.5326491693688151,12.106084072728516,17.474368906643022,7.868917268151724,20.285743160539692,92.6232839612557,6.420171625170256,88.15389964688379,9.922,5.285
coconut,4.63955759436338,20.90225529875068,16.138802022609724,34.98386723170401,23.8800100319976,96.7598028858761,6.215183231286439,174.21595090464,6.406,29.721
maize,9.78641660494592,94.54322632126531,29.541058719276432,15.992947657295819,17.749079971443205,68.625755197485,6.460052311003614,101.40096617246842,4.254,41.627
lentil,3.532486853051949,25.04107430631278,64.17649458009929,23.832905261684914,23.408464206907528,72.89647149072452,6.5794591577052985,53.71165885611731,1.002,3.538
sugarcane,1.1030554730239461,144.55239127499172,47.24839226495655,61.798111976907926,24.565584445709995,72.01502631169048,5.994084298923713,175.49286516615558,59.394,65.515
banana,17.67017285375528,122.87726346026412,68.25965832051688,223.16373599573967,27.914250357904606,76.83583116329471,6.110221070258647,167.45235769950668,27.517,486.232
orange,12.684132568107678,27.318701135211292,23.70025592960774,8.995753118504064,23.666547644844357,93.39751445036283,6.930139901520236,112.73142779427434,12.518,158.784
coffee,14.47319721839607,116.13036746953897,24.068771945308658,29.8420120161599,26.245321369124472,49.83215770702721,7.313146532969916,119.20253767805636,0.798,11.548
maize,9.390609809686469,77.7225203245567,39.28789952166616,19.574827945024104,16.293178580237083,80.11270849051155,6.355860018592197,111.6693238591752,3.499,32.858
sugarcane,15.547802118644185,174.0739259744968,47.93324486114084,54.62421345720562,27.082952486419117,69.27940732056885,6.963761792779216,96.90507264972116,55.086,856.462
chickpea,4.972685052864799,27.983584613848468,66.48895478106094,84.35705126885105,20.072497695843857,18.2264430519949,7.67856012697987,58.31116756344994,1.477,7.344
coconut,11.267877516689525,13.844769729767904,7.560054072865903,41.09882715047749,28.818345870061883,97.13971088860423,5.863913525478219,194.18036078147978,6.595,74.316
sugarcane,19.402820973966325,149.96763006224228,71.6181161694374,54.01268001924014,27.597306803459865,68.59021413378368,6.513915939382172,188.09021461314268,65.82,1277.096
chickpea,19.38203081790466,38.117784508452544,55.954490718941194,85.89076585849676,19.717714360803107,13.843810413075378,7.314831498248958,61.68912116335477,1.698,32.906
wheat,14.116652765596122,94.59651272501988,47.33358707552034,44.60056737939711,14.265655717193155,50.74998268641329,6.302235249636271,62.95468553016983,2.757,38.919
sugarcane,17.5656908136517,160.4005525724076,57.297688243492935,67.54956030606311,32.28465839145768,75.64763981675738,6.330246007339354,160.68564407252703,65.273,1146.561
coconut,19.100526945984353,20.228167325347297,20.401602605169217,35.62640826470325,30.17823884042083,94.88420015787487,5.156455271518354,228.52001054520042,5.296,101.163
coffee,7.569562370740362,87.48640384144075,10.635610531251155,25.053807322380372,27.476566569002063,57.71141947200725,6.914208680364841,182.74707050724263,0.911,6.893
watermelon,12.14968568346663,107.17650256137478,11.675599148490928,39.5991300106776,24.915884320606658,84.74747387891402,6.531123992795971,34.28717121001825,17.623,214.116
coconut,2.0586465982681452,21.6510805308836,13.011799386001101,14.866189425837504,21.861389239465737,94.36947747624711,5.561293538983686,109.83936015883926,6.097,12.552
sugarcane,16.116955487429728,99.54092912184389,65.45274825165563,70.74536872807877,27.00577958861633,65.16890150011571,6.722345683639626,165.4092204847128,54.019,870.626
kidneybeans,17.47278456917622,21.794342227646005,64.94971987539664,18.583072867419745,20.677818156773615,17.0172287362197,5.680092415965388,88.95844115035257,1.259,22.004
kidneybeans,3.4861243559151216,22.136740764387252,59.81175501170232,13.999835848869388,9.896508259543456,27.409212410178633,5.615050664122738,57.65773610057885,1.219,4.248
chickpea,6.960323826540442,44.01622502191258,54.66442256099342,72.02754136019792,18.715389507687227,11.900182000494489,7.721099299151453,56.327487021356035,1.451,10.1
orange,14.33831419683344,26.79030810114528,15.54178811795745,7.116017717364649,21.49092116892572,88.43027364710368,7.0625590378114635,87.07574643908521,10.498,150.522
coconut,14.461979272781162,25.41503795939696,24.65050021951693,36.8338634308826,27.508344831191554,90.3744277687603,6.163152281267958,184.44183162360162,6.556,94.806
lentil,1.8281394909869118,16.768208988711436,71.29533236747722,28.652189928505745,24.65048573566674,83.22281160837161,6.4492500733381375,50.369068884429204,1.024,1.872
coconut,18.069224007943415,19.851111306438327,12.118581603142529,35.409191060236104,28.118427667426307,92.78039577052326,5.813377509631249,163.4811500344067,6.733,121.656
mango,6.566504427404876,26.448627427625258,33.323574120136584,28.625551254227947,38.52631330833838,62.39961566263015,5.736744025396505,98.16496966480526,6.303,41.39
orange,14.917048361507378,12.069870479872456,18.022784124728002,8.135017394622643,20.263433140634664,91.57237349835704,7.343188538611702,96.32479308480961,10.473,156.23
coffee,17.248791297040203,127.95276175523429,20.82438322647872,33.36577900490339,24.210002019191148,51.59745817039273,6.434685817624521,170.33160127313417,0.969,16.716
coconut,11.550856241525437,14.730452508792686,20.0250696962581,33.039144976896644,26.37062140543262,95.37349595488429,5.912246422120936,173.31556789000268,6.153,71.072
chickpea,16.44601315150245,35.5726837788509,64.5007574615079,82.76199286192409,20.273933186322044,24.262990453952213,7.288740947463354,82.53117206309778,1.312,21.585
mango,17.58231353848947,21.360749222809652,26.064897135672837,17.75273980304464,29.550490242159658,37.73040632590862,6.709503095798688,88.56624501329797,6.406,112.638
chickpea,15.205687468544983,37.76487337943833,59.14211783192698,89.11556119947696,10.799441190855651,23.88122032484945,7.721871104178996,55.57920105207773,1.311,19.938
watermelon,2.9951372254974475,108.88267152417747,21.99287759709653,46.69731226187381,26.315406335669724,90.36217693232147,6.755736793765601,55.69724658394947,16.882,50.563
grapes,12.038740968454139,15.643854568043992,107.01127392537006,174.60829275237722,20.340398526026494,80.82525250440085,5.632497390806161,69.41244720119472,8.455,101.783
orange,8.031851770947569,19.115191244273888,21.1407115551668,13.41842758400627,18.48992310550365,97.1208719444005,6.858735172647016,125.19774650299965,11.02,88.513
maize,7.751784476117567,94.69174682420008,48.295255869820394,23.00202669691684,25.928662992998632,78.8284537614556,6.401345356198173,72.97307168301265,3.849,29.839
rice,11.346067661407966,84.01067104567936,56.95191211485342,31.081675426383008,23.728874954947976,91.27032422806242,5.413060045214286,217.85222211188923,3.816,43.297
maize,5.636445554163657,60.27584876694891,61.644758516465,21.861522363580967,25.57650346355948,70.05793848467808,6.899688297824519,95.02567240540318,3.911,22.042
cotton,1.701446960971835,137.80309381891144,42.108373664175794,51.28202616265546,28.238372955159544,79.20441315669464,7.230027638432822,91.43628426935187,1.979,3.367
chickpea,11.198724450883274,38.37231511165677,69.30775777708953,79.91279324786967,20.03769743882251,24.868054483271383,6.848811734174929,74.66945491645866,1.421,15.909
grapes,18.94381971478046,18.050223503202858,113.3502663683032,221.77334624088763,23.062503876307574,85.07295009580436,5.635141983864071,72.61636256822625,9.061,171.654
orange,8.784203409209516,30.279427087081807,15.953759260503936,0.0,26.3770618545357,93.9928086347983,6.106978429332093,118.56740361668685,10.808,94.94
cotton,2.9444722479367695,140.18723955803048,48.75637128389235,54.724733755940086,29.55730162716372,72.1927232378977,7.060620910334141,88.0225546397334,2.082,6.131
chickpea,9.780607538758188,41.53729467142979,81.17247805317999,91.37856615616514,18.231368729112766,18.6931073088718,6.859427980191296,75.95100766107801,1.386,13.556
mango,3.352818190608354,22.48292056131982,30.755904471759695,29.05328298605022,32.76699025504428,39.83556504271375,6.104723915621968,115.00674210390898,8.168,27.387
maize,9.754516994254939,93.10774052568485,38.02845602346388,10.81980362463419,18.219888571693357,54.530676104603636,6.850921062356091,102.17722283343808,3.521,34.348
wheat,19.305820475008748,104.52956837913877,39.47772590625836,33.72700685085082,23.443132394604707,44.513753035667605,7.640709152605745,112.52075051649258,3.039,58.662
banana,17.556608762201915,107.1676685388683,94.42930421171397,168.0765195669358,26.974475182982406,78.81644775914036,6.124957711425221,198.22127985127509,34.649,608.322
watermelon,9.982059723519685,102.45957345132481,14.460216862240731,40.41024745585059,22.63241984770352,83.49615825388584,6.411643794448937,37.71733574122766,17.221,171.896
mango,2.662487343265008,10.642155790155496,24.12200709452545,53.12407039786384,32.50174682210117,54.43114410989254,6.234775684062365,82.87891395845656,9.483,25.249
coffee,11.908561859258475,110.99072146641086,17.381405815545957,23.78624336672405,25.38795555340162,65.37246838245778,6.406573934276532,139.48305245089944,0.914,10.887
wheat,13.603236795042072,94.07235517781096,52.985217613487436,49.95696805434655,9.11841245422352,59.98401697041461,6.755539335522608,85.5144456219767,3.138,42.682
maize,3.2243404944124836,81.1338039560817,56.00050670523663,14.727213425385019,25.398745544464973,64.4006862075736,5.960452795938835,129.7001507302587,3.694,11.911
orange,1.4185009388582739,13.699024279153445,18.531359084648155,10.632682059039901,23.388965417153663,88.72171756862468,6.622399051435777,107.03508150850392,11.042,15.663
wheat,18.56087160763555,119.69033637151946,48.87878979600573,36.29349172279495,16.214497946631163,52.272080352887286,6.368185792027785,65.55731884861046,2.939,54.547
maize,15.620518846915237,67.99986845335164,59.80437377897345,19.963632624750492,17.975440927069073,62.17808482332216,5.901704755549197,79.3590622412546,3.77,58.89
sugarcane,13.533700777162856,142.8568388506395,65.2579614814592,68.43358717939789,23.78644632228532,67.41190447934095,6.408193400529842,190.67918469093556,71.157,963.017
sugarcane,15.329444472944743,115.58607357206543,65.62663310294155,66.51909632604381,28.05918495735463,76.18110851524098,5.942569894681979,139.53320028664191,60.546,928.131
sugarcane,16.864933920804432,118.23586166894383,66.31518646429333,66.0519172494089,29.452413931282834,76.27277394326298,6.223138641445255,172.4198668864358,63.632,1073.145
kidneybeans,0.8375738424678796,12.517304729779728,55.89206260467947,20.330348440201522,15.989276281383372,16.375881620100976,5.671944998058296,102.91154532450484,1.274,1.067
chickpea,16.24136963472045,33.473820475066674,65.69813581508052,74.84305862991347,18.906054981571305,15.41201029144846,7.463020744071322,50.5855175906908,1.536,24.952
coffee,11.001671806993514,126.48604717736956,20.062268455751163,16.62690774846284,23.843389434387266,71.08222342369817,6.272064598873894,147.95280284592803,0.888,9.775
chickpea,2.244851749084586,48.99188116910222,78.54042887299289,79.30772664720027,19.75129856918263,13.737277788883002,7.55075508858061,47.08909279963029,1.673,3.756
mango,3.801291053780532,14.160044765040372,29.46295756513875,25.45719212273265,27.66080522683413,45.508070098410485,5.480073232212709,80.95116799056015,7.237,27.511
mango,7.929609112931474,30.04216857539517,43.687826822209544,29.029771741083206,31.00464715509902,54.842496231195035,6.791881428609362,70.42564155006137,8.922,70.751
banana,6.74502851316404,99.57148934048793,76.91938068170342,217.1361540392051,27.309477950709784,81.89805019795239,5.7469352729144,123.31684730790924,31.162,210.189
orange,11.607339113279998,25.525552876688828,17.649910559329427,11.119630897397265,26.659070625493204,100.0,7.256154966248981,123.53391651634217,9.851,114.339
cotton,2.241310376941656,91.31473089829926,44.37052322309852,60.74289723956439,27.563464947358053,68.92028935592734,7.038587354710269,105.73946600995612,1.908,4.277
maize,10.604194458595956,73.31789138831452,46.02660466422696,20.863024364909382,26.241464795263738,64.54047210794488,6.409264936216097,63.03754157232487,3.973,42.133
kidneybeans,4.831332435513347,15.888009056534763,60.68374261224393,17.37118445193498,12.80901476075037,13.71624063774164,6.106057041840233,120.63588080246751,1.358,6.561
wheat,15.20180319084443,87.21032248967998,43.357306724044236,36.37006334179356,17.5726910563016,65.96375717925062,7.182240724123625,94.42009007468191,2.9,44.088
wheat,1.068692972226148,105.65483906148535,35.456675697375076,40.69582488114347,15.530218927993921,58.328789407068264,7.067915474356505,82.97877867546302,3.01,3.217
cotton,11.874383652216434,117.42711598992355,61.869634893651664,66.09672267165591,26.064035353015917,71.04188415500616,6.7667808829199,92.26597227721156,1.879,22.312
coffee,1.7496618588629085,107.83854548674175,18.339596699803057,20.67379869171137,23.980912345555577,52.135805021062616,7.184424277518169,176.81093199625226,0.99,1.732
orange,18.282687394310024,21.460455014504948,35.38283677526553,8.604124035455628,25.828985553981074,92.3625348703622,7.469517324581076,61.70282894962703,12.197,222.997
rice,14.232082167253408,71.80061488805141,49.54319621702524,43.70260836916739,25.598780208280576,86.89892670606464,5.937477058881873,176.21763059765726,3.366,47.906
coffee,18.243221161579037,105.95643035665282,24.461530333923747,33.810049517499394,23.409487874421945,69.16877808971296,6.715640553971859,260.4752851794663,0.8,14.588
mango,0.6858136851264912,17.76309128811794,22.539476626451247,29.919208466134265,31.974058033091634,60.56720165313429,5.413858365201984,139.06960818741427,7.089,4.862
kidneybeans,12.510746830874297,11.13332134851151,64.67309680844171,16.265958059975837,20.68377781812533,12.849158954589909,5.7704770168799655,94.31526365513767,1.327,16.603
chickpea,7.985256824660695,46.65700490672299,81.31323419561157,77.13645800115651,21.491442728874954,19.55081239132875,7.516667660428052,64.63578590242699,1.445,11.542
rice,9.253883382579065,93.49154328426239,45.22083917470967,34.63057354364657,26.65577388026941,79.36919822987208,5.864989801810906,185.3859274853164,3.573,33.063
maize,8.769030307532145,95.056269291579,61.68399342050404,27.20277016090115,25.413171074112967,61.27521800888818,6.9942494542589655,90.38509986228627,4.192,36.757
wheat,8.091044989415305,104.43202538907774,46.75456681644008,49.828695192012745,19.181144854404607,55.605263709598944,6.904054463649269,89.658118619234,3.11,25.167
maize,12.076263181321982,91.41124249221292,59.2371686184175,18.02781915617353,15.417926112551777,59.38169670895555,6.212335079000137,38.77019958456741,3.602,43.503
rice,13.146930255426485,101.03143909447314,49.428777172634405,45.67854898609011,29.80258688875527,80.263537378011,5.781234036064862,290.7338956636112,3.29,43.256
wheat,11.736381254550746,90.34267750655717,47.127589354252315,54.90612309641217,15.321039471443962,76.53259770438572,7.296769566939655,91.64230574768645,2.496,29.294
chickpea,10.342185388242829,27.834660740544287,67.6302332156559,79.57707127487356,19.93660136990061,15.612411111177591,7.1558642546085816,78.12365090413547,1.555,16.079
coconut,10.434567440183917,19.798813293909436,5.911102046049876,28.021310558229917,26.84316178485516,93.04805061932157,5.825695273786745,188.67294049573437,5.797,60.49
maize,16.399350052982964,61.696890738647106,58.02856974774987,29.418778043754433,15.483284113181053,68.52349201023067,6.955151954579511,68.43969335417971,3.903,64.004
coffee,13.089334366220463,126.59113937588116,11.176919107217223,20.04725344214077,22.30915481485313,57.42484132284008,6.8059085250348215,168.55762841656406,1.089,14.26
orange,16.98493112623208,10.99294303753,13.24210472526497,8.882973087912324,18.001617767097663,90.91313294384568,6.8694604211459005,112.17766466402932,11.18,189.888
watermelon,12.175925821824007,89.01608418669502,24.08262333312417,53.23660838580206,22.802203182688576,79.07757219962083,6.29332417539727,50.01157936841776,15.663,190.706
watermelon,11.983626396853337,113.15013887749754,14.32746720843525,38.57933231340328,27.855871924989565,88.32307404690759,6.210031263212379,38.47443027430138,15.882,190.328
sugarcane,17.811205861332557,150.85879090724293,56.49788740579481,56.38566024361212,28.08772799157883,78.89596665313148,6.684588505805838,185.65896922859056,62.407,1111.538
kidneybeans,4.391084547301549,30.43131640059838,61.76170443316343,6.25845326341093,22.97858152040807,21.02527465605331,5.681351811654582,82.88633869625602,1.319,5.79
banana,8.691811587031447,136.06725128003663,67.87387094824416,182.36529553370534,28.079981662987624,80.64937442636845,6.021544567653004,184.5475326393156,29.9,259.881
coffee,9.981435066633233,118.62480125575989,10.224144537801873,30.629873145713745,25.165288593718017,58.958802545881255,7.614974856866767,172.01440233215834,0.948,9.464
coconut,16.6322670546501,15.56845238266487,21.341948183220953,27.558672538435903,27.804665704646997,95.27335779935817,5.19905546737285,127.0500712971607,6.518,108.402
coffee,3.4203667852696524,78.24227504544783,15.578188130344342,44.30251303493585,23.26903763556095,45.77735045475179,6.948799553317855,161.6763072662634,1.056,3.613
orange,19.175104688458134,14.88589107474963,16.197059250111035,16.157277247794294,26.340774088754596,93.97111961416618,7.291375579245912,134.4490430694168,12.099,232.003
wheat,16.129680503793917,84.94578710725233,58.59986448047536,38.721100919323696,20.48425833829158,44.1827989303908,7.418741937590653,93.02754870818875,2.744,44.267
orange,17.289733783395516,13.434737264099901,16.678199178804515,9.731486061489239,27.743401561340626,96.07575768777134,7.04357114850546,111.64282009841486,11.876,205.341
coconut,15.364555054505802,19.065918486498546,18.725861469339755,41.23661279126134,27.464617811441496,93.68970167215541,5.69382660798939,247.68279819811642,5.46,83.887
cotton,5.131224498895161,117.42696256535075,54.11789636066505,55.64746660645484,30.307489323181116,81.09484409391996,6.1972265218683225,41.44604874238742,1.946,9.987
kidneybeans,14.068598353264548,16.693952483679954,62.8545457477117,15.874920150101055,13.446168937993546,22.76598209200618,5.76769084701402,92.42281217118843,1.376,19.362
orange,9.499731905660807,18.49101971111088,11.43471872790921,16.574371725606852,26.968473768739067,93.60154992619492,7.717052384989939,118.1903831289283,10.056,95.53
kidneybeans,4.20726267314188,24.607353868888197,68.92572561438698,15.40506815360191,15.375054879994973,19.406483658012636,6.046492055216548,52.94722012375228,1.253,5.271
watermelon,17.840093516654342,103.84408812026163,20.919462862745483,41.7943835816442,23.541205951626544,85.9211226107663,7.1080683549097765,30.646724440616943,18.58,331.47
chickpea,2.2855688392240747,29.26455542538,53.19880058298887,82.1775092275699,21.31221377636781,13.404322237792746,7.020966054497518,85.90764504009447,1.504,3.436
kidneybeans,19.449483421602086,19.268477697469805,57.740326407092795,17.543841616007768,19.031248702424623,14.927637354469862,5.839216429847788,108.03126531438957,1.466,28.513
coffee,17.528393186377333,117.94794801968956,27.259332734910483,33.404696058217056,20.981857202880605,59.27780196310805,6.736137026366425,141.84473050895983,1.143,20.031
chickpea,8.42221167706014,44.249727918727984,58.66118142428439,63.8322324613574,25.341078163606014,20.780620249677757,7.36274121131774,67.63662873860066,1.531,12.893
chickpea,13.748422215016529,44.273427942162066,62.32363668920738,79.19168994381513,16.76515318449082,24.623238547952496,6.786568230706719,59.003990144166565,1.424,19.58
banana,19.90116808332501,106.60821529516471,64.58383591727284,182.91458918878988,26.998550048415336,81.25442266623804,6.083787701379645,132.1418067691645,31.251,621.927
watermelon,5.322900655075994,123.59566440736825,19.871787003285206,56.28941581154208,29.130433103156204,90.08121596609033,6.5094578933964655,42.78042041718153,18.434,98.12
orange,4.328529926900745,32.38515277573667,13.395477859073475,14.077026950366761,23.163421878329764,85.04484506866935,6.683531897267365,34.304182356580895,10.208,44.186
kidneybeans,2.687869848952922,24.408902400372256,54.295241646290734,16.42696348173814,23.874410804768168,18.34393614115095,6.086774389828717,100.58489458330047,1.307,3.512
wheat,3.5651082474570863,80.35866518013412,39.649953115509646,29.66042989046893,15.901637798791928,58.88079446745888,6.515552779760448,94.50883113473245,2.847,10.15
wheat,13.836578251773973,110.20547382538679,53.695356334203574,38.51177374750178,20.048426327620387,50.57414012500718,6.372308331008313,68.35548366157852,3.251,44.983
coconut,5.419877607629322,12.211445623012231,17.31519531254063,41.46254045010362,29.426186531291282,97.13497657415974,5.876488409320528,203.34513556723198,6.201,33.61
kidneybeans,8.245097839914436,23.676849084955553,58.640205719770904,13.9048969783783,20.656976139415693,23.57451387576863,5.72530121710613,109.22532368209347,1.317,10.856
grapes,14.641382801114606,18.175842409303982,134.81485034879006,237.77976427247233,20.905922855453476,76.41954768853647,5.859095369895751,62.08134223587897,7.344,107.524
mango,9.838704126298074,22.56765682543037,30.35983182823494,31.9894973483105,33.36470830772039,30.83721044448004,5.518691986407268,120.85345017538667,8.124,79.931
watermelon,1.9957330411576153,83.82848852820865,20.39174380066388,36.24715320162339,21.359371490475432,78.58688091636722,6.5756396003173405,49.25430188683531,20.078,40.07
lentil,19.18171678815921,22.00827772783596,80.2464799561429,30.013349086155465,25.233869571660804,49.79914542388653,7.090795902397828,53.903514977925,0.986,18.917
lentil,16.05539285092655,20.722112238841444,56.495193366333325,21.602444288115816,27.00425968829279,55.587062406440594,6.617110264519976,45.31328532769215,1.106,17.76
maize,1.8029687972353838,84.53057785212505,62.49518974290642,25.490815421511897,21.49619351089609,71.97352837519004,5.275703217398569,138.25564362394533,3.087,5.565
coffee,3.0889072351382083,123.23905249950215,12.881772001719455,37.17948166202725,17.071273224940104,51.58123843664041,5.83584373816955,187.08611166828956,0.97,2.996
mango,8.451055185893676,29.653289931083872,29.390373777932417,36.24387401002208,27.503410819080422,46.6858208833906,6.24320670915442,61.04137788377337,7.668,64.803
orange,13.289236617285413,12.254865604277589,14.578996012650283,13.154506644774017,21.778463447242512,98.67628030868111,6.971120991035221,134.2003205693082,11.9,158.143
coffee,13.49762732781887,106.98415881488678,21.439783816292906,31.954121099535325,21.444735289663118,60.74164596889746,6.43137861450079,201.0858357661687,1.088,14.68
rice,12.83361808282592,102.29813140325852,48.86465241665749,55.27333826651761,27.14541821196978,88.5142404598302,6.056439091351617,177.01962866682834,3.294,42.28
kidneybeans,4.161603544850157,5.005304962698869,57.23070911920165,14.53337420744333,19.257590756991267,19.32066532577285,5.731771404910812,111.23932191503762,1.319,5.489
wheat,19.606800643132406,93.64690292228872,36.44584970045045,60.73538088672541,12.373847733506786,57.38046504846326,6.914350674071268,85.32011168379037,2.926,57.362
rice,4.66162554183405,71.79212834655661,38.98759097189538,47.48494174916205,28.037632748161133,75.70058876685438,6.50126642463264,246.03027594701712,3.16,14.732
maize,1.4426564220330176,101.09235530995201,28.24103114875061,21.527899384123096,33.848874980169846,78.24850101831224,6.529281112327469,122.91106525109952,3.787,5.463
watermelon,1.066148793380361,99.85406103579768,19.47967714790994,52.17867297120837,24.943084373298504,86.63540214650443,6.5650916231565155,42.483996344462476,17.132,18.265
maize,14.639021926354028,98.13759670454219,35.38393125278377,17.34591169328657,25.624010766625613,56.98839180511567,5.976521873837827,81.54385540543672,4.225,61.843
wheat,14.006269633424486,118.48449924967696,52.192849929671745,48.92005365830376,20.290194493823297,74.1329819696455,6.676011891283109,75.32186482642437,3.043,42.623
sugarcane,14.614495148367743,139.4762585855147,52.73257248217507,77.68124368994606,29.14986453105591,72.42292141457649,6.266505861165567,144.5648218220625,63.691,930.808
coffee,18.840901584410528,98.88416004996107,11.303990912297172,28.306496404165717,23.4186087034205,51.69425204931134,5.903522712763256,111.69191647187253,0.736,13.862
banana,15.886373182253362,81.43852264353656,74.43657096225584,214.22574177578525,27.469692973266394,72.69193511675059,6.526385641044094,157.03553380319434,30.025,476.989
rice,17.826920554971387,97.588675268318,34.90786259512862,42.18175422883064,27.381764737019342,83.0220187497178,5.5543230777919295,274.0158650920531,3.266,58.224
orange,3.397355955877229,15.391032091150915,14.48785615668395,10.541853656912666,20.662945382990355,92.01922514752776,6.553720753892348,89.28944284838137,12.882,43.763
chickpea,18.877387136306243,36.531209586114535,77.01724770311345,74.66484940014072,15.775087139173879,17.821725409967968,7.213210564506458,76.85840840974008,1.373,25.913
mango,2.693068017383209,20.62798643783879,32.54099282948924,42.61389908479943,37.51123844881157,51.96559705036541,6.501213418340221,75.28764709347726,7.618,20.515
lentil,12.60052213984147,26.262251081913178,60.630585496244855,11.703759444779807,26.318930885297817,69.35158016104543,7.3975974004770535,32.29110513784124,1.038,13.078
mango,13.685134976431016,16.30413743531616,25.849473014796448,31.90195125581987,30.011802504683075,49.95510946616983,5.638015232275091,101.72156395967734,7.921,108.405
orange,16.947431094512986,6.691146968894497,11.372561408794143,6.699620308361621,16.9214682747756,90.08245268964055,6.768768067102719,134.36750429471704,10.497,177.89
cotton,15.155883548629852,107.67705304439693,41.44355510580898,42.962619585699784,26.511642235634827,84.95760665086208,7.034415812392011,103.06801899453708,1.789,27.119
grapes,3.782441925279717,21.66534955938657,121.96022025634068,231.36581994679602,21.257994444515752,86.52048468626165,6.288965059828859,72.48793248008919,8.551,32.344
coconut,8.896787227948842,16.19190537944756,12.657453192415092,27.65065014262715,23.205720956232405,92.41856257837541,5.914363016176886,167.0634703649733,6.056,53.878
banana,2.527089313636533,94.67663006386617,78.0553445859283,223.5751366322623,28.53076537695125,76.98325953856312,6.022831511386566,156.69457234913534,30.771,77.76
grapes,13.333697759527615,23.677817967816903,119.4698202119499,210.80178064657656,23.405052930398117,80.20148192730194,5.886300976547527,64.84611409937503,8.69,115.873
coffee,9.530690496312294,101.87029329686976,19.95547322660239,31.130710599312025,26.357178306671923,46.021182286381205,6.280299611051913,162.43043998437997,1.032,9.84
wheat,16.768367873668208,94.69595925613835,33.97763592161796,27.811335033231938,20.484412035872445,43.83887895260938,6.370034973995976,72.9656024579008,2.827,47.401
chickpea,15.51219941572986,59.75653437381749,62.60721040965657,81.86730409700628,14.016879225887136,11.735103560039231,7.483888280817108,60.05153386246671,1.472,22.841
mango,3.7731139086359176,11.728712750097309,28.70896853381945,24.791457629808328,34.6448012886814,58.59678212330601,5.491642082050187,90.65263161952767,7.097,26.78
orange,8.962223559209137,17.407387325398034,13.111213682066055,14.596304747931121,22.81155700150804,89.54764614205259,6.23438577925945,172.76585505742813,11.866,106.344
kidneybeans,7.1094566358052615,24.91564889197622,59.86090890954633,26.753038895034145,16.710858247788227,12.977278219270412,5.87125481590806,89.94885039081608,1.108,7.874
lentil,9.20259329035219,27.955958835135498,65.10262879287545,13.920301507651535,19.914461068146043,56.389857814525186,7.033499926582271,41.91043050278816,0.951,8.756
cotton,9.048462586608398,124.25692817732956,60.349413583256734,64.56691368575338,23.959650581290084,72.09602051819456,7.096669772122739,50.40192796721707,1.659,15.012
rice,13.004881200633191,66.78784958295077,47.828990651128215,47.038117825018844,22.994519554320586,72.13760313512866,5.395331104182852,193.37259625658712,3.286,42.728
rice,7.968078724309313,98.20096119987141,42.67928602718798,37.5428044096167,29.31890059158075,87.91388075966555,6.257959321505096,157.5594910967476,3.147,25.073
coffee,19.452306488270953,104.33915726803936,25.21025657574593,40.857533516525976,23.188418678053566,40.32915056267224,6.240584013414833,172.9843378477273,1.153,22.421
chickpea,3.6629832190751133,44.47708997043571,66.36711637294533,79.53182413139714,14.78306169422908,10.0,7.019828647483781,48.73452588651605,1.439,5.273
grapes,17.94645035860829,17.597449998286873,136.5213965429092,190.69616392683204,26.418060588144513,84.58689527543892,5.942730416812735,60.006480647553545,9.297,166.852
banana,9.028097211575753,116.59761997546818,80.71846892551073,207.86658572901422,24.696690353376034,84.5641813597096,6.227070891893085,190.44800192617598,29.138,263.065
cotton,18.05338850405645,116.61453315500235,38.385030652852336,48.284468843704175,34.304802774489254,72.63974597191182,6.727304334148322,72.90162800516305,2.017,36.418
kidneybeans,3.0478141437934454,16.76386312457835,59.693534942952,21.69054252356009,17.971930019494536,25.305019784617365,5.895610632966292,105.22480940859359,1.511,4.605
coconut,3.3578080928046004,28.34269179370839,11.847582812712776,29.389434136021055,28.027242351748928,93.98089454983887,5.488388726077084,156.776339260114,5.862,19.682
maize,2.6437621939767153,105.76967684629133,43.895930565846264,30.20010828645143,18.66580554574535,64.5391910598425,6.225751519624609,40.61913308914541,3.785,10.007
coconut,10.706490720789757,17.185435368763265,22.159607400823955,27.860122749454966,33.29025623052482,88.98778060110794,6.544233550126377,199.73666564148374,5.17,55.353
rice,17.187243699027178,76.64639037872755,34.802833821515,41.22454379641418,28.144698746170054,83.01793071306562,6.153313658665735,273.1360931620821,3.637,62.507
orange,5.293305380654196,20.455326245671532,24.739767429228902,13.907423214302892,26.308882240549718,89.6398173415782,7.366875929767544,99.33059655495872,11.688,61.87
wheat,5.978367602887168,74.88887697767171,58.04598062061151,40.128989650610656,19.430565654034442,60.9586106789482,6.493212112263933,100.17811378631639,2.783,16.638
orange,2.696237796152151,20.095999727520102,22.049803842273256,13.639334338694653,26.15812200312365,92.74505820302147,7.110350125188932,109.08001186810468,11.328,30.542
banana,14.18558358791353,132.29504847769806,63.44284018799535,183.28191479340495,25.98705333177047,82.96514489228848,5.92442468338465,169.36737516173193,29.965,425.073
cotton,4.771679077605888,101.19345174986012,35.31176295879142,64.35235971831024,28.653615634720236,71.00280186843456,7.6631380803857905,122.94631343664145,1.869,8.917
chickpea,10.301392295938395,51.03016271319335,68.95708843268606,97.09171497409145,22.96366234957657,16.103043533927263,7.77350276853089,87.83893078782094,1.393,14.351
cotton,15.848093552815286,131.54382381934974,33.6792412150104,50.15985317410762,31.915734384202437,72.23063056296655,7.511160854751232,144.711860755685,1.675,26.54
cotton,11.552123370738581,126.36597718010486,43.40906134125718,57.76092918907823,27.95319986499097,69.19700461895386,7.019259925743921,99.62366657034015,1.847,21.342
coconut,1.416110129458747,21.33844681319755,12.58848242746518,45.39283818566135,28.49561977061834,91.64080062944596,6.055175325368062,128.31613306515192,5.772,8.173
grapes,10.618214499905733,12.758698782212415,132.42729202903925,201.5895904133738,24.720808394123978,78.10919260124025,5.976728546747973,76.32517951185042,7.912,84.012
cotton,9.978035942211475,106.42318211829573,41.833172510491124,48.113383593710516,31.400905493931404,76.44133156787169,6.45610983768136,80.71328484410991,2.094,20.898
rice,18.85421399553018,80.43742132279243,40.93327108366765,52.8232391427384,20.285688358677973,75.03196169852373,6.297851513951941,240.8574419905668,2.823,53.224
chickpea,19.814952993744328,31.92051376822095,66.43376646501282,67.64903755303682,16.844132202356043,16.96555659404105,7.102955514654895,45.417141452454864,1.308,25.917
sugarcane,5.1957177899485565,150.15957928064637,43.840420519009186,61.63033174768003,28.957586771264687,75.53104722365391,6.247218854827292,173.68895249329134,71.508,371.536
rice,3.1740236535946007,84.089839857889,46.30588334973887,26.315671385531548,25.393547363549857,85.81758934859006,6.83183766754701,193.24835199411407,3.351,10.636
chickpea,5.23421754922382,31.061447968190674,60.94255096451274,99.6589262496437,19.826630095559356,13.072318921008897,6.897543224773173,41.02203911351117,1.329,6.956
wheat,18.096844167193446,82.20230894620364,59.82025739400893,43.77771090266708,12.204680909142198,55.20778351333942,6.173898048102981,101.84511452053265,3.07,55.555
rice,3.2698474429326723,75.77530124561795,49.006553776791336,45.76061252863626,22.679602621542127,77.14121798501607,6.185612178538993,158.25071677735377,3.377,11.043
watermelon,6.138687052586385,105.78281750522427,18.060727297748894,63.81682164982435,31.164133106743005,84.31747792337165,6.296094676963692,58.92043079275567,18.066,110.9
rice,13.047380968908593,87.43295526745644,38.81137306329057,35.407658532725435,25.579979919282884,90.03091422009744,6.523387894889339,263.0161627572999,3.499,45.649
chickpea,13.305597855134936,45.08035972345507,57.94792714691707,88.142384003799,22.111916800010825,21.42253146297271,7.8884067564554785,69.38667500118538,1.565,20.83
rice,18.801430044083443,85.41649230683218,49.43912466744181,34.14689716125252,30.431061644852676,74.59794004605578,6.32375104579899,166.52931767285568,3.387,63.673
maize,19.935478279183588,88.1867683950887,53.75558933309626,31.037225932974472,20.11829374103891,60.53813804990584,5.537144468928509,103.96934605404755,4.028,80.296
maize,1.1878379468890867,101.77922939294767,52.7651466322718,18.932740431941767,20.640314170035882,58.2204598573837,6.404466441151612,72.34823155294183,4.129,4.905
maize,3.49631712333192,83.83784178184673,42.33191452892928,29.505241924266993,19.710721141924168,54.46934595493666,5.769148876199434,66.4112295093919,4.091,14.302
mango,9.07768473086427,17.47486211273779,26.040134147892545,25.984397959919853,33.215443765353925,39.93765379100863,5.9851409294846984,97.23662673077561,7.943,72.104
coffee,6.706323870845091,92.62662368642593,23.02858915296874,10.964360284656767,23.76177516782713,64.24839084364378,5.466355033796354,172.40275257865093,1.029,6.901
sugarcane,10.00178782937746,143.60095831942667,53.668747390583334,72.59232906870481,27.40407172844482,81.08065159366663,6.343530995527,111.41697856274693,60.777,607.879
rice,11.09986359501568,89.06883979991545,35.87654316407419,35.13759367515876,31.364423654169233,81.52310657278372,5.711914529826193,252.03516958852163,3.182,35.317
banana,15.22665724897841,94.89048025424233,77.39600881482147,181.75503112650568,29.116766273175358,84.59398225676463,5.704977288066977,180.02400896602117,28.897,440.009
sugarcane,11.029374239051352,101.71248014998137,41.36016473021571,54.838972107331365,24.70545785231934,75.30280240218157,6.572860817162754,176.33077896201007,66.284,731.073
lentil,14.33842805941371,17.772905189172157,68.77560996943174,18.65599114923862,22.91574694776603,78.22408335140301,7.2762644561370635,43.834321946806824,1.035,14.846
rice,18.172057104767006,90.88944539842407,54.122481842965236,45.77010660010362,26.539388975776074,71.57547241137752,6.194026138889012,181.73702602254215,3.877,70.447
banana,4.303776686001396,120.55468973958281,71.77543336349743,227.19947926662402,25.59235364545114,73.45973704422762,6.398409534407361,141.2197745594343,25.503,109.759
grapes,6.149861636968291,21.85880601409957,136.79643336548446,181.62336029203047,25.32963452582338,84.51443799193028,5.964755005819896,70.8826028286794,9.224,56.724
rice,4.941286854497624,88.0518433699448,33.42973410110317,42.49862872283902,25.07722802764772,78.81083050544,6.290939992023111,182.4935396261098,3.841,18.979
lentil,4.563213113519926,13.263286306288204,68.54160117374381,25.07982502358609,20.995912205529727,59.64938710945519,7.164695202545004,43.07173043928703,0.898,4.098
wheat,0.7759393827092995,85.23992329414426,34.02008639808658,44.312477145704264,23.732495766158916,52.237587076994515,6.342125406206387,66.40239355070314,2.93,2.274
maize,15.954100289037546,81.56356801801051,67.395613574487,26.255802360358203,25.2321517655986,74.41341808763934,5.970041560797341,152.2609967469999,3.424,54.628
cotton,13.843119583448491,119.28097446059105,37.186953073971814,51.053346044605476,30.61446961601554,76.77459958366964,6.825333352248931,120.33126388990891,1.891,26.176
watermelon,14.791423937184012,100.89536400332895,26.065985373358025,58.81148022872238,26.52809421308132,86.24871082783059,6.46166862552315,34.18380574780341,16.947,250.671
watermelon,12.760781352323216,90.01178658587584,26.83316237951064,42.51257692410949,19.79588477483992,89.96388179468407,6.2806260828071965,50.22116020996009,19.032,242.862
coffee,10.481398325672854,94.05518320139794,27.800764169713826,7.726332984427817,24.125518044888295,61.44005555595154,7.349473600950765,100.18301484434261,0.938,9.835
wheat,3.4098014249167328,104.04602836204705,48.294818967552985,33.588945567652544,15.548860924495859,61.78607860100344,6.630565504641312,48.07914415125077,3.163,10.786
lentil,10.870128152458147,20.909206313359146,60.62482655624551,9.330824767568656,24.432808343590292,60.46332814059097,6.209164243662672,45.893416009879076,0.992,10.78
watermelon,16.80216018962626,98.50901551570486,24.417046115159295,55.455091387184645,24.46053737966206,96.94689771828803,6.471404767299392,49.76249434234238,19.592,329.189
cotton,10.766542843508526,123.13213184385198,40.25804543029594,63.18011167004552,28.231431904735683,79.23885227774683,6.604995208234878,57.3363439068414,1.985,21.367
kidneybeans,18.04053797664327,19.660950847124,60.93294801843093,18.44288377918107,12.058331786680759,25.400874291115755,6.457813949184134,104.60858540065338,1.282,23.136
lentil,19.15920725722991,16.127710548295855,68.22920747006916,19.879091535753542,26.56796767632346,80.42352964638305,6.604885951812303,45.63089665108486,0.894,17.125
sugarcane,12.983907077168661,174.0652857810773,64.1527637724555,68.2518443376218,26.638771401246792,68.71277395845804,6.6558141763824175,217.31235941924302,69.708,905.083
lentil,5.598320802788175,19.406747189278953,65.20065004950914,17.70694182353406,25.020649263266375,83.1328762313134,7.1969190420982985,51.58331099609708,1.067,5.974
grapes,6.617179578872013,23.29342338223527,128.79675850094262,198.6774972307266,29.035273601775792,91.14161228324623,6.214260708431788,86.59909806510481,8.52,56.378
mango,4.346762847539222,19.66439304914115,31.909396582874066,29.34634169731234,28.451546245058708,32.35010787047128,5.733673872109661,108.79511903618663,6.86,29.818
rice,17.73220162476219,93.76565577894576,61.273205280464644,31.250676144534026,27.308453210639996,89.82978739697637,5.811727863859267,196.9951732712536,3.286,58.272
mango,13.055599174416747,23.26390718806863,27.39047440858788,35.76582223452945,23.481175848962653,45.311720378319094,6.356932363561443,73.39117317573698,6.968,90.975
coconut,14.896023858385702,24.034388372514982,21.13293930270787,42.16603863874269,26.664687484962332,93.31680691388048,5.939286306311974,175.0137399379423,6.002,89.405
rice,9.183897332395725,89.12949755673088,56.01407761840653,49.302549856949895,25.03914777200026,86.3668512692449,6.498155061234052,225.95771165517618,3.677,33.766
cotton,1.7562246617714223,103.58073049659377,44.74068482476613,54.68024728678933,25.748895065320713,65.7609540439224,6.743611359678603,75.60725271369341,1.87,3.284
coffee,12.424629396261423,104.65308925767803,23.288728567103234,26.646224446360414,26.42202904564923,50.40066080736676,6.443783752478857,140.81563260657998,1.161,14.426
orange,18.891002867028817,17.412040799620605,21.632693510580467,6.9109282851818685,21.381343394825073,99.11347532041333,7.2151926898030645,115.67532678712901,11.781,222.557
maize,10.946687344690133,95.33401795130699,40.80479820529113,25.493513699501648,18.7310605528927,58.55345476764761,6.189792367082334,58.43977343741752,3.663,40.095
chickpea,11.709186241351672,28.878753452851218,53.6656311685869,68.18118790829318,18.131274538359758,16.901908099852307,7.445902118076652,38.416473024345585,1.434,16.788
cotton,13.095462532276752,119.21308553810542,37.01657233394157,43.162113227636766,27.149826919522194,47.2871362937242,6.8597372722736765,66.10504783177869,2.039,26.7
coffee,2.037006234422763,113.9071735158833,16.71693272762086,16.223362490911917,24.92272606360783,44.86067156536224,7.086097841274232,128.01726103454945,1.026,2.091
chickpea,15.316727136504838,39.754137655113006,56.72225980519109,76.92937890236733,19.273566081905052,15.016808612240174,6.999118908922208,72.19233189836068,1.558,23.87
lentil,15.47361274673273,10.778955945681275,58.30941942699816,10.776211137035075,27.60100259858994,76.39404046105662,7.334510605378361,43.282401287411744,0.875,13.543
wheat,18.377068444122152,98.39505126781123,44.202473331905324,41.53026317805978,14.331264226436648,59.553262526234825,6.685813924814063,79.0903881939907,3.078,56.572
grapes,15.492324758549616,24.78795873393269,134.466972519144,188.90709685590878,23.441684776140363,93.28503066059187,6.186650066952479,64.1512267845122,8.348,129.326
grapes,12.210109150482765,18.992490582131673,145.21816159097241,210.5201381088236,27.41703287652196,76.03639172744857,6.197616438758086,65.44695046286772,8.612,105.151
watermelon,13.739356235347774,104.14482649584633,7.958890725664979,41.359542067554074,22.579630983889025,88.69472567967694,6.6123938696045625,37.55130381574087,17.28,237.423
orange,9.030678617332846,21.644971206537175,12.382103432531084,2.220010026469205,19.538872179485384,93.668654468497,7.621444121317798,92.28088342133591,10.851,97.995
banana,17.638567637377566,120.3723454705342,75.99804000704813,247.70338572184232,26.671792057654276,78.18730324888138,5.702697932694256,149.58268049988735,27.244,480.54
maize,1.1161551733798454,106.2795296809593,57.47435636554074,12.6855986152695,27.95412967294642,65.80350409221896,6.050111599754602,94.55242740466421,4.009,4.475
grapes,10.492244572285061,19.877451142414333,148.79630800822997,192.3621117564774,18.790697016866986,71.43271634325316,6.199258578063031,73.34810491368445,8.209,86.126
coconut,14.130806647996206,29.641987465238948,16.462488780005053,31.6437543397813,26.63963687345933,95.11319243172856,6.3472729291616,138.8067179914601,6.091,86.07
rice,11.802595014075843,72.09115052106196,29.139367713057386,31.429951846442165,23.214227239273622,91.25002508085517,6.152678969993512,179.72688096038786,3.562,42.045
mango,11.151948418276545,11.561412467779277,17.044646131819558,26.96235910068171,26.94015706366398,51.48789965190289,5.47604935298404,124.50580356475159,6.994,77.994
watermelon,10.559026122707326,106.61717155119167,20.845424528253986,52.53251316805812,27.40613042822903,85.07154593309775,6.90914461654674,54.880996835710036,17.978,189.835
mango,10.488608414355298,26.94781094639597,30.031909163598854,25.43355515645043,29.553258223230593,62.795495236108046,5.877047019215357,95.99703107941669,8.341,87.485
rice,13.463136933543518,110.71434147998849,38.929587843821196,41.81246933013103,27.34410612847711,76.22552290546639,5.562296865037627,195.95607428151308,3.498,47.089
sugarcane,2.80581480945324,163.54907283257646,38.233132075675925,68.89987914869444,27.976856176354207,73.60667702479032,6.697136603425631,127.7163843198865,62.065,174.144
maize,17.04447342364533,103.05355069030239,64.19261561524267,9.943855495574644,19.203999860212726,85.42252148986495,6.7038094879438175,95.6111992761753,3.592,61.218
maize,19.705335159183694,95.61293961995091,55.52722203487119,21.587714040370955,26.188459741178868,72.21106847259674,6.330108737247984,124.18297094375586,3.543,69.818
grapes,12.056478084304448,8.687928617085904,134.08981481547124,223.2577975605784,21.947861478448246,89.32055982732773,6.190266535438676,96.54035747669285,8.41,101.395
rice,9.69620430385994,89.0949013043954,48.83382375836462,41.20183425179482,24.094174210958293,69.77387940218365,6.016717349802062,189.54173825250504,3.573,34.647
watermelon,0.5829100103794982,95.39290423239771,20.795873440398825,53.61547857560422,24.199490636264173,100.0,6.805396614762174,74.33760849731088,15.312,8.926
wheat,16.670702199160694,107.99982929373894,48.14836577755061,50.888679784627264,17.480148554104204,31.21562110173423,7.157872403484389,65.81801601521822,2.766,46.105
rice,10.804164403461728,87.20533166335052,49.59554437490681,34.71339272728551,21.088175238883153,78.54625920910476,6.462257923913421,255.56784916178273,3.579,38.667
mango,5.478124398053081,24.100448166000692,22.844399492496034,3.9551197232354944,30.830643218286728,45.98757951765617,5.699732066086215,76.01745991588365,8.127,44.521
coconut,5.138929575503052,18.764023890313165,14.152163585988669,48.864124151193195,25.79880125344589,95.32563831364749,5.7311702625465974,138.79708817690502,6.406,32.921
wheat,14.514967508211173,101.86407082677682,47.824615114860535,40.679609802364965,21.496961051317175,49.387164192372445,6.5876600122235995,88.13342916292655,2.594,37.646
watermelon,7.739810783415203,97.60467408006667,15.164854245286994,60.2230000328523,25.064650058879003,84.36782866451881,6.510068192844784,62.59979415814006,17.682,136.852
chickpea,8.473363777882817,22.913404663909105,66.51306540009736,86.47523954858833,11.333844670760703,16.9414318379542,7.541684138892737,73.20856394507659,1.264,10.71
coffee,9.867066691374156,103.8355676236136,24.707062380937444,13.175899816963476,24.113646305926558,52.2648095306687,6.614458914809861,178.2963169634169,1.076,10.619
maize,15.18793177643642,92.20365001235082,39.370489830762,31.95699226547908,16.2828610840871,66.62280978662513,6.446705385204129,106.07358483629287,3.565,54.152
maize,7.982693547747836,89.7195563585968,40.80766685452911,26.006171156128335,27.337808470461866,75.79767484583859,6.87624294764409,89.77124889456911,4.725,37.719
banana,12.285238830924314,104.95444274249382,84.59880399582062,232.6064925143493,26.42657352960726,82.91681343524479,5.611143511327968,92.40832097095871,32.64,400.989
sugarcane,11.615941738884084,153.05441595101058,35.919386125830215,68.32228320050409,26.82460442779544,75.02159607861005,6.289756851500652,222.92647870564872,64.408,748.165
maize,2.385720635818509,94.1437852211899,48.66022347176475,19.48259267198835,29.226503328315584,78.65503490721633,6.127413334854634,110.84298978799708,3.764,8.979
rice,15.856874003865572,81.69656686670716,43.88532411856208,46.24059160198292,23.918619729559204,83.36254296027316,5.951627352738675,182.4862864523307,3.637,57.674
lentil,18.839190350722777,16.19408825326974,64.6486619850551,26.680441439391878,20.8939967451574,70.9394416421988,7.455135176138876,54.83064515939405,1.03,19.404
wheat,16.829881679232514,62.06454799406249,58.23568383399856,49.47403845801949,13.791879883597511,50.904905999292644,6.980601408050552,75.38921388824895,2.973,50.043
orange,8.223105120434468,26.148796195115423,12.04678829688461,16.161895294703427,23.80341157356002,90.25236728065669,6.8180889455525255,156.6040609412035,11.581,95.23
coffee,2.4384159669684777,107.65387862044567,18.879187838860354,38.3803357304232,22.335709832033448,59.86174262004008,6.855309835949584,131.21347542290445,1.127,2.747
maize,14.850202360714416,106.38722246021314,36.75899718723368,22.09303258141545,25.77233924527781,62.59161042943107,5.986166305527121,86.25919407434422,3.61,53.607
chickpea,11.841749954004063,26.734394811207373,73.91206992546182,79.41967993584804,17.200272644612788,14.745912441198046,7.714708314816401,75.9686077598761,1.432,16.96
kidneybeans,2.247882537742501,16.538561223975606,55.5769751695065,18.538764781488815,16.454375250804418,25.26407065827431,5.88131869143931,102.86073476688567,1.383,3.109
coffee,10.017040538583236,81.1354543847412,22.336506346185793,39.211888446640515,22.81121020748256,49.48813838298485,7.212110488824332,106.48794359053414,1.024,10.262
banana,4.314448326717387,109.30405138378879,68.84928807795578,250.0,29.767108261302475,88.21137247280694,6.240731946073992,171.45664589425581,28.642,123.573
mango,12.311938287618364,17.219089750832477,15.501700728764225,28.556545103449228,28.236069539893922,49.5154143753852,5.134451806288127,83.19383395282368,7.463,91.883
rice,2.81833754681631,70.6057323406385,48.622164908510335,29.662081572465638,26.440744582250765,68.573797886892,7.038118471172278,214.35729892808592,2.629,7.408
coconut,10.509008029999656,21.23299272456582,24.83003346919765,30.33196466655256,23.563835319464914,94.27339353017865,6.424325325375593,164.98652589949012,5.891,61.914
sugarcane,8.036644870190123,154.4615800601429,53.23740979382664,69.13415415979055,30.372441952721054,81.35481066681646,6.661243975940533,213.02300671318218,64.449,517.95
mango,7.485555180823237,10.9763120349805,30.40750346132977,20.040382015931076,28.473670441399765,39.2184788332682,5.86716352989204,80.54471810050043,8.72,65.273
rice,7.585364675595523,91.72916600859605,44.32037279433669,38.67700367485348,30.349092977772827,80.25658918370824,6.499373479535138,204.74452031241032,2.965,22.488
kidneybeans,13.443335875202784,22.652221630209432,51.57798056121003,20.764087969792882,13.991550536362759,21.030927094892267,5.911007795334464,124.2302063471592,1.307,17.577
rice,8.588576331928742,97.00061170628966,48.16166279212681,46.04926275002412,22.868377596937226,77.25959349509222,6.1897402675757744,205.575354928246,3.959,33.998
orange,7.344308004417877,27.91268795096095,20.860985178617202,11.922438967758874,16.77246580033126,96.21398750624599,6.880857961830935,111.9802765128523,9.989,73.361
mango,18.732450823107808,16.881367072686448,31.028919376857797,16.53623796951735,28.888154837628022,42.91243690047364,6.119908382636919,69.13054680728256,9.131,171.04
banana,15.646544927575631,103.31679295386532,70.48423504706014,185.3269445187223,25.527352517244093,78.844837820192,6.338045598824334,195.93353468472907,27.059,423.377
lentil,16.189610236343142,16.597832855095803,70.49279414877638,29.59868394312281,24.61696169795415,88.85990067766285,7.405852231584183,45.618423828969476,1.014,16.421
coconut,18.33120154725409,22.97050126721649,13.042194541774503,48.42446865056213,27.465549983513178,92.22753931809272,5.905887214802918,143.90916841014388,5.707,104.618
lentil,11.388903623518754,15.581035554572843,65.74821687082725,25.764131012047965,22.83045047282772,68.93517187233353,6.492821826471985,45.43332187466053,0.911,10.372
sugarcane,0.9318522017557075,145.85364263869027,63.02932372516153,65.33850693020972,26.730974018773054,83.6760593677819,6.76307769578476,191.55701674920576,64.478,60.084
coffee,15.233748753642175,110.32193229872885,19.26120114024144,15.690021370702214,29.64519651243789,59.69859585522012,6.063833165785392,159.42599677620726,1.028,15.66
kidneybeans,4.629372613119024,16.544313863952837,71.82011633554609,19.963592274307217,21.32867420024023,17.211394337362176,5.5773349816240625,96.82091406659946,1.353,6.264
maize,19.336546722251263,91.08698130732144,53.35166454501342,19.8357047065374,20.84760141598974,73.90493549255469,6.020882618212935,100.47597374264551,3.787,73.228
chickpea,5.233313423839299,44.36770476423296,77.3344815393615,105.91947047738087,21.512122853171856,10.49683567103041,7.320424306201781,85.55322790281726,1.42,7.429
coffee,3.3682122205268357,84.89314203096468,16.898260181386668,34.43875989107643,23.855346119846576,61.10364138625732,6.385272684862971,162.75289586793008,1.038,3.497
rice,5.870394097913137,81.71462240362942,46.358750498623984,57.72760751421356,18.423344291737415,83.28604911704502,6.093918556987977,211.47626459667748,3.63,21.307
lentil,18.86652512638407,20.594080144799584,78.58498730601448,20.885758287014415,24.98537622097693,72.30421517463387,7.608133861529567,43.71259074907519,1.054,19.877
cotton,11.33786997933631,102.90985704656136,52.25478520331838,67.03942654250372,23.724356748720908,73.25504171902598,6.720451924278289,102.66757384001525,1.973,22.369
chickpea,19.436798376659972,31.45164322470688,72.53030159924661,67.22257574345606,18.645536535267073,29.405360636899516,7.4838243353480385,76.13373805992507,1.277,24.83
lentil,11.502074765739312,24.214226170363016,77.99764932952034,22.505201340976875,25.057039839481778,57.01750199469762,7.0278838169691396,37.42005609399459,1.069,12.291
rice,1.9206921975115967,97.02158549971702,38.94335178168794,28.544325776102692,27.7922307341963,90.2928006292054,6.8223969788841705,239.39984838769502,2.828,5.432
rice,18.512545037280553,79.26984740753551,50.39978999159004,38.38909091556294,25.44032185828856,86.76881410088417,6.181879682724783,234.4795871812735,3.99,73.87
grapes,5.052756619387742,16.520210547557866,121.28396178126408,230.59551726127128,22.7342261209454,78.52613299960002,5.8240462593106574,74.88621425187348,8.763,44.278
lentil,10.961526677791454,20.011710614008333,75.66238735347837,11.868859980702451,22.471578029859504,64.40456733977003,6.9783158782806485,19.68433498381181,0.915,10.033
kidneybeans,5.771731913585316,19.389512483980997,56.64120112867404,7.5222324917432655,17.960618207267157,15.591107248738492,5.5826852257702235,112.00208193794273,1.199,6.923
cotton,1.5664084028040102,112.94851796032552,50.91701093276883,57.04457712095479,25.51345553065066,67.64333145405146,6.718056571816139,80.05111539797986,2.099,3.287
lentil,10.699252434167533,20.14214189873848,72.6851648334633,19.315481648834517,26.911203235276904,58.07208001229428,7.487355043322731,33.145019089198556,0.977,10.456
orange,1.4325569251061832,19.50996503075251,15.64803750309158,8.36789989930021,20.521194907262856,86.9652478545987,7.183678781264982,136.55757975861218,11.061,15.845
rice,5.105459420102552,67.94525426204024,39.71117026485024,41.064151965469364,25.731300430577296,70.59274824984237,6.4410791999502415,229.93267358222394,2.939,15.007
grapes,19.059179200357278,22.885409479966086,145.50154404404057,215.77893078903497,25.493347849904307,84.6604125771626,6.229227994805442,42.37057431784216,7.403,141.1
rice,11.170276149937301,81.79375916564406,52.26139692022583,32.150670628667406,23.869904836263522,91.86620021059795,5.4275679788196705,201.92182776296022,3.15,35.182
orange,10.356618422926797,7.065089601606575,11.678064257015803,12.468953398655144,19.238364548524782,91.56965703752276,6.509022751218443,92.03380979877217,10.674,110.549
cotton,17.60019653038969,118.10612293966918,45.701989667196735,55.66036136201677,26.768875010335766,69.2855895920878,6.856517612616894,112.2644247820283,1.897,33.393
grapes,3.3619066011624876,21.950943718931125,131.4507395196062,208.03742135109854,26.453409240748428,79.6358664296912,5.5644446367740255,66.00490104458537,7.809,26.254
coffee,14.955670660153846,112.63703865282571,16.42519609915761,28.62577597576102,21.756661214202346,62.67117292630127,6.760852469524323,145.33505740056393,0.922,13.784
sugarcane,8.455574750199244,135.8561027707512,35.60534296083034,74.81690170886976,22.134707677634097,79.10242975393217,7.34409474045565,184.48399343829314,62.345,527.16
mango,9.502866081570472,23.9295487245209,20.87916880481572,21.046058712135647,33.79478980344121,57.7302364095294,5.862999707661881,18.863421817980353,7.388,70.203
mango,9.596153520806777,20.160542357833133,23.330593804214523,26.415639583297395,29.68249545917328,41.3309193517367,5.75465297553875,66.50405928995436,8.014,76.899
watermelon,7.496925144814664,114.74085995758342,14.259404744516381,41.69410557794946,33.101560235879305,84.90774992691061,6.436968241914235,53.975704731720356,17.435,130.71
watermelon,13.573185705207987,87.92707821623964,14.37148840183319,50.256567784033564,19.386179481522866,89.72372350767169,6.505532377243338,32.21892514494957,18.636,252.954
kidneybeans,5.7004391317518595,13.644016790430962,59.645021123585465,19.28074283236443,16.12649842677247,17.033446434253833,5.921524501331456,90.48376596899298,1.247,7.107
lentil,19.404047284155016,12.034620537270618,76.48079795418404,10.343130196910295,26.35946372753509,68.18685895683389,6.958725234693805,39.324070437458985,1.139,22.093
mango,2.1614788963345832,17.037263089559644,24.172479487568708,18.090613911951525,26.029298202609453,48.40424973541076,5.660800763446766,87.47704658843188,6.92,14.958
rice,15.76262094154683,85.67023161760234,45.63496132813957,35.15999559290122,24.46640267931106,90.48140281325284,6.752355126427859,227.52576557082165,3.547,55.912
cotton,13.401047159522285,117.57154246115377,58.144788685278556,47.246178295210655,29.162714137322027,79.03227607641685,7.02395912089613,82.64938355629653,2.355,31.559
mango,8.83357159922814,23.60271348212221,15.785030151163042,21.158171334117142,29.701163016166117,44.82077433346651,5.875888965675765,97.72568553358404,7.685,67.884
sugarcane,1.9772370272499031,123.61611888014038,60.1040177131821,55.29997240094548,28.466673192303926,85.00684742879695,6.7618511430653685,165.93952949828076,62.533,123.643
rice,3.557555114287761,95.9224034818373,44.60778788427592,31.936311823488907,27.62486276894274,92.33827258582524,5.8455438786241745,221.57008295800134,3.782,13.455
banana,6.734306101811794,71.01218790290403,65.09785010584196,234.15117505955294,26.440583355717123,91.33862348841501,5.616473276525499,206.91316723397534,26.202,176.449
orange,18.107487064735224,24.673063541799525,12.544165207565008,9.744130434668694,19.360701649215947,95.30573753568228,7.1594066183175595,127.08463546836168,11.967,216.689
maize,4.375138333363022,97.52902119444902,38.02908767092987,12.565863312150276,22.809482319747598,67.67599298766581,6.477914346737605,145.17705163659184,3.781,16.541
maize,14.86802259027728,73.96829773311595,52.60551094634311,19.961529482733496,19.967058030055796,59.62340389399965,5.794306324800944,119.07638092882739,4.15,61.699
mango,9.403553143675866,26.81468686327245,32.26966251362549,32.47888925224002,30.163299760535974,64.8396693652526,6.988385555764488,89.81833279318045,7.439,69.954
kidneybeans,2.9075386523629785,15.121383482802683,61.124602262360625,21.226963203170403,17.250924522829578,22.340100190797173,5.3965249586308754,81.884256028761,1.45,4.216
grapes,14.070389799393993,24.74612273642682,131.21571383291052,214.27788309996276,22.229580753177242,84.14018913553377,6.094970160832984,69.4220478429895,7.92,111.435
orange,15.241663702199048,20.89700103500056,18.576203676014746,13.404859197504633,24.155818179337427,100.0,6.7929152864716205,116.98332911128135,11.561,176.215
watermelon,17.141255759156525,91.34903468273109,8.422341904282053,44.18644111240853,21.107187587082496,80.47749668732864,6.180527102296777,56.55541779716748,16.375,280.681
orange,4.343029713443766,25.218794903359488,15.14356154620597,8.212989085116295,23.39663696796608,90.9034059995097,6.643012892807567,100.74306739040247,9.667,41.983
mango,2.697975134499666,12.817015699091332,13.305252220214097,27.80432286730388,29.964598954527897,40.85737665324709,5.494539556940601,94.59790304011088,7.416,20.008
rice,14.773055499394687,79.651992648135,38.2917463589182,40.06557603447857,29.142360113300732,79.59689740992029,5.473828388260899,205.59962986730127,3.388,50.055
kidneybeans,11.278986479669568,21.113481964460718,66.97889673290648,17.98647052296602,22.401646215068723,14.6066541103742,5.363783319817477,64.21428003429486,1.048,11.821
cotton,14.638622974565788,121.94970069776019,55.78588085462511,43.01051459641566,30.06028595413614,73.58391312069791,7.007895473611234,90.67137086920759,2.296,33.614
chickpea,3.755865391667675,42.13176070909184,60.196121059457205,100.33464179167856,20.289283630021913,21.642445182608924,6.717514804532271,43.02737281324181,1.456,5.47
banana,16.455141495551757,118.84252376865032,69.38545893594373,191.40425406214013,29.099390730722757,85.94864893466323,6.441787061364134,110.70660713024795,28.946,476.306
kidneybeans,10.772683458465188,21.75479270408471,64.70788762760186,12.897471601133166,16.97718765243258,18.406587354701216,5.658963352713739,103.13755457036697,1.282,13.813
banana,9.242687242939814,81.07348022800718,87.9903086304951,210.5355030510124,26.05351375770294,74.73806462439157,6.053877970223335,122.60337096327387,30.461,281.546
banana,8.980328555301819,84.32121422561383,72.23381228511306,233.6258824017054,28.162055603252888,69.40446553499838,5.917989693876204,167.00874582757913,31.977,287.161
lentil,2.6971205337766073,16.892947559898772,57.48308177624715,12.640926692174455,20.15383862429956,78.37059680735577,7.062249601504767,52.15028462902052,1.009,2.722
orange,15.374956711494466,22.4554107468382,18.448725355747097,13.926819269258417,19.245105622785253,98.11232960430691,6.830936495556444,91.35302575716534,11.487,176.614
kidneybeans,8.905402940662745,22.747229884607325,74.56839995878146,20.457703289901588,14.965970169471785,24.193987431139455,5.6300344977318675,92.80126047163418,1.356,12.073
mango,2.022661399634732,27.018877908363685,23.806352606197166,21.361155622065645,30.064682328229985,47.38668649085252,6.320749873105466,115.35959786453125,7.473,15.115
banana,5.061303227757608,112.4952779443187,86.54046709171188,201.97370150656099,30.662918063719598,86.08432051329764,6.143935714544163,156.60356917263348,29.059,147.077
wheat,13.577373933154655,94.61538004295899,52.78425070350371,34.659704940229105,17.575927354724108,49.835687629123285,6.317751833295988,90.27404349347408,3.344,45.405
sugarcane,15.991731004903947,119.93246479640129,53.73696829431172,60.27550724189488,27.739287710513956,86.58609160126218,6.4494762594488675,177.4221217668689,68.633,1097.553
orange,3.341494054709751,22.950288945014314,16.994978163042024,8.427481957213024,23.0582299033004,92.27616598519762,6.771151007788636,112.82598806569318,11.027,36.847
banana,11.156889433113998,109.22091031578053,70.98159137439751,209.3555655985062,27.157933676956468,69.6700195533854,6.14490306260732,162.88166105458856,28.888,322.305
sugarcane,11.054804950562243,136.0276758606216,60.07392419343143,70.42944922262596,30.5069063706739,71.73332001310033,6.983618787442329,152.5094591063935,58.819,650.227
wheat,8.09161660099633,108.52243197879302,51.06652042269184,33.64588333950398,17.11215094354719,42.79266640739131,6.726158724539832,75.02611735808497,3.461,28.003
cotton,6.479782310728218,93.27860829394739,37.592143793933204,39.754566834748964,30.063568481403458,70.87856682087487,7.128521981374495,86.26827364660151,2.032,13.164
grapes,15.39205535056704,19.084706511256297,127.21212175252057,204.94941685668005,23.77432652014985,73.10308818343023,6.086591984135019,78.37768118097604,7.511,115.602
grapes,1.7259529968896228,24.35086505476401,118.25560663911675,187.54275637315396,23.019971799769586,73.53792331727483,6.1141634338022115,38.04414695936033,7.382,12.741
coffee,17.075035354309698,82.70069097506354,12.826238665052843,8.623216926010148,23.3476202117586,59.756770046023746,6.112265281082755,179.16148747675282,1.006,17.174
kidneybeans,17.095193806047963,21.026479172610586,48.99708682346201,15.067085940740597,18.101196599245004,22.311765151610892,5.311354631218191,73.84910571394724,1.261,21.565
cotton,3.4640388675938087,153.39341974461354,55.65412136269892,70.53535575430811,25.29692607289788,83.72281766229834,6.9909103265476675,104.72726983439526,1.939,6.717
watermelon,11.5441956234146,98.8150016901635,20.818559606697896,44.2405886521405,23.962326989001973,89.91060401446407,6.6406888320068,60.34934176338619,18.919,218.408
chickpea,3.748925726412201,43.72373141869236,57.902912075548045,75.35687262460563,21.03907930794262,22.884540764032213,6.575331240807801,89.60091857553942,1.484,5.562
coffee,13.661303193337215,92.61818777877461,17.908495644229117,31.31907841306971,25.906821685285962,57.799050649519984,7.047269978920389,132.24599769755184,0.926,12.644
sugarcane,10.520694932769322,129.25848141134216,71.24961639101923,53.6305254832984,21.196828675376835,61.99004180444348,5.853975460354573,197.87086635599834,69.392,730.048
sugarcane,0.5793087395473688,117.87918631229925,35.613067361652064,49.976210934036274,30.47871531173302,64.87364696205078,6.147887611996798,192.541399613987,56.667,32.828
coffee,0.9567063551595392,100.20048365735245,11.658678113991048,42.96904514244921,25.18806585512391,60.64518140719733,6.822008488323758,96.21324873935,0.969,0.927
coffee,18.088472409681227,101.4308273369563,16.13390251620705,16.98875258011493,25.769952874308043,43.90242850289647,6.308941304291475,110.53583160035662,0.913,16.512
watermelon,4.2807653253436175,89.87329218975948,13.310732929790895,50.2027794083262,28.97846674151309,87.16627419935685,6.229897888365287,46.04800770313683,16.823,72.015
watermelon,12.493150435316956,102.927104827157,22.2350952163101,48.09412821203099,31.4356252667787,77.7830099462727,6.296004857468372,46.68110037661081,17.307,216.221
watermelon,4.513505079060698,106.88266575725854,17.163769001072893,57.53727248230087,21.593962475950086,94.09140795956509,6.268375368010495,37.06790820991888,15.807,71.343
coconut,3.6223228502355145,26.141965267265938,22.092025405641472,29.33360191919564,29.944479523750807,92.11932946522028,5.571282192260585,181.20849980155697,6.162,22.321
lentil,16.2650545809715,16.39734771473836,63.72612388374473,15.756271433037558,21.663057018602274,72.38768771550502,6.937338638829326,56.89592434977973,0.85,13.817
banana,14.2505323681213,131.9747863613494,85.69907079610105,174.00395303642858,26.78121645068795,94.41791724002591,6.593645035962369,187.6888939085259,23.364,332.955
rice,8.017404669487568,87.1064932829929,54.888639266622185,35.019453989952055,25.48354493840547,85.90905903796195,5.729711996634257,256.61391191006396,3.573,28.649
sugarcane,15.675806808515475,125.57628122112645,62.63644657932714,65.23055678839258,25.826261229383576,67.0011206848994,6.2407393418823025,135.8505615710806,62.278,976.258
mango,3.5233696277466806,15.914198897982903,23.25977308338185,34.10438029664775,28.77805225617973,47.191870763505044,6.467052094125872,70.6703066606942,8.039,28.324
cotton,0.6937972894177923,101.2324572291136,56.0848289605658,52.30199235112379,24.0837217607899,75.81262745663443,6.9443024431161335,77.83330430944818,1.901,1.319
watermelon,7.400742760771022,99.93302536565854,13.41007075085187,48.83970614787334,24.041807331369917,87.5996673168472,6.179900300717709,42.89484334650838,19.575,144.87
rice,15.37737057071078,81.81385915789477,53.17841878953862,33.64745038561366,23.441994309707212,78.14414880119897,6.060718781065775,273.58088339790714,3.059,47.038
maize,17.276534607562887,88.70766593550232,44.66922008538842,0.0,30.139237298393954,56.44213929862081,6.2033771420197565,84.4926774995478,3.663,63.287
mango,5.20538714033632,20.201400506970092,32.15079425473791,42.83729918046768,27.819441395459588,54.90770862670337,6.234046470566177,106.45279770647107,7.739,40.282
banana,15.894298274330472,115.7037253107125,75.56296602284768,181.01664755444975,28.377908252514004,80.29946981871014,5.857540290149247,181.90276162665515,31.478,500.327
orange,15.309357653095033,21.645578503330675,20.377931008105257,11.131050903012103,27.549186483696868,89.09594008471406,6.850018157960924,152.3239107688212,10.578,161.94
sugarcane,16.86126279626922,149.84396881212845,60.017700257768325,59.52012446944008,26.745286198344036,93.38527346952627,6.018652905613847,158.3568902340987,64.195,1082.404
wheat,10.84516701190716,82.35902366625993,49.692482161367764,33.62813402622396,22.1261550139482,60.46590524785152,7.072160540047948,109.26983111527963,2.678,29.04
orange,8.420191068024234,19.56742920331802,10.964940970635293,5.5958020067694605,26.91194299179983,93.11429942589504,7.592717698860578,99.58567145612382,10.259,86.387
chickpea,17.5741905432767,25.85045755823279,70.83598047531213,92.2311757626427,18.228114317532217,16.66718078917347,7.211921706022424,59.24155664186204,1.538,27.027
kidneybeans,18.277400795065834,18.580628038710834,72.09470674301447,22.72129116298281,17.512400869930783,15.870816191401765,5.585988664857977,95.13180724468145,1.364,24.924
coffee,19.855651397515018,127.85927358157734,22.523645843588362,29.53477899799905,21.21403925469992,56.71094379580104,6.844735699069484,174.89643817481956,1.047,20.785
banana,17.77485924004776,123.16410319753678,85.7854778842441,203.3751700352488,21.613533766677385,74.06524418737641,6.0307217894598315,153.5225974095454,29.638,526.803
sugarcane,9.9561516864646,123.48328960626259,50.1932838973347,57.98868643252854,31.611834759189488,97.41628132623276,5.5164716088701935,189.13219078898499,57.636,573.837
coconut,2.5378972872583536,29.21528378891899,17.50572963806284,26.620656547432276,24.89125082069738,90.08720083194052,6.473266664165433,170.32834321300865,5.451,13.834
kidneybeans,10.040447691699438,19.941392321029955,60.73175148257579,16.303044724491755,18.64566068562116,29.57547838270088,5.87630958065708,116.29926498278688,1.289,12.947
watermelon,15.923600239760294,94.02567313288068,14.811273179686975,48.10398468028631,21.26464398970769,72.59893676583543,6.8479070208829045,51.54843068400446,15.203,242.084
orange,8.618734962450246,10.907915306146121,21.68225807289861,5.176568967908228,27.03387574436394,99.1896402415449,7.226255622323978,112.87203863518285,10.769,92.812
cotton,3.0912871421668857,115.5813596657735,54.3285722626504,46.26934842258764,26.37750185346949,73.5208094109263,7.036453777400786,87.93610517156009,1.652,5.107
maize,18.75224009903544,79.85698439947481,32.165636971048556,21.28953235462525,29.515751322578225,66.66666370686126,5.873030723609423,117.43803764112263,3.608,67.661
mango,2.9091272275138227,30.18536748248293,35.88867900197032,22.758579832719025,27.30410664330268,51.28133769530466,5.645928463282736,91.62315890860765,7.418,21.58
rice,5.729619897485397,88.80338443552381,38.25969614783772,40.88078076171649,31.428361318605816,78.99991887849822,6.541530496282606,240.95217784548046,3.396,19.458
cotton,4.615737283514963,111.85222699435428,41.83926353072751,42.965847357950565,26.913958589696293,74.41689325332388,6.1098027126212235,63.59499236813777,1.676,7.734
rice,14.534829534161851,85.24741129520491,41.60947325574201,33.10340818184119,22.699551199968155,85.22263297877745,5.758815800110774,179.4333614008127,3.718,54.043
coconut,12.318900990184341,16.429537540345347,15.428345748186416,21.6272595530394,26.707096189622266,93.84190816073175,6.149009207182919,243.14941106568017,5.607,69.075
banana,18.804568926809967,88.89895097475286,68.17510766822257,222.25987324376075,25.349902283716972,83.30424305777657,6.1910709472372405,197.13180944601254,31.852,598.963
coconut,14.682020667738328,19.126766789209384,13.74512247150701,48.5440802927109,24.338594257826482,94.705142148909,5.722723977342918,147.48487115016738,5.418,79.548
mango,1.3843393551000451,18.021521483137736,20.84394450568284,32.20298477475745,36.35963936062518,52.15237683614903,5.685107357153045,91.06834228375398,7.184,9.945
mango,5.773593971300313,16.994927289425867,28.64412484768014,30.8073935284431,29.579151028923565,40.755491548244926,6.745477918882745,109.65998095439407,6.626,38.254
lentil,10.548765218553863,12.142633908623766,60.29177177746534,26.760607736162477,28.098797926067093,83.31772705026634,7.080229161650959,52.73717227510767,0.964,10.168
coconut,19.808342062262376,30.151345120370248,19.494551962636262,38.99730965967686,25.70584728313775,94.81468725017743,5.583980024174652,169.84280537880434,5.989,118.627
wheat,9.660467071223136,113.95173210666574,47.828669078474896,48.792968292407025,14.416307495210834,62.746354474349886,6.687032438737053,46.040131880789474,2.954,28.536
chickpea,14.565352319558476,51.749002637358785,47.478960543702854,78.48897722163059,17.06563270254735,18.71920097916923,7.72392275138088,69.89639319380059,1.352,19.698
rice,11.574464727203967,88.58308864214162,21.99007676674591,39.38664955503241,21.765776593355945,77.02409863505883,6.789834442930117,205.0077781870963,3.973,45.99
mango,14.622602834867001,19.240444666776924,19.715778524847707,40.286173634695906,28.827978294010137,59.3976308203184,5.513182463298956,104.76606960163016,7.818,114.321
coconut,3.9456385468096826,18.75567490438408,12.231611751413187,39.645221079685605,25.37322292143706,95.50235492439242,5.909327857896552,156.10812186760893,6.497,25.634
banana,5.189462495487804,112.85063021497405,82.60620543251856,180.93747292584206,25.736562597602074,82.03809495775579,6.394776163557822,157.9360138158469,31.397,162.936
maize,17.953372033321326,50.29717014160337,57.781734270077294,23.091215081623417,24.610637950063204,56.4955880384461,6.686060801336222,83.5690893542967,3.756,67.425
banana,11.223485237985125,82.11275303561601,82.54400132166803,233.98833896376917,22.94268447690685,84.5177683823992,5.923540338794396,105.72991496756718,29.355,329.462
wheat,9.532565197958501,103.85644601057544,34.816099469618464,39.24733584342858,22.382448148506818,59.38043103195364,6.306419980163646,37.03227234325806,2.855,27.22
banana,19.49967651485122,116.73734044861564,85.19586417590189,233.90085761961817,25.12663918566094,83.77227231477069,6.305624788931387,140.47250161781292,31.816,620.404
mango,18.15323514377389,18.582753913551244,27.313504997236407,42.16941902783246,28.45495743825891,42.71073635308059,5.309067791470539,82.22222107082426,6.82,123.813
coffee,13.370679977271422,93.97005005673526,22.45826368813436,40.32448548684708,23.184962715057978,64.08825416715965,6.908810983131228,162.53611829524579,1.171,15.654
wheat,9.228485526543876,78.14454096082692,59.25688432460248,30.907468066337387,19.48809696480947,61.21925654754013,6.599479248579782,71.67578299640088,3.196,29.498
sugarcane,6.776084554681588,137.8148333393525,65.2318366852696,58.73247683825933,29.22973427529366,76.84459443567889,6.635082915955187,230.5421166062352,55.281,374.591
cotton,9.134362741338261,96.80946301918573,50.892476999076315,61.448585589177696,26.87865720200536,75.09015688719222,7.250493029338892,87.0241777536508,2.192,20.02
maize,16.432422358819156,87.65618918892729,61.35362579090148,22.31910761259472,22.560833650875413,66.33128888670336,5.73740790319804,69.02848039509914,3.689,60.614
sugarcane,13.326577135387103,160.9360090441758,43.29848580556395,68.91484144138654,27.835758715546067,71.96386533489706,6.939122546539171,155.9198751393616,74.039,986.685
lentil,17.462725966649568,22.751970730044064,78.8150597440193,21.441829558057037,25.364765669401226,62.301723301912176,7.228102545353602,29.01111935339179,0.997,17.402
mango,6.6177358440043825,10.583623825361347,31.572488196269582,29.825738380206538,30.01223332548814,43.26106219123885,5.8737744054944585,114.67960251532378,8.464,56.013
watermelon,8.80786937463938,103.67657937377845,20.943612466517735,59.757374920356504,24.52462848136522,85.95925742666083,5.930278591061811,72.07437330042562,15.563,137.074
lentil,16.73413861890947,7.915087197732737,65.56432795369679,23.701532140891786,25.830085814926584,61.28710103513304,6.6205271428964565,42.2052417030131,0.914,15.293
banana,5.214034542236895,110.65207798234266,72.86053119597767,157.7367539317383,27.37329318969341,80.05082535059806,6.015359082556417,69.67376793234212,30.113,157.008
coffee,2.57439617345591,86.69914884602957,22.87312468738982,31.34848201617662,21.74335258892681,52.18324371684093,6.103406599803618,112.75474770308269,1.093,2.813
rice,0.5600605443787422,86.67120170726844,48.35907077730737,55.89282457352991,25.300823637407657,73.06702863192982,6.857724248489367,171.16182886960922,3.232,1.81
watermelon,13.220373146144741,99.74203063825881,24.866272925636345,42.854200357659444,29.34298328992789,84.15037970041075,6.568137785443751,35.307749258876754,15.251,201.622
wheat,13.676215319966252,99.79523320122307,37.46137204510177,32.00988777831093,20.090067673426475,48.76096553123077,5.971193111004614,82.73956645578198,2.681,36.66
mango,2.473073880958034,19.864253336261708,27.92615279021048,29.800955502912544,30.96080479401948,53.18693926659846,6.368847103792422,117.95520629010909,8.229,20.35
mango,9.117783208145683,31.997702741329206,27.40837377905598,31.59800752231079,23.66661112227585,40.5524913248505,5.982329247251952,82.54594826080329,7.634,69.609
banana,7.559361616098281,77.59206609960864,76.16806167245537,218.2398937610732,29.58518820777815,85.27722454282072,6.258809575476678,135.04649644426541,26.872,203.134
banana,15.130135453803582,101.61094861579546,85.2990071492876,175.73535877652353,26.70308761813819,70.70833352520293,6.0679670784394935,154.1341341777868,33.739,510.468
coffee,5.407457450244765,100.19170652544604,8.641408933759735,22.74745556948322,26.242575089083363,53.9557053451452,7.0561676179079695,174.79112806441555,1.084,5.863
grapes,16.787240627194326,14.537851206088739,125.73094892759885,185.03351522560152,26.445540502126597,75.84367824879563,5.577719983305208,48.29811458976239,8.496,142.63
grapes,13.280073782954966,6.1834292444357075,114.3979135945095,229.80938340404762,22.467782388746336,70.65561652339296,6.066486647363305,80.1873715583034,8.633,114.65
grapes,4.353807025904667,18.521674976136158,148.93170640247706,173.9971562900734,25.160443696366272,73.92506028583225,6.443362161173806,78.16711259160354,8.998,39.177
banana,10.15557962888505,96.02133977719603,75.57737744855667,232.5796024429464,25.978043872967728,80.94738044417444,5.5568267176862784,192.44253708792093,29.688,301.501
lentil,5.897155333593857,26.73220234321436,84.50310671814263,15.814567941276986,21.260094808251075,61.33590434506265,7.6207601684935025,55.105124429611735,1.082,6.379
banana,17.632486946821597,103.38689426018449,72.53282845268602,189.62655614813238,28.992000520393123,66.29790185764377,6.143580521024477,145.69741040496197,25.431,448.417
sugarcane,18.38822419229431,153.52064215865784,65.61057842354528,64.75019653407925,21.570447919630368,85.0954227675958,6.1649340003825595,189.40875022092496,62.097,1141.852
cotton,5.2403041109326605,141.876588262584,49.67817592902111,33.09657607300828,27.25604770328563,79.28515650363057,7.05548236326432,76.75318080563676,1.953,10.233
kidneybeans,8.863669354499882,11.914421888242318,62.452407743510605,19.54550501338696,20.48202538927194,14.128130190680075,5.340762663162637,110.00088771722274,1.186,10.511
chickpea,14.02932042549398,33.930674165289986,62.5903767162088,75.09063252362128,16.72362567083308,10.0,8.084438315383604,57.491555851636114,1.432,20.093
rice,8.26575612122062,65.30213900019525,38.37935269049071,47.72040867691204,24.498227967211218,80.67572939230143,6.624075027687119,183.40947244537833,2.86,23.641
kidneybeans,18.180963307935382,18.40800730060093,60.937214198777966,25.430419209596202,20.772694554969643,21.057286207494805,6.127716570247238,101.83585926659472,1.413,25.682
kidneybeans,11.61359238803185,27.08833320803507,72.34199201211571,30.345990647784955,23.189877105968705,22.70330890879861,5.737471637412708,58.407966059957246,1.233,14.316
maize,7.809689891208672,115.88951909914869,49.51976333847407,28.81056658207912,24.333046895902054,57.03594231844279,5.899319174250896,87.30502161615892,4.056,31.678
coffee,7.435023698565817,114.91390851900587,17.80949300360698,36.34087516250618,21.803238220247813,58.43306199371182,6.782926992446465,133.688674688549,1.05,7.81
orange,10.82218898007438,15.756622263544445,19.650199672206675,6.230081185312676,21.63347545114606,90.77452628625373,6.986616726853931,139.6317454683785,10.152,109.872
grapes,18.746649554086968,21.0412726163339,132.42266623747204,223.5644040638121,22.05701939440179,87.07819173837918,5.988764918824445,89.43601936777094,8.302,155.64
grapes,2.2927506363007275,8.73080690460907,112.90675810421463,188.1644710845555,27.513006108471224,90.11703293314716,6.288048016246479,88.45598310717965,7.449,17.08
wheat,2.2568334231142924,81.75225023799851,55.913091627128225,36.67937036450667,19.94198018063786,62.91885945503556,6.984612993703151,62.355088426431045,3.204,7.232
rice,3.33495992609646,75.72361392535254,43.41372329555934,46.70390662622535,19.31256483434153,76.15663947015175,6.467971230483947,242.11104594483498,3.183,10.616
banana,10.107980835110618,109.05115203948212,77.03787060835738,207.76106821175583,24.75445450684718,77.10611922300386,6.3252141149791035,133.0407984282403,27.955,282.568
watermelon,17.731969338340704,82.97821405295343,24.858604569267307,60.838945304952304,22.273656973279152,83.3850994095209,6.362723925121006,22.326375082768024,16.675,295.687
coconut,16.098865622259645,12.717121201435667,8.868415144167612,31.316537533340075,26.08386370377796,95.94617112149577,5.829465072106238,204.97898632905702,5.854,94.251
chickpea,18.186603381428984,57.371064481081845,83.24342785100062,90.32811733676763,16.22401970178287,25.607076634827273,7.5475876555294805,50.87030510370483,1.36,24.734
rice,14.248177004847225,87.5200228592394,52.18711979313896,46.29318935988518,21.926954004219606,86.99360826104729,6.943434646566491,218.93492992178392,3.876,55.225
watermelon,7.056216775673006,108.47012393888366,4.964440410156794,35.083604132861645,28.19248991948572,93.0968672396441,6.666120387206833,41.33303621939691,18.647,131.579
cotton,4.573356729272969,123.8489192445459,48.13772813549705,62.14438158466206,29.62322673405557,69.87071212185559,7.282340094135818,78.07053703825558,2.014,9.213
orange,0.7246820157622978,17.72096883966261,12.740020732901517,13.563175578703103,25.630230919052003,87.15133599734537,7.648022341402654,93.22543546341637,10.127,7.339
grapes,18.566311275302354,9.15535457967333,113.17003851658826,228.9063123860484,26.75141056342983,68.95658590228258,6.244118879496173,40.27100614590198,7.737,143.654
coffee,12.821776060869587,75.07811199575096,13.763176654435684,25.16690647866187,22.093949102475914,40.43276282960806,7.009858696284902,94.19942514706767,0.978,12.537
watermelon,2.9829221723869455,94.07172648614637,12.161189959051889,45.844494202787125,27.14371339826488,89.34262544230289,6.702654423390424,37.026387813450185,16.072,47.94
sugarcane,9.948235943873723,124.15858686480514,52.887429333990454,59.12776950617112,29.073216277737593,69.3513368738798,7.303483481819768,176.92625071565055,61.811,614.911
maize,19.138045840986727,102.86585642795433,51.141291221325304,17.337690766826466,23.776455788412974,65.52593282930209,5.79699521653804,70.76545230983851,3.358,64.264
banana,8.195450629553601,67.09735296523073,76.09184311021171,214.9411980032785,30.141922371107974,67.28125567605305,5.673582023405813,164.32410405626882,24.831,203.505
kidneybeans,11.722818329997297,19.06075115249353,68.51578608053848,21.1334749458159,16.67453728051049,21.545731590505945,5.831084191640265,96.32137367852985,1.393,16.333
cotton,19.464544486343232,117.58524040383156,42.742512338211924,41.19044463100832,29.576744729287235,79.44043566975338,6.646312626575374,105.6026491330949,1.687,32.828
sugarcane,19.670744337756776,156.8426308392412,69.410397463655,53.102872251685184,29.40081908223404,86.05742221366026,6.592190064911817,203.60144992534902,53.971,1061.642
orange,6.087409780124715,23.372264840206615,17.643679374108473,8.61486102672717,25.517058648889307,89.5068029085719,6.972492374401442,152.34468675026338,9.743,59.31
sugarcane,7.878722497881207,121.45814339268371,52.3739199190599,51.614802135259424,28.207474675049326,73.06306107753421,6.2946957910146075,193.98442184885073,72.72,572.94
kidneybeans,1.6674249725474768,23.97398034310112,54.02093119160106,20.959309604976713,20.922353744542164,21.27870506378796,6.267026256000427,153.35701683835612,1.185,1.975
mango,3.8891211568452007,19.423365016191322,32.63678991003914,41.72557645160076,27.40482639807752,47.22112191882552,6.532674720614858,99.73043948442752,8.283,32.212
sugarcane,16.07216077853453,148.517147311731,45.72156534458362,67.89542227758872,22.964481850194506,72.75704705745972,6.04318064916654,154.28689666587832,71.182,1144.042
watermelon,10.480113393881172,100.15225540617743,20.75624867057663,33.059899330684544,23.947178656818238,88.41335357298782,6.5744681795069155,31.483428127184553,13.898,145.648
cotton,17.20598995461317,119.75095497104876,49.78032756597405,45.158786222568594,24.016243823607265,67.49088045246422,6.815095900398633,98.87943011550931,1.938,33.343
rice,11.546682422249853,84.02789791384683,48.823847710737766,49.86175268842494,22.963711381121186,77.99321647440588,6.50246407901583,203.70265715963563,3.451,39.849
kidneybeans,10.037419541438505,29.13737641621995,61.197172787567624,22.827555608272363,16.234628346176695,19.63909736351706,5.476597685810928,85.43326020558004,1.277,12.819
coconut,14.137002709203543,22.133330541032546,19.67370004441275,35.39563651537733,27.807865957454997,90.9877097033258,5.898079855228438,238.42232871281422,6.795,96.066
coffee,10.603769151286993,141.56369815799434,23.138333653815447,34.08560246957097,25.787381688651454,47.31458283488516,6.341269428567334,119.6310636156586,0.977,10.356
cotton,9.40414677914324,135.8189940875081,27.987029484985335,51.251680840782456,25.1522344570408,69.67336350717486,7.004439628785282,92.92471472002792,2.092,19.672
coconut,0.6353385213148941,31.434448904069804,13.517950556598791,19.39789558074995,24.714929196243325,92.09913104058244,6.224602151475097,131.08272259332523,5.312,3.375
rice,15.304437403372477,71.98277888508493,51.64673497679481,30.584639103615714,25.72837543328537,82.1530943983199,6.650244410483884,196.69004955724438,3.415,52.263
banana,11.628409562585075,82.4060307416764,75.85275089966048,181.58234299410964,26.00025436527572,80.45922341834797,5.535360488243558,162.43108176257311,31.876,370.664
lentil,7.164616399270061,16.806861922524433,71.81352077059582,14.879215941538778,19.60534564633198,68.7608974450261,7.07301016301713,46.34983836361899,1.12,8.024
coconut,8.277624757371507,25.55503743523541,21.511360505624303,34.81024103525889,26.541116056770893,89.50082930802365,5.8854710623396755,164.24138662773737,6.448,53.37
sugarcane,19.86077539818421,150.50873725440505,40.195998046703295,62.81239703806517,31.950341990714293,76.2023686836792,5.976016722018074,169.98428645715455,65.487,1300.616
wheat,7.1641069957764625,103.59684633128299,69.4181822040145,40.438531907273436,10.30936365149454,47.68873880098431,6.904915144748365,76.85989519357395,3.293,23.594
rice,7.3305674498100775,81.16636102740578,45.721421278770336,35.52452940297035,28.874911040599766,79.59549050504764,5.442519702352385,211.0377394198065,3.607,26.445
kidneybeans,0.9763777525576729,20.261317432564127,44.89423201062067,18.56689325626463,19.935996146570044,15.870424825180441,5.84970737357116,103.63254001758501,1.442,1.408
chickpea,17.60873977799972,41.002510731910164,42.677518696487034,89.47783658523842,16.943440329510643,21.619842771838474,7.361709921679078,56.56919856432012,1.293,22.773
coffee,3.123649701203077,126.54373132478372,12.659913729027235,33.92900010582476,24.454165320633123,65.0374525839919,6.7018194019256105,179.55250179817415,1.043,3.257
mango,5.1994389654512485,27.067566125768916,33.683305619824786,46.22246193577981,30.851302773797443,49.203949911612966,5.914590448105695,103.19541644177887,6.327,32.897
cotton,4.965098302254841,119.98012902409944,52.544872826492124,47.41324985666231,25.39433638849702,69.61974781804655,6.307087118953162,107.22840417430757,1.669,8.288
lentil,6.3414039514570435,11.212281984024102,42.06661745697299,12.36882707034378,25.784803855185366,72.13188043665693,6.23590775412212,52.90373058924657,1.03,6.53
coconut,16.766407297309033,21.98225392893222,24.883855384188635,42.865226298288256,27.51527601700984,95.21706079330387,5.846019121121246,145.4245139668378,6.599,110.642
cotton,5.396884140320321,123.06116250049203,42.30778580897977,56.208654859037765,29.892353936119363,70.07286261362177,6.0565878154945105,95.27140365633642,1.737,9.373
banana,2.7128466026293916,99.45930866053197,76.01479229170391,218.50011138783614,28.61603646908989,68.71971022063667,6.113251075905417,181.85631920268318,30.712,83.318
maize,4.776187270141521,62.265969372062784,44.47883656611698,27.69751240524118,28.832246000352228,69.57401681605894,6.407693156036849,104.89493008387748,3.772,18.014
banana,8.85475816905186,91.99478861360504,74.92469050188801,196.26391532082891,25.593594664697566,89.07802597212005,5.857062433220671,92.37372361864932,32.367,286.6
watermelon,17.679467243975576,98.27372185980384,23.025548251348287,49.20745209425206,21.992440639770507,92.79658857843997,5.616607760487879,45.46158670695429,16.612,293.7
chickpea,9.846961530244316,43.812670425716725,70.97581025431138,85.92553436547387,16.272472606404275,21.02975645287091,7.582711467004343,65.10941609967497,1.463,14.402
chickpea,5.660601110026259,36.66015468981788,65.46179163240046,64.17784236474122,18.772455265584764,19.2480598506969,7.355221752104468,79.27484848587298,1.466,8.296
coconut,5.319053490304635,16.284657946321545,9.483333769044958,25.413292853982867,24.742514471455276,90.27810673500764,6.0240956536029655,162.07050193795024,6.244,33.215
coffee,18.799135433370395,63.389213352202376,19.045400281784914,26.898642895048802,23.331742920094683,66.23086027466836,6.5551709957472335,206.85310944737705,0.909,17.093
wheat,13.890915078240653,87.5287052489045,49.71065737114868,36.56620932355108,21.005247956079963,51.162533155734934,7.103393246784417,86.8892028517807,2.832,39.341
coffee,13.506295632014746,83.393975364606,29.156710510122316,37.22645155713172,24.912566204642502,70.28154101131149,6.805332194219306,197.0970207191913,0.987,13.335
sugarcane,15.684081209813998,133.63199453755703,38.16090138886017,65.20658392401793,24.2160898659223,77.66198187913596,6.531555423469158,139.188924478806,64.56,1012.567
orange,13.370114344138482,20.314849094343735,18.151464453174782,0.0,23.469895171764453,92.75587798626105,7.129308002314136,105.41450681141114,11.736,156.916
sugarcane,1.1649542879998473,150.34475481039328,41.73787934039208,50.35671346029783,29.8120054065945,72.88101666978119,6.944775355587723,189.32180791516345,64.028,74.59
grapes,17.017721660368814,11.102808639974102,130.3741220026978,187.87396325907594,29.221155714719963,76.41406311471111,6.01207420436893,72.87946709436218,9.168,156.019
grapes,19.949844257388804,18.172013604057234,123.91063122113029,187.18216613345626,23.915588000494875,74.2471463652931,6.645579659555193,49.718418425183565,7.515,149.915
lentil,19.962382255741737,19.259191575784673,62.589788351113256,19.942309757424013,19.46606861059151,46.50530234289448,7.157284865321123,57.21972070553006,0.977,19.506
coconut,10.329996795286153,14.711623404175576,14.991930957155436,17.872488851187242,26.503631860520418,92.27109752557436,5.780494596612142,128.4213314227719,6.373,65.837
wheat,16.050452800154744,98.22729542335398,49.28517163350897,39.55273684579345,22.93856747886182,44.50753711052231,7.613520983674226,74.34329359617584,2.944,47.247
rice,7.997764942017138,75.5342813655935,53.88033994013354,38.66606768381325,28.48134891363015,83.23609749365292,6.164588399225732,226.32881945147176,3.284,26.264
chickpea,15.652257266215214,40.92794146649937,65.38126815487442,72.93205191371824,19.162778839899495,19.676084656619715,7.713857469330232,76.86094007884014,1.405,21.989
grapes,3.535546927828465,8.914879512256533,143.97251982543526,203.93990076093155,24.39258952425826,65.29856055962904,5.662279888735823,62.41350710471004,8.523,30.134
lentil,15.219987234765467,16.171930837286908,74.92866717691501,22.225097220670417,19.39239315809295,65.39320382249628,6.516705461247173,46.674259260386556,0.771,11.738
chickpea,17.667187820955853,39.60760466138131,64.12701690930243,72.19669355800237,16.620915552004753,18.719781374015554,7.014852445442174,77.20900801869536,1.478,26.107
kidneybeans,2.966121314641841,24.121304973173316,64.02416576442837,16.600564359237836,17.828804151127503,17.919966489816172,6.299248474868918,112.89747957272226,1.226,3.636
kidneybeans,10.570919995770595,22.242499052413564,56.74196860825337,23.4352541521612,17.881072158943248,11.839485310600692,5.693430239805155,71.33642419560434,1.283,13.563
maize,12.559467276180722,78.10589116794367,56.66447011069771,12.608315866942894,31.101388638944773,60.26522011946582,6.649810952564946,111.81087945056355,3.69,46.339
banana,6.465349927800964,116.56339496118164,57.33392287843978,221.38743499034226,27.994278837179326,78.21535319552314,6.513765277042715,212.58300455076807,30.465,196.964
grapes,16.96142836879509,19.45053851884149,120.99987660189238,214.2805869730967,16.068045980977868,79.26234372964723,6.029663128449738,90.24148075844894,8.288,140.581
lentil,3.440393332550679,24.102125218891402,71.60438373602531,19.614496654363943,24.491652571126842,71.79764921946509,6.624178827075462,34.43736728802712,0.996,3.426
coffee,12.40680326908039,131.7978359190764,17.96418266847337,11.833761643967218,25.97545126428271,57.598465503703196,6.227469819160091,177.9355024451755,0.781,9.693
coconut,16.04483551783002,34.76575579960487,12.656711575833027,36.81926728153342,24.501877229823243,96.25227538907802,5.559651412214692,184.11389168280468,6.851,109.924
rice,10.47782421584619,70.54284160065318,39.51158049955238,34.388077107922896,20.202289669652487,82.85715956409047,6.183770650864976,250.4785654273481,3.902,40.881
coffee,17.956800700175076,105.19893857552937,13.066756161451401,38.06616804473001,24.807681889571214,55.98471249315635,7.545296188766999,180.37735311555448,0.847,15.204
coffee,8.080814839458236,121.05638500314191,16.18569018748179,27.603428851459913,25.490077175552976,55.471977265127066,6.799356673897418,220.1374321661041,0.885,7.154
mango,13.363175003398,17.803373368218182,24.36172566337812,26.48332904648684,30.86324826930657,58.45985116293123,6.905123693986097,74.25381198701659,7.836,104.719
orange,16.579318886293258,7.361429546418959,19.710641064157915,7.168123978710595,22.731540700639865,91.64186002950463,7.219950496038544,107.5094298184767,11.086,183.801
cotton,2.025505652291697,136.068686403719,42.2284249496749,45.91884790429271,24.556223049400145,74.0132747822698,6.241654209983524,112.87098978928073,1.796,3.637
orange,9.617065342979782,5.154705729827246,25.44056225264386,11.700642266313329,16.284118624809633,100.0,7.205506194612436,51.04208826643193,9.509,91.453
coffee,19.403483819738337,128.85084952534086,17.57638924991376,35.78056657805083,28.770092796532484,55.358817591554775,6.461226790758171,129.15482402777823,0.907,17.603
maize,17.71108559523096,93.92695244348216,62.42540509091208,26.100405843435034,24.55289522861709,47.1422519389768,6.62415441574853,54.03238006365021,3.682,65.218
mango,1.881573665401002,25.379087921984222,29.46215731974623,41.17089188142395,29.79523707423565,54.15531518606281,5.929296598259268,120.5137917268525,7.477,14.068
lentil,9.01495379600927,17.755189921814658,66.81519403681281,21.760597113838028,26.52658199147062,61.403584020750074,6.26570427579572,49.83863172638709,1.015,9.15
coconut,10.060978526175822,15.330078768704333,13.66397602541997,38.033372005104,27.51368073283257,93.15031377411546,5.878832681416648,197.41773886699815,6.421,64.597
sugarcane,19.198529836842617,188.92776585186834,59.169869482476855,69.08930364163793,22.780167671813313,73.34165914264742,6.829139166758884,144.7575672384461,45.226,868.27
wheat,17.709523172441273,102.0761760008549,54.79868481340785,39.985469108558156,17.726555416700418,44.431120456485,7.605472987878951,85.71398298604733,2.916,51.64
cotton,17.163002975577307,122.01567785284139,44.64066858066072,61.31297453951142,28.491393883678295,76.27142079739328,6.283199184085705,72.47347926815485,2.08,35.699
grapes,12.840819292777807,18.776330439476627,113.50203565684998,208.34912820826293,21.51895964301897,82.1892226471449,5.800410827999501,85.75743105003019,9.173,117.791
grapes,0.951088161022792,19.268119107261704,98.3461453679349,139.05128010511135,23.679864262425276,75.88283239297809,5.508221223067689,57.66986016748808,8.976,8.537
lentil,4.971671073213244,19.331826438984752,84.4705633741706,21.297623682372915,31.096556071773833,59.9048670655153,7.618838831009015,45.20008785968212,0.958,4.761
grapes,10.051350255128725,12.511617477104345,129.49276768676373,184.13653852074322,27.21346502315889,75.77272474944013,5.792992989159543,78.71624663535573,9.062,91.085
wheat,13.814729318061596,115.75172011735337,48.194388466337024,60.37663315494391,18.607377836356974,56.92845183077168,6.791175461904756,52.40467045887315,3.294,45.508
wheat,1.5628409624334474,114.16457016845871,37.459571356720716,41.02079386213804,17.029932922656066,55.37023574405911,6.4043862860602,83.73766912100403,3.364,5.257
mango,10.719261698167546,16.496706978205935,23.377697633885603,23.279004272380345,29.686508142745307,43.937453168176766,6.1742574775384185,96.42385223733861,8.249,88.424
mango,0.9044208135584384,22.185897701511795,32.90917769708103,19.814054210823627,27.361959242525412,48.03588887872579,6.396531287373384,62.548674681545975,7.641,6.91
sugarcane,4.145478352833473,109.11964742963227,50.248454270055504,57.03620063565628,28.499691363965805,75.25114162174802,6.687631112806913,176.5603811648045,71.604,296.834
wheat,7.492256581178763,103.89029551683954,48.30039998911956,28.687943547668787,21.8156331892783,58.52021049311507,6.557495180340859,98.58505468256102,2.95,22.103
cotton,5.517986715581452,118.26705679202715,38.20049487344353,70.61084134908506,26.54913336594304,62.67608381665802,7.883067467532184,92.87340187704694,2.006,11.071
watermelon,13.221125023026719,98.5867562236304,23.090221760912033,66.17159585393179,26.26853737492226,90.8237349319138,6.223907706600353,38.646380460565275,15.239,201.476
orange,18.195165516291787,18.393468571203762,22.516549493472816,10.575640411052397,18.55637107166225,82.30688089748894,7.730423489429602,104.42875938806773,10.281,187.063
mango,2.0820804063855527,11.573868827922473,31.961389964726106,39.630312316798594,29.699388032479682,49.71005996900736,6.251662807453894,95.04752862097263,9.258,19.275
sugarcane,11.115337052269282,139.00434673674366,69.41337087876839,58.40081524115384,27.739843620752513,79.88374253945783,6.913408174238593,158.7375470202167,68.841,765.194
rice,11.791654044474432,73.12464233785879,59.50673460695993,40.23506157610954,22.97291331694138,73.05828046052861,6.946231212414393,197.92298494178993,3.958,46.677
sugarcane,3.1633720971016746,150.78678137461733,42.209552616566384,47.28855478900679,28.36617569336676,73.37867690099705,6.176390087374779,183.65555202074947,66.272,209.643
mango,4.242820602800405,18.83461736390449,33.46184629455004,20.29578169716523,31.969531550907107,58.26938618230787,6.372083682649248,65.37446719188758,7.503,31.835
sugarcane,12.51949435552326,147.19026622376498,62.62463227336137,54.92197547138945,28.56872108248861,76.27125653760378,5.7352200846340535,158.50017718961266,58.694,734.818
rice,4.588771775146369,89.98184892833618,45.2407756208791,49.130976837875366,29.712263836186306,86.84814407687169,5.971886663275054,218.41274246853598,3.703,16.994
cotton,6.497449137118241,110.11849031053792,34.97511151524545,48.38186893350475,27.415089474086308,76.94579604990065,6.892544746592532,78.50620301558668,1.826,11.861
coconut,13.242690139266342,23.111128656071795,18.853521509846857,22.9853012080541,27.181590204386012,95.10200054908584,5.752746422333958,146.61535432157035,5.99,79.319
cotton,1.101316767591947,127.5276776282266,51.55133279915672,60.11685212028378,33.000129154848075,79.36840817745598,6.817099243834162,94.06143007651826,2.159,2.378
kidneybeans,7.5957906679022456,20.907247313345056,70.59142133264544,10.631736093123937,19.377657069635486,19.010691016595803,5.542284703496948,118.17001158810251,1.393,10.579
chickpea,19.880833265081325,39.46450481609287,68.34347420946835,76.4925895965615,19.478609020963223,17.062237138847703,6.656583229433313,58.37610061128387,1.349,26.813
cotton,11.347516348013073,120.63488279334109,45.9845798339451,60.72059507089073,25.07549806341422,78.11699753361519,6.463742810296263,74.93246161600646,2.222,25.216
banana,13.764715554776318,110.28584217316379,92.00684725159215,193.68006047606872,27.87696806496423,78.19666671777004,6.157675073956021,163.10335313964927,29.685,408.605
sugarcane,18.111389167265383,128.00344431812061,36.65845546633194,69.64916887854248,28.230991451114814,62.39378486077932,6.9807390408315095,169.879471372913,61.406,1112.151
banana,4.485101188336034,108.76572751149914,70.49545821886545,179.89481500014548,26.966266340006566,77.95569605224985,6.332188587959604,145.60856811036624,29.503,132.325
rice,19.87092690431136,75.36359733671736,40.957191956823145,45.51578851526213,26.6333317405267,66.2697930044572,6.301697174511272,150.21628672697676,3.305,65.678
lentil,10.457379089336486,18.032136243892435,58.45026810497019,19.27163249859876,21.50624171470032,62.20368442238019,7.054977594919289,39.28040836000551,1.027,10.745
coffee,6.302484595124418,92.61946506815163,13.194181100434736,35.728652215685614,22.757306038560866,64.14825670552919,6.3619238565087635,143.05745242483934,1.042,6.565
banana,1.5279175898363633,77.96978224949822,81.10128375856907,202.88683480080897,26.25349252245281,86.17334548640706,5.954599299147082,144.11653249150777,32.497,49.653
sugarcane,19.082480158536033,149.6628200895928,39.99134400863359,61.32818393121413,27.138688433706168,79.729797700911,6.780701214145865,222.50995416879977,69.229,1321.054
grapes,9.399133633154237,13.490346316413646,135.21557840218776,200.07504533981214,23.73000219520604,93.23567942494012,6.391376891026793,81.87990017695412,8.738,82.131
coconut,10.217351598923536,21.577706777225487,15.847999033563797,28.830276053055034,23.917960207194714,90.80114616995608,5.981156389678843,155.0075168060514,5.812,59.387
rice,6.4340405244341765,55.38452652743568,40.63545088362423,48.8388044414578,27.402560291853586,85.15110314173648,6.252647217294792,277.95594104568124,3.115,20.044
coffee,9.358780287370548,78.48738786215415,13.59086373513794,27.742452886837945,24.667897641743355,63.09408195863715,7.58644552502047,127.84329620601117,0.929,8.695
lentil,16.135419346010387,15.077228257445242,60.275214435709515,20.134486236527923,25.241717095402443,68.9080445444261,7.2311109380472365,36.2090718054914,0.912,14.715
chickpea,1.9829070882722213,26.953688997498723,72.03597415971645,89.89268633420295,21.808516200434163,13.966528093962388,7.507446068638431,53.36514362051971,1.416,2.808
watermelon,10.224948198920028,101.01349354846539,12.790454645271865,43.290065236296826,25.528081530827187,77.81228314727825,6.406705138181085,50.57008381955862,18.951,193.773
orange,13.103163089246177,1.388899817761306,22.440097915017255,12.461047804421058,26.804304382486148,100.0,7.37430838386368,94.31487416570378,12.085,158.35
kidneybeans,6.060557370537689,26.25872270311566,56.44883167755124,18.47854862960387,22.043541123646925,14.14207787518092,5.679057909326322,117.56892613451932,1.212,7.345
coffee,17.688540108286585,90.8976732143123,32.39616892559405,33.24586123736503,21.544463988209344,57.048739039340056,6.999971058673073,147.88877447029557,1.102,19.498
coffee,17.425553069649506,100.79139305895133,11.694839385987587,21.976564361707858,21.27846995022499,50.113142790950135,6.6332402244621935,140.92547462274217,1.024,17.843
sugarcane,5.804690073005498,123.86070627121128,72.89809902248606,38.05539953731731,27.26537852352281,76.33050134345886,7.063209013271035,168.0470730646355,76.571,444.47
orange,15.314875953147094,23.163661072494584,18.01226228884199,9.749174279265034,19.303810042827013,93.00960976764134,7.067943675167297,121.87229596883947,11.731,179.664
chickpea,14.789444400523347,37.057369220786256,58.82229872469827,93.57982778451827,21.936101405383642,17.36532927987889,7.607747889239838,47.675174964642764,1.454,21.511
watermelon,13.628656085454978,84.14076885395203,15.347608426172705,45.3283258029356,33.98651573997051,81.53761351147115,6.429789854957473,27.55595631765128,16.53,225.275
chickpea,7.256853584881891,37.39898200444521,64.83730336730203,78.61252652498271,19.693655825896975,13.900759025520241,7.3384539894983,87.9622103989344,1.622,11.771
maize,4.714082607264137,78.5946000336824,55.0663728594504,17.873747795754735,22.55832857062957,49.84490329553883,6.33648019271131,62.20170146281176,4.104,19.346
mango,12.508052501446063,20.97667221415042,26.06113739245809,33.99315975087924,36.338590613003184,52.021784351540596,5.110606659697609,105.80146379936335,6.998,87.528
grapes,9.82154402363585,20.62499584950728,151.69407336318727,181.03642575717214,20.393136921925723,85.41035671076584,5.607846457392321,58.337305862618265,7.626,74.897
wheat,16.8337251696166,88.44914935552558,50.607212631524305,30.391199225247263,19.215931802208427,61.44098817128278,7.01813815678333,85.10378945836665,2.526,42.527
rice,0.9593859905823217,80.10504737977999,41.33406400783269,35.87229095622269,25.713166224471482,86.91752475623629,5.926176760835965,225.06317108704513,3.718,3.567
orange,19.866713280614427,24.052509366807968,23.920068591414285,14.272119960628272,20.32870501826777,93.16076223949885,6.617425739788561,142.2482035190567,9.973,198.131
sugarcane,16.66563298077379,163.6843350674457,54.6118470612636,55.161563414392404,33.15218595488899,73.10569879594516,6.977491508192903,187.88601819608516,70.556,1175.858
sugarcane,7.323460071381331,141.29176455477293,65.67009394952703,67.07308788542339,32.475979992245826,70.27839181689299,6.840323754949342,146.92102144463584,65.656,480.831
mango,14.228257818777905,17.96685415940707,17.630802608979003,27.130626361707183,30.833652099355113,53.656674855746076,5.525467392975675,105.22096544851965,8.661,123.237
mango,16.841668434751284,21.020324969478885,16.428069940750692,16.762986518459122,27.536213023632488,40.87201885587773,5.862454661231799,108.06080354013861,8.393,141.348
kidneybeans,12.236630700868648,31.437958386701,51.439966505347584,26.16577354992157,21.06374920762257,19.874167691915186,5.790132834075302,94.27082534095672,1.333,16.308
coffee,18.360088989479333,118.5253444090423,8.634030066397802,25.542335853592572,20.50191141411474,53.15670379444719,6.628756827453179,173.01232701457698,0.838,15.387
cotton,0.6736914495546648,117.73868440687116,51.91287802330285,60.783762468555224,27.722533532979945,74.1921488988403,7.440953239691867,108.00592214191383,1.971,1.328
kidneybeans,15.904840458512657,24.17689516246188,58.27378519077167,23.01837741077804,16.955188414610056,26.336076375840808,6.097805450731159,62.221492571941546,1.106,17.596
wheat,3.7139446122867317,106.31863432961873,39.51584858375828,34.12159004665314,23.377583284124636,58.778715930055846,7.156099698800226,76.47587624961481,2.868,10.652
chickpea,17.23968585770382,23.309066580096257,61.49128020634673,75.45170043795675,18.515696024494055,19.853969715709063,6.583967921017075,44.762864216549346,1.294,22.304
rice,18.43320067710859,90.41999380796278,49.93567341812829,53.294654393145485,21.752749934569653,81.06172973332954,5.858861234999702,152.1568187587047,3.205,59.082
cotton,7.400985242367189,116.57079113242953,38.58527429745062,50.41060699842794,31.71357485015772,64.22266661793144,6.599550995977536,142.97018637195745,1.914,14.166
rice,14.523941293119716,98.16605589595682,59.8033349444649,44.544565306161715,26.776405243669398,80.550131156443,6.202529595926682,247.9180863659261,3.746,54.405
banana,13.350852386324485,137.46731459700334,76.83121180355207,200.89295229857882,26.831664658812304,80.86926997001355,5.516878840528151,211.03252918654556,29.765,397.393
sugarcane,2.200719759451258,152.6997953232075,55.207527398605144,63.606090000574085,29.084747321138842,74.35441412196408,6.257904957441435,202.27786794065003,65.694,144.574
orange,8.191215990618728,17.570865682114363,25.099051951052505,15.377610383166974,20.901362199185993,91.66768804493948,7.3087360977169125,142.06569986873325,10.375,84.985
kidneybeans,16.61173313430506,9.37169352881188,54.423073233158426,12.29530348724007,19.014109066472024,17.239610651471896,6.095406757748733,114.2759760511892,1.164,19.334
banana,17.82423541877366,109.34503817605699,62.18712276046941,203.3146342512118,24.575578129969895,86.25255521362982,6.061993827738058,140.798079130989,26.961,480.566
wheat,9.786511157861634,112.03956563245437,20.52586934012325,39.41773395339459,17.58803012533417,53.88627829209489,6.449229220596622,93.12245677092598,2.843,27.819
sugarcane,3.1349293425406657,102.59851477845577,42.57266723766065,56.09845838888259,32.12650041553043,78.69089943901066,6.551950016556175,152.27075502154196,56.005,175.571
coffee,13.095778554018647,110.39996948862427,12.522141797175902,36.793073867669726,24.202935386922956,60.973107915895355,6.369824862240402,126.36889929161194,0.868,11.37
mango,4.566128175277397,16.498190828919547,28.16231891987758,26.806886756175413,26.471049778734933,53.5223684379865,5.760794918699276,74.17422089904467,6.317,28.844
chickpea,14.428387644470048,36.9549456122541,69.30658985328384,99.87759237256293,21.93777790976138,23.166087935645404,7.561464675017229,70.50280578415598,1.74,25.113
mango,19.86797256337968,15.623948614485968,29.352533308285107,22.44390746766454,22.941472491282706,51.57864462989495,6.358003053240093,91.77670447646076,8.157,162.071
sugarcane,14.982425554125419,124.3489023367089,55.890257947882084,75.45506965670553,25.63618744254319,79.13559875738551,6.399964300634652,258.2148489874579,61.061,914.846
wheat,18.264634697481615,91.14879561614009,47.022530758905006,49.722927762552146,17.78253724442615,69.86332941126891,6.57170659804611,79.34463570262525,2.857,52.18
maize,1.4860417025450061,63.73347275401581,51.72503089873833,32.92590644124366,22.74957787528032,68.12703729930504,7.242275935496844,111.56533047522184,3.396,5.047
coffee,7.561088678160961,103.51897576282133,19.969793075426978,23.0564806095434,25.413650721715918,56.482527889677826,5.800628557079787,174.8173328613579,1.086,8.209
banana,13.94332967451686,95.5692637676229,76.15678147905278,214.88858268545627,25.77329347712026,82.80663836924876,5.920237875983545,165.3414980114106,24.402,340.246
grapes,3.755336217933752,23.700084936526338,115.60744915900241,183.6595630506704,24.978643887349875,89.47435185129852,5.82224924820176,51.471945162206254,7.998,30.034
cotton,11.442769627598224,132.77375781516386,56.06543752448524,64.72912771717253,27.541212433751486,80.75717498120703,6.691104793365876,134.71762675892194,1.874,21.442
cotton,12.472613393969468,103.77828961981811,31.61842245321558,55.77691316977235,29.18406106336644,82.63158746930677,6.142406567534626,58.49236994854465,1.781,22.212
watermelon,11.364006118700189,101.016001129582,14.750817716498679,61.179771248569864,24.29667169269715,85.66424362339012,6.059929025230361,51.23029286445366,16.44,186.823
wheat,18.45471880378146,96.97568052663573,47.501876714861965,40.417905464136595,13.446026679758475,48.39637529921911,6.696030380498135,52.1131415045886,3.052,56.327
coconut,18.63810699287871,27.10372330895998,12.081799424836746,33.51234639628916,26.251602064974627,91.88144693781555,6.311398287412645,166.07649564122514,5.826,108.591
rice,0.9112024814828554,74.75222125067086,38.04141083864468,33.542541080267696,22.248960546824524,84.20108657095645,6.108665474691971,237.25600790720077,3.763,3.429
maize,12.94332465726879,93.84189247934626,43.22717234129898,27.481887488232093,25.774248774426944,51.70268501020267,6.256998400308149,85.69629198320524,3.889,50.333
watermelon,2.293920059104372,99.48577781004475,21.642949614821088,47.58283917250179,29.783656091626977,87.35484089391366,6.266053663710037,52.429795222904005,16.89,38.744
grapes,1.4988766785655248,24.383765447918694,137.30007983481528,178.65185859807053,25.125930751880077,74.2402876599656,5.856588395308729,69.31422827982081,8.398,12.588
coconut,15.384752465306995,27.290542722180305,26.03222538545605,40.21503466541452,27.0191028521072,91.30241767367255,6.100283184089746,219.9632854563809,6.472,99.57
banana,12.820921764252164,97.26860677379304,97.78997944310856,186.43884330194481,24.627510313153174,75.76046300452883,5.840061901356888,197.7954050941776,26.597,341.003
coffee,14.910473135621295,103.14916942911036,18.266216475631627,31.950297549861812,23.131826049175782,59.70321330903925,6.397803544737643,93.11411226527062,1.099,16.394
coconut,11.051988672051893,24.29020911716726,21.428367569278286,21.378256870596815,24.87916559674354,93.56916225460662,5.533472562549717,132.91911741315408,5.799,64.094
maize,14.582813410622979,98.55121445548613,39.40081933888429,12.536931372208993,26.557611321543966,68.44633277047083,5.985158800562148,112.81601649014945,4.38,63.869
mango,5.42516862353022,20.62554851711204,20.572949473566716,38.80644152487955,29.521294098625315,62.019514799658666,6.096432920394429,96.72760097134653,7.78,42.206
coffee,10.517605142876437,86.13693498170323,22.222845895808145,27.829286352458126,25.087801474611016,57.870173842297916,6.834581560169958,137.65974756059552,0.976,10.262
coconut,17.316157266123636,10.929059139704533,16.66755191238512,32.14239146215711,26.41050051953218,96.6525453587307,5.619456269248688,128.4141463180432,5.493,95.123
orange,6.646636917166344,17.049655250831822,12.460209543987727,1.146986437306282,22.249170284198904,91.1673823050007,7.207715712437262,110.3268175111238,12.134,80.653
cotton,4.111972283083734,87.48950631878435,41.81071896981459,63.51807347179202,26.5436969395516,71.32686640964234,7.011263657542205,64.95525134409746,1.937,7.967
maize,17.227612756492263,120.43926336680309,26.404559023560516,12.697737799820345,22.578618689338533,73.93995571211364,6.256169119886661,53.30432910871872,3.519,60.628
chickpea,19.763608338136716,44.82140237690264,51.50595661751866,100.86496583473247,22.296036864611548,17.9007381254049,7.558653382479371,47.16429853074219,1.243,24.561
wheat,16.428926848077303,91.61141481371159,61.99206267408414,33.19446249836136,20.682907251469334,68.9582075372572,6.8146923937486195,70.47033827953949,2.932,48.177
lentil,12.211060459195165,13.005773250973757,63.704355411307255,18.575084646346433,22.444142414668796,56.658989707719705,6.709379821983481,42.053682446544116,1.151,14.053
lentil,16.825115409539052,13.557014336016472,62.81263272176044,12.72705258262938,21.53140972571201,66.03299383584127,7.155785547402371,35.32599416372655,1.076,18.102
coconut,12.128747976975806,23.16552838240189,14.352552247341379,40.66211875320368,30.245889087348907,89.63947904455647,5.83027049584881,204.67877013857625,6.116,74.178
coconut,4.878038510975502,19.38174930375571,10.380866977387829,31.676394552411566,28.803664742072538,96.92696139445678,5.980402655687107,157.2493898370872,6.198,30.235
wheat,14.680906945566507,105.74324429055314,36.73085829007742,44.01671224556759,16.780703394185704,51.197086878303246,7.0037383867446374,87.47022659256183,3.284,48.206
coconut,18.80571470451728,32.138674475462935,25.30733918334594,33.249645556512256,29.046805534051884,94.78391748292536,5.77179409797962,161.65640064506007,6.445,121.196
coffee,16.551422358047123,98.06559749011618,14.715768283281545,25.507455693266582,24.070308688956665,57.09341367374339,7.0206685194616085,149.6767739940041,1.11,18.374
kidneybeans,16.61871560610866,15.90057998424204,51.057582597561364,21.088932917933427,21.671666380950004,21.805054710754117,5.70766545441092,79.20720495425253,1.339,22.258
maize,13.672886868105802,68.13194016475248,45.87030196741338,26.68052392122473,20.705245163427467,66.7670358719736,6.3378227640057245,139.83082423761692,3.769,51.538
grapes,9.556176818902163,23.840485008016753,111.25863123833143,204.2180043091366,28.36310875423984,86.72941807401409,5.553018624148722,67.32947346129095,8.946,85.489
mango,1.2043106254258626,29.323193317024028,27.362184393909136,19.58014788476777,25.172455695480803,63.086294999856506,6.2038623473800065,100.16130828660744,7.847,9.45
rice,7.855901828741168,99.72534113373796,49.6760442463314,43.08026512256281,28.890095296333588,78.2008188174305,6.627337190780573,256.05210380634924,3.602,28.293
coffee,0.9580145993037381,102.86527379668132,9.536069390772175,30.181160958604366,26.5253059711955,65.55238827746723,6.609200710562669,226.87254306674953,0.928,0.889
coconut,17.952006534571183,19.771046826970757,18.081997162462343,22.989909682039777,25.51489443985217,90.0999386041924,5.943646894050066,174.2508302778775,5.821,104.507
wheat,1.2627128336399351,78.62938130387894,50.74653574878649,44.275975959084136,19.456256757852277,50.20854999173263,7.1967727854084975,55.05008101508112,2.705,3.416
cotton,9.217253488390048,114.76994657924826,41.25806265561912,60.17790475223607,22.697576012021766,82.13582224980186,7.124709752198021,120.00588945235943,1.846,17.011
lentil,9.794401505275157,24.402493217579256,54.96317713588492,13.848838349764598,19.022220443119835,64.3073468367703,6.90696484962276,45.18647816520161,0.875,8.57
coffee,2.120993062697879,96.2610778789228,22.97071531773461,33.604619410550725,23.94896874642937,62.14175891666418,7.143669175466101,170.0461779329683,1.034,2.193
lentil,7.470517987702645,19.685345841989264,62.77574020970313,7.1715040360762465,26.988483917804913,73.40747511288092,6.691286653301432,48.293100544827375,1.067,7.968
banana,8.561600991601438,97.88159738658568,80.4823020165745,215.56134034582115,26.54084150437971,84.57471489373793,5.9314346229082755,160.64015645935976,28.792,246.509
coconut,18.731087363589996,21.227439980620815,16.20365381804659,38.49518441184072,26.790861019045458,96.89731120390906,6.013797319961072,141.63562079338354,5.896,110.444
chickpea,1.3302886921914536,32.151388069456814,59.508289464053334,73.7115043881671,17.498483019388125,14.226398742546246,6.774599220268294,54.4697950751036,1.573,2.093
sugarcane,18.357073145363437,133.0019420871651,53.518428653321294,83.96940176533779,24.048734929061094,82.5801752667602,6.727242114835983,226.19435257236228,64.32,1180.726
lentil,17.371005913766048,19.300774379125766,72.97777988920106,8.90094351885012,20.15660394650171,73.17930511935673,6.410258713104746,44.82361001035317,0.906,15.746
maize,6.864388666212208,77.68563746565465,40.55880165886681,15.696264822078588,19.96791793147376,58.13788348317502,5.9421206232904185,104.66460289939613,3.889,26.693
rice,10.643566773900362,83.49459105580267,45.77614214098284,44.834463903736726,21.624440373354574,84.3811221357793,5.903113847909738,214.26664391777686,4.089,43.518
orange,2.7093079844852657,16.90385687543298,23.418265138205218,14.604962811836817,25.842230562553524,100.0,6.79652284770778,119.30954775259717,10.824,29.325
kidneybeans,15.695545141584889,19.033988650476807,51.018644757680384,16.80706598414427,19.75489179139617,21.682013317224907,5.635072190272756,79.31227028329752,1.394,21.878
coconut,8.237054240148748,6.8764624147315025,16.007845690381142,31.052982297574744,26.517916740813,91.8440674064512,5.50360950915579,234.78473119011534,5.774,47.562
watermelon,13.248190915778295,108.32111062890736,15.767609770554069,57.1743008218156,26.849748891772215,90.7461665654933,7.152031537518678,76.36831968802915,16.319,216.194
maize,18.748158472896094,94.7362765464018,45.53920264173486,31.766569313118403,22.975285372638073,65.44313013072956,6.214771397416198,49.418295288489794,3.749,70.288
rice,6.666094362407548,79.64284856467478,39.87073478552114,51.03377001939039,29.921429663226554,81.40482327947463,6.668424609064741,286.02506511613336,3.373,22.486
sugarcane,6.823813422089867,144.66193477382566,52.93265113310109,73.72199801115335,22.052710717563684,65.92925908887273,5.50136008197478,216.24931514730193,57.123,389.798
coffee,5.028423287317588,96.20136913076179,9.463368983682022,41.75714966658816,25.451464429996438,64.10380643950661,7.195367201411672,201.69626545898942,0.898,4.517
watermelon,11.386184869688993,96.82128923325506,15.560484357927326,69.80141908291219,21.12084649508956,87.46837185971444,6.813809433914945,40.904817105325534,16.704,190.192
kidneybeans,12.763821765727014,9.620604183235528,59.45872261104602,20.442253742313557,19.554582727195484,13.336588168296917,5.706386555557637,112.36207143129229,1.238,15.801
lentil,14.96606153227268,19.595889193771793,75.28378953479341,19.422133059858744,23.870471910136665,57.480488872645566,6.726635842993696,34.99805455761094,1.122,16.788
coconut,1.1047045113521956,28.124971854463453,25.186638122603128,37.72397054911998,26.206883823883135,91.09498166019648,6.069996343789402,157.21936875675425,5.99,6.617
cotton,16.8006019902441,105.33536809446866,56.116062385825316,47.90777362787702,26.17155582369492,71.72645325998683,7.182512134012518,67.96339317607243,2.114,35.516
orange,17.072178376299274,24.15942042877322,18.899343120585048,16.106656976500688,21.489195317954955,93.60758829612509,7.049489524782863,111.23379268068147,12.157,207.549
cotton,4.664848059964017,118.32601517999495,38.33934536003386,55.71610872650368,24.191108500267397,63.62641852901376,5.994954702509779,88.3451462700194,1.541,7.19
lentil,9.409857099056422,19.24788977937329,72.4924626362146,16.9792502758703,19.86008603015707,75.57022944990317,7.289392917468423,27.994932984135833,0.987,9.289
grapes,8.045465942430571,11.78624374822995,145.3159678494187,185.47343103173574,25.605502327499824,65.9143939787225,5.88940124662777,87.3995290110407,8.101,65.172
mango,3.006755153506308,19.061990029936403,26.077309933611946,27.4411082654589,32.36741104035309,50.2849033524159,5.7497381360176165,96.2835956058799,7.373,22.17
watermelon,12.507898430110435,100.1889314276253,16.658819432906615,50.30004560866022,25.424696516758505,84.84166501445412,6.917662685159619,59.92796059714538,19.745,246.973
lentil,15.88973755112427,22.802416258596956,68.43046443040019,24.05267383826025,27.85239441403595,65.239176044731,6.756200863080193,49.5262067840594,1.085,17.244
grapes,4.2615249362395,22.45390768085811,138.31991354978868,219.59158515636406,22.114280566735637,79.85202636214876,5.55022626330672,54.54273101655209,8.942,38.108
orange,18.407419119352486,33.43926569798024,18.878019024491763,11.68226961030625,18.23777951781958,96.46190632721179,6.821686330232911,91.35292921563189,10.467,192.663
sugarcane,5.643257881739969,136.76753422613723,58.70310793757705,64.50612524541724,30.221498534285605,61.64522796235361,6.049110651460002,196.64660168863156,63.083,355.991
maize,11.604156781278906,71.41747151721349,41.928190744422956,28.40815445981798,28.306762924481777,53.3609794933854,6.3213564461664795,79.9348214311818,3.806,44.17
banana,15.632018692398306,124.72754062808352,58.05648881788716,217.73411767163333,29.48289259346603,81.47302291501433,6.591302475389399,188.15546941225668,29.035,453.872
mango,8.593719222610297,37.10353539921348,22.401133213601764,38.057575311042065,27.14699797623789,56.18419398610313,6.278001597386572,69.7065470662047,7.282,62.581
sugarcane,5.569429271677371,134.17803376185313,58.908964318681996,78.31254199778729,28.22284943278571,73.11386942724921,7.277199407196118,219.8940492675372,67.166,374.079
lentil,3.31746344407094,13.234848302201911,58.27877625493906,20.60335900202809,25.49355502040726,63.963437791170655,6.894074590257629,36.357471263260145,1.094,3.63
banana,11.380706682763563,91.30760169065961,63.72845897766179,179.49559946469145,25.53122131883467,81.72628513389272,5.694278308394407,104.26483372294518,29.479,335.493
banana,13.582692141772108,94.72977013798845,64.4264536839686,242.80227317235682,25.662726027372198,84.9568339045102,5.546084902443793,172.4801514296126,30.663,416.483
maize,18.551004348546364,112.0805660035085,50.65387066862648,23.040848113499887,22.15878246174988,73.25564462225447,6.543373553717443,126.07229231286554,3.637,67.471
orange,14.29204929401318,17.78953185420675,10.336729092581908,15.494793502978686,22.595388025787244,95.45313284921743,7.354743861604122,86.34725477121026,10.701,152.935
wheat,2.0175238800282944,105.09808853246697,57.15317490179348,33.603890519211,15.684314469824312,45.949218831530914,7.463298116232616,65.50088401892967,2.865,5.78
mango,13.736734690067724,35.19794511956482,24.10634141542871,29.653189194230478,28.199316037472215,51.853469710760855,6.552940006408866,97.87138631942729,7.528,103.412
grapes,13.59699710000788,31.21034890225452,116.67908017006911,173.91505010688599,20.19249530259511,82.39279827608406,6.147610729059813,59.39369362932852,8.239,112.019
lentil,19.81370832308671,26.62799249767309,71.33438512096184,17.211714362554975,25.28374849091919,61.560415941010085,6.47377840043312,59.63688408311611,1.032,20.448
rice,10.227258369014612,84.8710506183438,50.60905359684084,43.27370727376128,28.437848504180508,84.34756093140477,5.889906117466366,243.77208725895056,3.582,36.633
lentil,2.210382920489138,21.115817485033475,67.70304533061677,28.503090014844375,25.342181086500172,62.48804549278014,6.955173362944397,43.79377851730302,0.969,2.142
lentil,18.714798820125516,24.01709014667102,81.10167687195248,10.042443098441016,25.746388483596206,71.87146777192547,6.415325947220403,39.33893826669715,0.957,17.901
wheat,5.163430988810874,107.47524802731591,62.184899218032264,36.75931865764899,19.618070752939044,51.6746095060984,7.088797339474327,96.9005937282443,2.867,14.806
orange,0.6676459490060827,20.85577909848955,19.614257139771244,6.032130582402035,21.30051942559627,89.10241555905723,7.411848820190801,61.858284379587204,10.94,7.304
mango,14.689107146445883,13.167202198665768,19.692471320422285,26.1482293429985,34.495883084220324,44.85341714523308,5.116331527039459,104.13665716388371,6.75,99.145
rice,18.931307587537802,83.89559194991703,55.104306473012706,35.45348612491928,23.170672356038068,88.22726937341547,6.266486557815254,210.12005037831136,4.185,79.23
maize,11.53457231230941,34.34353759785536,45.40588301524223,12.362802643968003,28.49642713583816,70.42048869804809,6.455203955932309,59.92222007149968,3.878,44.726
kidneybeans,0.8618203239825186,21.211400529540427,58.74061751771795,27.438574703981757,18.408643619603446,20.476018674402663,5.566688161950708,60.06578625317608,1.332,1.148
coconut,13.788291421816687,19.709725418274683,12.979130948967157,42.00890641455202,25.468446856298463,91.20331287596535,5.5442839281763705,131.54050829751867,6.484,89.404
maize,7.675286698534221,66.47486519659094,50.29976115023474,25.43465545233151,24.037367636638827,84.11857489483356,5.9320950279378915,101.12355355164246,4.068,31.226
coconut,1.174751820193523,22.266456177399327,12.630495013402506,36.73102327298675,26.905986194652918,93.06212397517017,5.639436652793882,212.92117885532267,6.475,7.606
mango,3.2913662793113,10.869992432657932,15.83375413765978,25.248861995901017,38.39075268653795,56.2031036241993,6.556841617462801,110.21041346309235,7.397,24.345
orange,11.095464347921899,19.78736985213429,19.72885092787661,8.121001054140985,20.49068176612131,89.74674660333712,8.017424240418741,103.22273202049342,11.849,131.468
rice,7.346980111089154,76.83675568231263,55.84834905187974,55.10208708173576,23.756507529510923,80.9761181354775,5.865253697086143,245.3282559954449,4.03,29.607
coffee,12.54111263982575,97.37285689113587,15.303220265932406,23.52988458058078,29.372271212744625,59.03067918637456,7.046017027828208,170.89981923837482,1.18,14.798
orange,8.332604115395627,15.036303438793944,14.951343368349127,8.69858481203896,23.064161248108224,95.15343971292226,6.140867407165198,116.39929547055385,11.325,94.363
coffee,16.944570133546538,114.46084195534085,18.49191716108637,31.873140869449422,22.92387412398368,53.92082874213069,5.985121481798634,157.5332916036823,1.062,17.994
kidneybeans,10.463485072815546,19.54861692214809,48.419200368898785,15.822467330552474,15.591435436218926,23.873796577703246,6.083484331445748,109.73146839052924,1.423,14.885
chickpea,10.38383445135054,49.83655790143755,64.4735476916169,86.77968012372408,22.036116926183816,24.984100337553233,7.317470166167269,61.06084668580374,1.599,16.608
watermelon,15.171984072952963,94.11886580510196,14.846959725399303,36.18191855007137,25.301676797376924,85.40198127879839,6.25516041615088,22.982266475942758,16.985,257.694
banana,13.873592434785902,113.49862523716055,68.19113570992843,214.2319533898209,26.903705280009593,84.00198502388207,5.935888728508607,140.34040277284936,30.902,428.723
orange,6.656984852280664,5.826231665413713,21.691667216658903,6.672321995241754,22.22039289809434,96.97881183511895,6.6787400096601,85.9996840358859,10.453,69.587
banana,7.734174192278301,122.29799648883898,94.03906529534892,201.0607748645785,26.295344293326803,80.92550123922022,5.928534069251221,107.78688552675077,30.892,238.926
coconut,15.506750031476221,22.610969279510734,18.20449358078786,32.38447045557164,27.131352639541173,90.03508845593187,6.676094825556308,189.54308919105145,6.012,93.23
cotton,15.707817175580113,122.51512574901028,30.289448532297982,58.103788205661004,30.26088811049525,70.47188831801842,6.923924714476471,96.42823433368494,2.082,32.696
chickpea,18.15884514104535,48.540274000862766,85.34675897138318,80.53742561607626,20.497920030822304,11.347358556507562,7.657622610352935,81.9358725428645,1.37,24.879
lentil,4.8419469445455885,28.843482977178212,72.39627480503026,16.66943617053159,24.20464836433212,59.52028465214457,6.681234393416571,45.87954952231778,1.004,4.862
chickpea,18.756710169643423,40.15716578457424,86.95244908959441,90.22062493065567,24.307830311620616,10.100230359417392,6.813042963950126,74.25612852674024,1.458,27.338
watermelon,6.507963101048003,96.38448460376505,17.14342767883445,48.69015995802167,25.458405381752424,83.45437273808362,6.363188769232386,32.522749661596634,18.541,120.661
watermelon,3.0080992425475888,92.9550145292093,12.31498182640955,44.33761877522917,21.879514149040954,91.73284223279941,6.516771444581135,72.03411710340008,16.74,50.356
maize,9.256824796383418,80.56443864256364,69.63983565744371,18.160554663796475,22.237700735467698,66.68497588719144,5.585895279109739,121.27023304446314,3.987,36.907
kidneybeans,5.82536843005066,17.714255131955657,70.20195621665977,17.30385020785292,20.003370539620487,27.914060016928584,5.6115793872935225,94.05005580276487,1.485,8.648
cotton,18.073165370381044,130.41595459896442,39.223234502367525,46.32137189600423,26.796459127323892,66.19976130067114,6.9742631691969486,64.34340268976459,1.954,35.321
coconut,3.034086925135799,20.851380324639408,25.88902905557397,37.782224419693975,28.413128596677716,96.76013446852873,5.736291699891894,211.30276111603084,6.161,18.692
coconut,5.314662740511449,29.364584112510123,21.12039310607495,39.64391366198162,27.93025102076269,95.00532002321226,5.9149144602203,220.9654769935657,5.792,30.781
wheat,16.294644650749795,94.87712773602259,53.56346266151536,47.26867960841554,15.396896376838724,46.19037409739071,6.6864254023877345,59.55384444935267,3.232,52.665
banana,3.9281673132641823,102.85784746358296,87.682928546348,217.82830766492862,30.2380347012311,80.07475740472694,5.93891415597659,185.66669584516586,26.959,105.9
wheat,3.537779028630416,113.7941653905597,61.59553108318542,44.8265710443943,15.232122896406786,52.27137395590254,5.729169527727471,72.6706468726681,2.995,10.595
orange,11.900242324153998,27.371348666035967,18.053240542225,13.57461994169184,26.147375930389973,88.31158775091946,7.573994226251999,109.07652192623286,10.032,119.386
mango,7.066723127582437,32.48287664912219,33.16437359700631,39.04427756128264,31.878367494002024,52.12468672916887,6.034609160264122,72.13683467627817,8.207,57.997
maize,1.6851238858363584,75.2638103118353,58.54594437648576,27.296893645880107,19.54235439242994,60.8156426499788,6.276424644851506,70.73059315862703,4.015,6.766
coconut,10.803406759332656,22.76837100102276,9.656431450191317,29.636784895419854,27.74804909841667,98.95962647025252,5.573278737869053,193.70361317864996,5.594,60.439
kidneybeans,2.9798234462704647,13.028346306199062,60.08665648383398,19.417725106422,19.824368697486232,29.890308043447618,5.683331373727197,55.00541705308615,1.186,3.533
banana,11.65393190057444,74.52982339406448,80.84480820469902,180.81982841429172,23.648136170776887,80.19931965339985,5.980400789070762,202.11440713092722,29.284,341.276
coconut,16.839138953339425,18.357542118870594,22.29299959363229,27.014939219154563,28.065235648603675,91.179914544541,5.841855982390753,136.05165436023503,6.848,115.307
cotton,9.1184061934761,129.85659134641443,53.24452062331419,49.28463327622766,21.00721047724904,59.21614225674007,7.004553970338793,115.80378775744843,1.647,15.022
watermelon,16.227328324317995,91.73797407379772,18.45866941575545,35.78942240206932,30.037543173390493,83.04294210736427,6.761074665192203,47.264220257239714,17.382,282.071
kidneybeans,13.049748009574923,21.38997745815545,79.72687005723117,21.404790330747527,19.890435962381535,26.824815837049506,5.962150393458337,93.2790186652662,1.309,17.079
watermelon,10.157736538188974,101.13607899663226,17.888209537899108,57.88762533009303,24.079578959207055,87.21379698142279,6.586531084743029,55.50704007741133,16.143,163.973
maize,1.322773772307764,104.29127026321467,32.607893824854834,11.913344110216443,29.94648015709742,67.86453499561448,6.196247775460616,132.67706904816026,3.196,4.228
mango,15.389466834482468,17.796650906125134,28.492381444298125,25.477767862154483,28.533767391102256,34.945609729378965,5.979866974376236,97.21729555994084,7.868,121.08
grapes,16.830811260855487,18.08221814102617,113.48480780356228,177.83155388323064,22.701804302186638,77.69864513757565,6.226381986587724,65.69872131229192,8.934,150.364
cotton,1.8137694250028524,107.10060989439067,44.26831075507742,60.73098868922229,27.044537131489403,68.36435235604547,6.785045534821033,108.83650636032195,2.066,3.746
maize,16.189741644736564,78.17001482342678,41.389224681805715,9.8696374630905,15.923991616308655,60.59220673544418,6.256990847652155,62.847921901404334,3.506,56.761
sugarcane,5.70220219168203,143.95974428356058,55.48287014030316,56.02114779446611,26.39585114676937,85.71010258787639,6.471711564579613,253.1383960169212,63.741,363.463
lentil,5.889028495202722,14.329431354927788,67.09159427516663,22.99978944897039,25.505087407418483,58.77852287254188,7.16710442668056,33.33454891408035,0.962,5.665
coffee,11.490644412456293,102.12080555999192,13.437465620923225,24.15811070254447,21.92202172546219,65.586375662988,7.075888638957667,150.7780369369682,0.982,11.286
maize,14.435770099747788,95.93255383175196,47.242849342217106,31.55523620341067,28.020702225468554,58.84938865004076,7.172844260781366,62.59581913233499,3.169,45.742
banana,5.579185060669971,99.23160781679928,75.66568111099022,232.14434847395918,29.077178454089232,83.38147935993601,6.062074259544738,228.11772335249177,28.117,156.87
chickpea,16.12437128070203,35.20896927486153,66.40532554672792,83.16476377180159,15.697437395380001,14.649535761210492,6.889814969982725,78.03002023560079,1.349,21.749
chickpea,2.3684415676366006,33.94534653049309,72.99052362866652,83.1644162487923,16.42740283228501,10.616992508732107,6.619473970607934,72.28365544923159,1.402,3.321
orange,14.98352836802406,22.79445634219714,13.554573818129558,7.8784841138118775,26.228699724946395,91.05447593915142,7.2241650236429225,130.12872589163766,8.054,120.671
kidneybeans,14.926104873573298,25.59317810016254,49.90095195977151,12.148099807885467,18.623316196830366,15.288423040633623,5.704987783622545,94.05441620798486,1.312,19.585
maize,8.4617756468778,74.61361672870046,48.97582240928469,21.85953904759609,22.63549802475855,50.36469797674398,7.152823594286353,95.93816867078377,3.843,32.523
grapes,1.4219495510681814,26.915103853577914,125.19800964032054,198.74348365349397,21.600501553463438,89.7870483757761,5.926609710030239,51.222470481436616,9.898,14.075
maize,0.905570543734179,105.74065378992422,54.52272117566184,15.022748275673603,25.81546621735935,68.6990887073665,5.461667617482855,66.94033018538332,3.688,3.34
lentil,16.555748291527756,25.66879723638437,80.04690419528666,20.315372835994346,19.146704256365503,63.787048194770904,7.087491195164023,56.95861216084964,0.858,14.2
sugarcane,1.1073649998486137,130.1856847858727,58.45170591983373,58.407130696498356,24.54459098449339,61.71899767818825,6.261804605227649,138.53193789850616,56.575,62.649
chickpea,19.385328578232848,36.69415746884604,61.64820230417588,88.93557021358322,16.063669726941736,19.817148037883005,7.531859932707761,77.20021152420195,1.556,30.17
watermelon,12.337134168989671,86.26073679650844,15.908955318655405,50.581530458006846,23.088254082653606,82.67599486726925,6.626044349713755,50.27711757910671,15.239,188.012
coconut,3.3819410265093195,25.551131563705543,9.925799757292635,14.605281249426511,25.0083253491242,96.90153967421834,6.414922072316032,142.3104354443853,5.367,18.152
coconut,8.185303106314517,11.885819704826345,19.8496523371438,22.35836130760729,25.846359983085232,88.32362323348721,6.096374030017417,119.3281109814335,5.268,43.121
mango,2.186481723899057,12.80135172809674,34.757304712335134,16.78481309017603,26.46235350833648,33.61928582814157,5.643995067200847,83.51197547717074,8.023,17.541
watermelon,9.265342600934686,83.00431799948794,19.680533908683664,47.65451164473985,22.23691456733632,85.2405642400106,5.9566273388624555,56.075171844350805,15.871,147.055
kidneybeans,2.61547120012274,21.444321743478802,56.166448876675155,16.623297817819648,15.889495312646648,20.968151263324707,5.938926044848681,66.69686121028164,1.258,3.291
orange,14.380718146004659,12.259637165618551,19.247063123173156,9.708415979490411,21.909358745865866,87.18151466527105,7.412194614554706,77.73762556597896,11.46,164.803
banana,0.9768182589184284,118.95312982527464,81.94677187118701,222.1636403585931,27.10663535572284,88.05764701734643,6.086531614970631,140.19699753374869,31.762,31.025
maize,8.033755489477139,106.45584582081467,47.148308122424766,17.859043230692734,22.92113745490043,57.97233264737996,6.031963722949982,77.513828427103,4.361,35.033
cotton,5.005137059656754,119.82717576732607,58.08121275213748,56.59848699933728,28.513332366777078,67.62644841305946,6.989302567557339,79.50393119584133,2.038,10.199
rice,0.7882284800978412,70.297501736736,41.373413885489676,29.295193722577096,26.248566036020716,92.57065828342135,6.306009429668113,133.62463592945414,3.444,2.715
rice,15.659280380334565,94.02547217970447,27.687330483298215,40.69869455125039,23.538571070308315,70.45587280581813,5.665132888003052,197.28902161436213,3.417,53.505
cotton,3.6454992892228426,116.9468161578914,44.266140649526065,58.24505323941783,28.296355263654082,91.6800581880514,7.572640850951843,49.42482428220726,1.763,6.426
coconut,10.42894322980321,25.286374043583784,15.375003763565962,17.72751479498853,23.151043394136273,93.7957218523036,5.756667335602784,142.70068400203564,5.556,57.94
banana,19.576618049474373,97.89236218806549,83.50367283145424,222.99277881090904,28.18372384769142,75.30750849594527,6.174889565372198,187.88052414630977,28.047,549.065
orange,10.172911513064617,20.813029230575204,16.860940818051585,13.944992893048486,23.55526767218214,85.86396064994064,7.069397267381199,85.12345814065596,12.444,126.591
watermelon,12.50462082723443,67.14229329329903,21.073947046271872,60.259976493875364,22.93414977804955,78.03023483473208,6.991978644854099,23.923299170379877,15.905,198.888
watermelon,8.47274364711938,96.89600116634487,15.536056752342748,57.87896982991871,30.183542894388353,74.81998116421933,6.869160672794916,45.239154280879404,16.93,143.44
lentil,4.843492684076551,18.219247229340148,65.6025797617895,19.261130298723533,24.30829053598454,59.145284298730246,7.375188088182022,52.73687674686271,1.094,5.299
grapes,19.981066358869654,17.207804748836125,160.5378923269104,163.86617606352394,24.59881212641441,90.4062228708825,5.985173196096789,98.92000479598181,7.844,156.739
orange,13.122666521768139,26.150811570953202,20.64000020762507,13.576070359622538,18.031347063185972,93.28446007404364,6.885917323604449,166.81042424170948,11.202,146.997
kidneybeans,13.373651375621355,14.054566952277131,56.495870806742545,12.543061825100759,13.410324031374078,22.276313552813633,5.961703464822105,134.16747111452486,1.223,16.352
lentil,10.53706986252898,21.559919104205708,67.11366858930994,13.176407472409212,29.869110962564882,74.24768426117454,6.687575445758467,41.867714214367545,0.845,8.9
mango,14.968903988585556,27.253018210204253,26.13783637151708,28.506429722615717,22.983188458053505,48.982267193039014,5.839558009053735,49.349889740674286,7.959,119.132
grapes,17.247661815491504,19.128693078101005,138.68898580125747,182.38589613864568,22.49591485266289,80.5099189731704,6.186027733607925,69.2577462887172,9.059,156.243
orange,16.288066992038026,21.44794729016791,16.751476096755134,7.862680840564412,17.626099399732222,86.81937076077676,7.3979738622439735,147.84227015628076,9.706,158.098
watermelon,15.522070820560607,89.9501062290297,16.975135951530003,53.21125109418572,26.837983702492725,89.67160205903171,6.5494185035861365,32.3989193722848,17.525,272.021
cotton,3.2038811509170446,107.108413520644,39.056101710328065,72.87287101425198,24.32434274167726,74.58971486658876,7.131919670586643,83.91567417436201,2.097,6.719
orange,17.337634274433046,27.031904539165108,16.08119881088481,8.235806698445256,20.375146167202015,86.63844867627446,6.965782717583091,122.91062504896075,10.663,184.879
grapes,5.988972717332756,16.485711637398868,123.91463403363372,186.62013730610119,26.24691106708615,79.18541033208953,6.098669251338202,67.65167298016993,9.392,56.248
orange,8.426707284289769,28.78681723255347,15.549442766755838,12.577462433370398,20.996109651896266,86.98076273142766,7.360513959917064,137.57511373744276,10.226,86.173
chickpea,16.95132088451626,40.20039452855942,63.740517067750524,73.55347277647914,17.77616853660795,12.79414395819316,7.6061376687658,53.6960137029361,1.225,20.763
cotton,16.956119593193943,107.1200126872497,45.2822541188124,38.60322698175691,30.587856678243394,58.86961515614459,6.848899670938447,78.51690378024708,2.068,35.07
watermelon,7.17681679706226,108.14915685175941,20.999592041392685,47.3391234802374,24.915623315208418,85.5734898561158,6.573317557582232,28.82964960675708,17.716,127.145
lentil,4.8733347384884995,18.460046466924517,57.00130206668799,13.242653491380352,26.32678107800243,58.33324261193055,6.629527191451819,46.14042871960075,0.966,4.708
cotton,10.67552961588817,108.23816926221343,40.072495685828436,61.537019950917646,28.342366374660386,61.28668436581087,7.1058567295437225,63.353152863866214,1.978,21.112
watermelon,13.84203676438967,119.45565101036237,19.241060753064453,39.71272223111505,24.933325382119868,93.94712741045198,6.406729789434457,46.68567006210524,17.344,240.074
grapes,0.6833470184593358,8.453342612062539,124.69880008665282,217.28074912313434,20.648870053597935,85.20400839383885,6.080396946594729,67.00427338728157,9.369,6.402
coffee,5.060627680372228,85.41039986391979,10.702855336838608,30.539901560733973,25.254292608995137,57.19636211893632,6.16274774217116,146.97056996571416,0.973,4.924
cotton,13.074599379493518,139.64808934299273,35.142964852498515,65.03120530604599,23.616621070296983,65.5842087014092,6.841111288849606,122.46918136761872,1.764,23.061
cotton,16.143806800584148,141.6230851065069,36.14426960239538,41.37624863371616,24.39655105128572,74.71069348674628,7.413436405786076,71.7896298363677,2.166,34.973
grapes,7.0553754545185505,17.466591864137143,132.98545988574213,220.41522685617295,19.582068631232033,81.53115614713107,6.338427399615128,61.38029194930293,8.82,62.232
watermelon,19.405567012642496,79.79908505211841,19.125892292332924,44.26896049337476,23.692036194684476,82.58498853981996,6.210852712063278,25.169037803719842,16.725,324.554
watermelon,15.785376484002942,101.30414390682255,19.882853328304165,52.43074901423879,22.189717604491936,94.1883970896468,6.59984422187585,37.531625897104774,17.512,276.437
grapes,9.977637751281419,13.025492820964676,130.9322663765255,185.97207512601432,19.577297413456805,81.30252935732292,6.402882613008517,69.1597624125148,7.659,76.415
coconut,15.628086099413029,17.36873804686143,7.490118039406553,39.647654972992854,25.60821101635073,93.25410937870402,5.692657370507496,186.33433310745187,6.337,99.037
grapes,6.0698038531956495,18.87129518462326,131.0268498940903,189.90182780847792,21.958346251511124,69.88677404818287,6.249039005898174,74.46336260482876,6.936,42.101
lentil,0.6488880374763589,12.336426887175794,69.52614453068468,13.06040220195083,25.821436898380956,63.33781318446149,7.242072736438626,62.20255019999456,0.862,0.559
watermelon,2.5481198662385762,114.20721023042833,24.517236497166625,52.98503873082741,22.04838059188589,84.96610607132538,6.409214194697569,32.634376834992,16.095,41.012
lentil,13.531337897615147,23.26540109881799,78.93974280501918,20.425482454469392,27.687392555756077,54.109917637366486,6.676725371500279,47.27299857871006,1.027,13.901
watermelon,14.995254872247862,109.10322243709535,18.486700600207374,48.776210608671136,25.314785165566622,88.53596201440668,7.19483493851915,52.31935683206342,17.561,263.324
coconut,10.09953720122301,14.41609277275034,25.146062580936025,33.86657844518643,28.35940950043534,93.06674777404733,5.868020472192783,148.88702799953063,6.323,63.859
coconut,11.500861643922144,32.079450737452184,16.220354922792442,40.152454143921155,25.83434438574048,94.50594356828347,6.067350809065516,229.86221340701638,5.639,64.858
orange,15.929960557792082,18.099355884981634,20.548043751309,7.862389878728122,26.80637843338893,98.37949709683286,7.094480514713627,101.38414737386924,10.754,171.305
sugarcane,11.513367385237727,96.3603262730628,57.910187991442925,81.21487264873947,27.451460705447484,74.9807633652257,6.670538707988596,195.13558371617182,60.95,701.74
cotton,4.519225753230866,123.30058570930102,60.463624299382005,61.02436389649062,27.138478443639187,70.74838964863213,6.893850999575128,70.49205457715317,1.816,8.205
coffee,13.32445845202576,95.50896410996283,23.113127682664725,47.922012357852054,23.510462373835363,61.67955355841375,7.69935531791726,150.1421042368183,1.037,13.811
orange,9.772163098655737,17.75203413201247,14.86351381519099,12.648952769150096,22.489643352220316,95.5208030046086,6.669696018558948,104.78872533631503,12.042,117.674
wheat,17.1603859265089,67.74503761586607,42.51936352769213,46.67727980861054,17.95113248408861,50.72001622595045,6.822191329396404,75.4479934603351,3.168,54.361
cotton,14.676721706027006,111.4132008554396,36.82631964321733,56.70970485935099,23.062612063127865,80.98989417174735,6.9629635056963854,71.06376847556065,1.777,26.083
wheat,14.945611097772426,105.39389058316262,71.42413239220978,45.92098337029468,17.763331945065218,48.33109622929619,6.553403399756913,88.59985843270461,2.78,41.554
mango,0.5026333200728492,21.67870802176343,45.66616393102342,29.93569194667166,27.912464661401305,53.84767813946802,6.293635579954097,102.52458645702245,8.123,4.083
grapes,11.880329177225752,22.436151697043666,105.41233134176281,191.0553517596774,25.150799363708227,85.1297694847942,6.082779357623565,36.97589121646162,8.927,106.061
mango,3.9856097475139243,12.979076366476786,25.108432776465115,23.523159954429012,31.25776707487538,36.78084689892856,6.056656015224363,111.59922348382774,8.645,34.456
wheat,15.726323974884004,121.10790462272219,59.24970719404288,41.47470452963401,10.182708401482552,49.46189096927104,6.580791069461734,60.067680367040126,2.803,44.08
coffee,17.324494515044012,86.96219124661494,23.528827049685184,32.58071390679882,22.78425787857084,56.72479083334096,6.788511903805693,129.81446706526827,1.058,18.335
wheat,7.1098906638525765,84.48888103530425,52.017694193317794,41.75448251297665,17.07825058894084,53.66649180095027,6.658420102683121,112.45416973766612,2.784,19.791
mango,6.852551994903615,25.69426907529416,33.426635093397664,21.97450050613312,27.85006826073469,46.615998918929996,5.987392882274376,101.42119358580277,8.406,57.603
sugarcane,1.512497164060266,144.8654741136138,75.12312949673439,63.86749815914709,29.80346573498519,78.54001887094981,6.076670988456906,153.9335863987839,61.649,93.244
orange,12.401569394447655,15.700283000179628,27.866737546269945,10.904772278053567,23.627702209911007,92.12381122712497,7.106353033839585,104.27225808760957,10.701,132.708
watermelon,13.070060881165222,109.74615220866457,17.696541472636227,59.62899507814501,25.485270344846324,85.41092038175383,6.767724106574604,40.21695682443726,15.666,204.76
wheat,13.677953949240804,106.49018814870367,39.82278573047795,39.90174157355212,21.299964333390626,47.98862215631588,6.717675776967484,98.00478235962282,2.703,36.966
rice,11.111003138450116,86.66529041491292,55.01660017006871,51.43702955186587,27.728900210156006,78.47632661022487,5.788353074178937,241.35844607265227,3.289,36.539
coffee,12.55510013163554,128.72558028299176,15.49913776152586,15.16890476281448,21.806998058709457,49.82301193782211,6.2474881454506725,124.59279055451992,0.965,12.116
wheat,7.245299847234111,94.53299169830352,35.35408491565256,37.249945449968685,20.85736501104783,50.35234941235075,6.833385041100494,53.60096083441866,3.026,21.922
grapes,7.423654564277745,13.802104805903717,123.12731494477306,185.07543382037647,26.087318249666108,79.3390554981577,6.378330513795429,53.04559977140545,7.978,59.222
sugarcane,13.6779232700774,137.36489037059064,75.25812523236497,65.65786642407897,24.001407271315742,79.9505131717927,6.196445356840956,179.85427870180104,61.258,837.888
banana,5.583452781763593,116.82978694945604,81.48196083106185,199.4717305497184,23.603683651270565,84.1108417202343,6.181558113665605,171.68767690340033,27.232,152.049
orange,8.805712343321563,16.556610086068915,8.103227227984009,5.460750006453866,20.450519708953557,92.87983757186208,7.068695047441907,140.69425521146871,11.019,97.026
lentil,3.7730349642274343,20.69505765499499,59.592727549140186,19.59564361222402,20.772968103663615,64.66977450646544,6.478515897403285,40.193237541600816,0.972,3.667
banana,8.751702120161344,121.31962659961603,64.68859120089667,232.34998348472766,23.159325063421484,80.33955056361194,5.968857819667235,153.8743076548907,30.095,263.384
orange,12.476750743365024,31.24383319994576,19.78756762749011,8.153729406582306,22.965275037476342,88.24110185327702,7.938199520176916,139.85892577033297,10.513,131.17
coffee,10.61109770051441,131.5681353108473,22.69870328720122,32.20864103969631,25.84085476800084,70.24708218505411,6.959620806977513,147.7249494994851,0.927,9.834
maize,6.6426540762820805,97.59100593969923,54.99693828436505,23.686373735036476,26.715653830514505,56.75454296073953,6.219922622592061,91.75608151771283,3.861,25.649
kidneybeans,7.117413668949503,25.025745357968795,58.98504979078379,22.390658618217092,18.908255109890835,21.465017320899037,6.10855414104476,116.31336138061236,1.243,8.85
sugarcane,8.235831180241867,143.01675007377014,56.65950505273478,54.93545797634433,27.028817272764925,67.11559308793628,5.701357733796339,176.80622989860325,58.772,484.04
banana,14.333536313910603,124.81251533069121,61.281580098159154,203.3440471556248,30.913494354226113,70.57340819401063,5.965430297663536,146.54808171717718,31.761,455.247
kidneybeans,16.68234110813079,17.733043624336002,61.47005905432561,21.075345862787604,19.948124578165103,23.687015428206728,6.227501668089931,48.37406539558324,1.264,21.088
sugarcane,17.37817067941078,133.96144279185296,46.21732037259997,78.33489783138238,25.107117946175045,67.79982734045137,6.097746126295407,176.0581098670421,53.373,927.527
orange,7.816257792100383,25.637905509006014,18.395322093920132,7.881035987339354,18.939006258371286,87.24586330759675,6.702900079936999,95.87255034859363,11.364,88.825
grapes,9.344459346755627,12.96735726819293,99.477721486093,177.72089496529017,21.482159070873752,82.00022209645377,6.040637175295525,59.655450587369515,8.977,83.889
coffee,14.634676911456229,87.99613604070164,21.182175861460152,38.717769680484764,24.157291848363297,51.41989896887526,6.671102322026361,166.57352240652008,0.97,14.201
cotton,18.314496357971326,112.496492396296,41.815636511932865,51.10868264574494,25.48284106977906,73.2126466140153,6.754407229870951,114.95912727157149,2.362,43.259
coconut,10.514445560096835,34.00948107641645,23.55062721334544,30.237801663040948,26.382971333482637,98.94524924815354,6.530905980272353,161.40195335878045,6.605,69.443
cotton,12.042663511047106,121.41112076312767,50.42374844295871,69.75043691619507,28.19355741902024,67.96324252956028,7.084427611022223,123.90278493474753,2.018,24.307
coffee,13.350338418246702,132.37297683963118,12.597680586778683,33.50169888299282,23.091017695510867,40.28878798787247,6.823588169314736,133.3162722317879,0.986,13.17
orange,16.857873617657333,15.238127824177539,19.287433532785663,12.038533888085146,23.315431657800076,90.80844188653593,7.547309573756167,57.7779085311311,9.573,161.384
sugarcane,7.516146947983445,133.75363037861607,65.72886470312501,81.97684144996146,28.24115394110727,83.1825398829632,7.467655009476507,192.0627212163141,60.96,458.184
cotton,9.822304868488166,123.8732275573498,47.54821259913568,50.54020960841175,24.03712589832297,80.97452156517774,7.1422974849758765,98.73658112498056,1.848,18.147
rice,2.4225686889090303,69.4920532029696,39.75345494506959,37.082868833609254,23.012148540023222,77.10152753759073,5.736526819200463,252.8715769573235,3.78,9.158
sugarcane,15.878074358646932,140.42860213891225,49.432111955411635,70.20427099538067,28.233492325480757,69.65218194075452,6.502850103412701,172.76904355555556,74.108,1176.696
orange,14.919117047751147,15.780969838797056,15.495263958753606,11.602661596630025,19.31843910190761,88.04240313795842,7.583423424649676,108.62149099314476,10.089,150.522
kidneybeans,1.221960664896285,19.051917580865982,61.47254256615618,17.555222880603274,13.348340035993408,22.71417926193672,5.904004025330661,89.2457408345949,1.426,1.743
wheat,6.6086231250120075,104.97574122791974,43.584715572640334,37.704650206538076,22.228085041869313,36.74810586381268,6.654695910242459,89.68231839488533,2.563,16.94
coffee,7.311422654503439,92.61690057534275,26.02607196606451,35.48836684180604,25.200655318631025,56.792294822711035,6.499798692270732,128.3397725987529,1.047,7.658
coffee,6.436582298405863,103.54167307130723,16.532994624733185,23.65782515250305,25.06455039065403,49.81180560539489,6.464578164005541,140.237949185783,0.93,5.987
banana,4.336761450743043,114.64395391871996,77.10566825973885,224.10009528611243,25.295255123971057,85.70870282464662,6.20110766316387,159.06638855453056,30.619,132.787
sugarcane,1.626466317931985,130.78284668203096,60.80609507752947,48.41900668060326,30.57544007278621,63.163374561167515,7.027452643183407,165.73931289059357,69.022,112.261
maize,12.322970389110612,61.562753939570044,51.068049351041495,22.30218259490421,24.102160833560962,57.43991155512512,6.1549475824521025,74.00712732032319,3.514,43.303
maize,11.044135478665684,84.33531346866873,40.83464021170462,20.89581209990813,23.867813228166543,69.42270857030482,5.763846884927307,69.86526697770543,4.069,44.936
coffee,6.29125782345422,110.73418915390101,10.782595854865317,28.90131165626844,21.387014126202807,56.70398445742758,6.187843651051193,172.6743258243076,1.043,6.565
rice,6.284175968931295,70.85204977256768,48.10821044196932,31.224537721105143,25.191219519184276,78.11246088893033,5.848938266034979,207.87509322536306,2.932,18.423
coffee,3.1274130633927473,103.33778004605831,14.603049465328171,27.7441890572502,20.658782347974373,57.04104522958346,6.2056755079515415,152.99557292349397,0.979,3.062
maize,9.224755606757086,94.02984708497443,45.067322621721324,11.259463298504212,26.577834350933145,65.3558926837079,6.63736434154104,83.14719511913444,3.383,31.21
lentil,13.87393224124684,11.290648969826117,77.33540024083722,21.462650656624845,24.87352064594089,64.96140972883795,6.712171712487377,31.640605304262888,1.049,14.548
kidneybeans,17.12780093881137,30.718266110033838,52.58782532304388,18.44575547683455,19.582363921387465,24.864433301442578,6.123524888459285,99.46772334781605,1.168,20.013
chickpea,10.312440588302227,43.68944532443807,54.93578461698221,83.17008761644705,14.263950711544526,21.52785671570804,7.51087232430879,89.43924553432697,1.27,13.101
kidneybeans,17.0583068419702,23.460883849976735,68.17702616421019,19.96041132545338,9.908273824684482,19.735036177924513,5.381984136289756,82.80761934926497,1.377,23.496
kidneybeans,11.287856148485265,26.29589920917333,58.70387492885411,16.130442002407875,11.068297123574062,25.0701264738055,6.400761093602906,130.91302396670307,1.134,12.804
wheat,0.9365619962390427,74.98939407335013,50.85562264296983,52.46782243912257,14.898947479471158,55.65970117970042,6.86608756372871,93.842531836624,2.816,2.637
lentil,17.168870631947385,18.96526969175924,66.37669941983677,12.35756097861426,28.01997685485772,79.07300084253299,7.307280931148053,55.42599823228268,1.119,19.21
mango,1.3368645638275618,8.687955997103748,17.381797363066312,33.44026058263426,31.349066777948757,41.666971359522314,6.6229541448527565,67.25046007219917,7.437,9.943
mango,5.352847403244571,21.493199005478328,19.54861780634498,23.28557805538855,27.180195634237997,43.39978970920775,6.214791247287767,67.33726359248091,7.533,40.321
lentil,9.676282571989754,19.180319042221058,65.97152299662393,16.89825767979851,21.92716506703701,59.994238755201366,7.4022563404843105,40.632089645155006,1.116,10.803
cotton,8.479696407025326,131.75580964692367,41.93269967496116,50.51094513660087,33.43662787921911,66.62296211423279,6.0073063987109645,70.84101381670291,1.514,12.842
mango,16.85371283798384,13.205004881290867,19.318426853721313,44.75319977538207,29.883696348491156,50.4046794151314,5.675792712257725,99.74925505682643,7.109,119.807
watermelon,10.049012533071561,90.96253981791708,13.161804408701075,46.174287801828875,25.070339207408836,76.94955544332629,6.719317679113902,43.029037367133675,18.358,184.483
wheat,12.632370532878243,105.7237555234417,50.73218953069772,34.461033441116356,21.209540619722016,52.838355836699826,6.18980794162942,71.09823555477338,2.979,37.626
rice,7.426857086263123,81.9418278777824,47.37256623979177,43.04838469919597,25.41429305993618,77.43904291410385,5.860265135139365,215.80073823296294,3.611,26.818
rice,5.750757421891917,85.16920495136273,59.22487791500439,43.469796684531275,23.144397087524624,86.0589277491168,5.867298319967155,256.52622097504167,3.53,20.302
mango,16.04795397543976,8.48756943863788,30.50841919994872,36.92609985270409,27.61606631791656,48.51222713495764,5.8012353833975965,82.82019333899335,8.136,130.572
coffee,11.436864031906012,100.7371442289611,18.296393889119404,37.26018267150176,28.12635940178596,63.48609216078396,6.52978012645715,204.00979536185062,0.867,9.911
wheat,5.12558475830935,85.54080944694749,70.97404078176362,39.948053694647996,10.165225865302535,42.51295714629198,7.1079796597485645,77.59136081670069,3.103,15.903
kidneybeans,16.396864868505897,24.335336338400804,45.47972087051025,27.09342420826676,10.538773162319139,26.172078182969244,5.609767009582653,109.11018962567077,1.278,20.952
maize,11.365350762054806,83.97642836704001,54.06543836012893,5.677087327248358,22.957186560422603,67.89437372829097,6.274667912642069,121.38244432002128,4.294,48.808
sugarcane,2.239599249688837,103.36642120549828,57.413092743812356,76.40182929566056,28.6599600601134,75.58434123094881,6.261646277811038,194.78181840650888,62.119,139.121
maize,14.261928032885594,80.62499708549461,59.042754777161875,16.819784136229767,20.385063393937923,68.40285176449608,6.20019277978824,79.87350763275445,4.33,61.753
sugarcane,4.75253562564793,140.3304320745316,61.70769742807357,68.45136343877999,28.954944719214172,67.4361127107676,5.7518981163059,174.36132035326642,67.709,321.788
coffee,13.88739320329012,91.8572953750753,23.551490844405002,35.589235508311035,23.15229734052674,62.73434927993317,6.731536820986192,149.0142356698843,1.156,16.05
banana,6.6222829970445405,99.75599623185656,87.82415975766231,201.7886186539666,30.019242230845684,77.59111877380796,6.302086944406953,143.5771830373856,30.557,202.355
chickpea,16.727774907293075,36.5837458140643,55.41828251857429,71.51816215965759,20.948442399819797,15.59368462309186,7.049118234315956,60.37417445668142,1.792,29.974
cotton,2.163861941648115,116.01703933830099,53.79194174118985,64.91116697421029,33.81593245547054,71.74236136478608,7.095222606220996,70.76460698090906,1.551,3.356
chickpea,12.128594147133088,39.53500035971609,75.45547467252617,80.4026759124421,19.205270626882864,14.371655216109128,6.944134475774158,51.15653875469427,1.305,15.828
coffee,14.472010616620475,107.89586988166731,16.048297589818638,28.35687645330006,23.214275569379627,60.12389676253066,6.417679037440596,163.0769869231155,1.083,15.678
grapes,0.6017292603265705,24.22266090332234,132.827069071267,167.2389927194882,27.99189409433291,80.06160636240028,5.323191976814802,46.005606814936755,8.482,5.104
lentil,16.132052788151285,17.563214909611304,48.60958797963146,9.987606017010874,26.411137916974848,66.17983034007167,6.610653355944041,56.68684035687902,0.979,15.792
kidneybeans,12.901337179125694,16.04150503454517,67.3024830386179,21.496081052050194,18.72199226417113,15.151897659125693,5.950451665961321,75.1557416248504,1.217,15.7
coconut,2.330809031603911,7.762193270455757,17.46988653213709,32.86385379037924,31.189706497906897,93.95669356495866,6.033688671110142,173.75037540326292,6.061,14.126
sugarcane,2.5991309410767616,168.43092115851897,44.10658582323774,67.86804260380259,28.253502633625555,58.22841757729955,6.367041140539093,166.6895081042011,68.097,176.993
chickpea,15.11917950334935,38.7431690927278,60.92891392611641,72.048362303348,22.035463528706728,21.116999685427555,7.52411766173339,45.98526153177748,1.428,21.597
coffee,19.523790409404388,116.59015658400155,27.48995222328092,31.296254790991874,22.06001781531249,50.95050272316419,7.15182793820549,94.14169434389206,1.055,20.591
maize,16.96763540001676,98.23470692544542,45.1507055741669,22.113069850206617,25.55880356156214,80.7430684646085,6.649027472366281,110.86924046820262,3.675,62.362
maize,18.60556367230178,106.08537434209417,47.81093463126365,21.29694082760764,24.89703282453329,53.77783860031184,6.343421479136211,116.55792054467103,4.238,78.842
orange,2.694306497040332,11.238913377899415,22.344498550116572,8.37367898656997,23.552736562177163,96.08890729931143,7.411637696408388,113.22882040818871,11.277,30.382
sugarcane,1.3455172205873662,166.87331140887525,70.78824897780453,54.133596976818126,28.82457551197358,72.02536649095964,5.9071344635295615,190.67282606156564,56.815,76.446
kidneybeans,16.306399814289016,31.008537434753023,56.16865717734273,14.346704180983798,19.166538464950726,29.157400572213596,5.679035453098106,112.00717784028426,1.161,18.934
cotton,19.05338984884962,110.60751359154379,30.92104522487415,49.30802479289888,24.309119560296125,77.82223838559352,7.2681989907097835,64.37851633924043,1.789,34.087
lentil,1.9813062515698614,16.939276755094497,53.741128364298035,22.810204728583898,23.91485854948912,52.58178201145109,6.981896303100582,28.326770927251474,1.065,2.11
mango,7.500036660806208,18.55045251353572,41.168082633163856,38.20440528248774,27.788484111187618,45.47339799978465,5.931953548726581,127.79860577597854,7.21,54.073
wheat,10.992435431886353,92.56633759279686,43.644031961295845,39.52803843970505,17.241060408001076,71.48545780039456,6.646442131051567,80.79330624228757,3.058,33.612
watermelon,2.3712489504625527,100.26817312773547,18.309783941054526,51.75656064130831,22.040226049241397,85.77851365119565,6.7753235035675825,51.443540630100756,17.625,41.794
coffee,6.352604383628219,103.550075881883,13.61833251884887,37.95120054235844,25.06891164355707,70.65046909965982,6.938704416178686,139.51404724233686,1.122,7.127
coffee,4.729107486933796,129.14428396316822,15.56986588955931,52.44249638482478,19.960124903265164,51.773508435558426,6.6800001013659,166.47077767855245,0.975,4.612
watermelon,16.191651284097585,103.75918806299524,19.823162949967266,47.87984316340264,26.38816207564726,81.45765702073176,6.326316663921622,45.426549170063645,15.253,246.975
orange,9.816505520613353,21.798242804994928,12.003937484999398,2.5607915877934007,20.160724751440895,100.0,7.103045304019732,136.35934899339338,9.886,97.045
mango,14.428298019265599,18.718691296818292,27.694205746502863,34.6619237172317,31.799067831191923,51.31633435339171,5.779870817751002,79.96020223784407,7.291,105.199
maize,0.814886082238058,77.78750155209369,55.92705131739008,13.913093320451308,22.712938097986036,47.12258807341877,6.537750434227944,121.16975689313708,3.988,3.25
rice,18.227364550415984,94.80166227057643,63.62758638362328,45.62342218685555,23.616122345785737,85.0709382869188,6.387527366596167,244.54042774041525,3.968,72.323
sugarcane,19.287081686795435,118.45785782738267,52.910268103233506,72.46566409397957,27.136738290552348,75.71034135041748,6.765697142570095,169.94050925905717,66.215,1277.089
wheat,16.366574110194,75.9223039776466,47.542331914245906,27.209337014661287,13.774993352262628,65.38133486883963,7.217783149533888,98.02644599556209,2.392,39.141
lentil,5.604283036690061,27.24488315930808,66.0379547330291,23.741421587362606,23.52379439681986,50.26637533544833,6.792142915670725,43.12459404429329,1.005,5.632
lentil,13.875183041867716,23.02545025071263,77.62658578661615,20.856954170604894,23.21036196051434,64.982764068265,6.40272929000175,36.80825459475182,1.019,14.136
coconut,5.186138843160605,22.984584590850567,15.990361781625879,40.18636768359612,29.114224224422877,90.35711119086983,5.673330781996927,143.73764661953015,6.497,33.693
watermelon,8.109971345256952,114.63614033202657,13.490197198574704,62.90016928016442,23.281379856204477,79.65886421809437,6.5760911145743215,53.148863853529036,17.116,138.81
rice,3.630122803620822,91.46534103181169,42.12515347752667,39.990992804826945,25.46889781580865,90.32371760288095,6.722349130484108,266.12948152769343,3.228,11.717
watermelon,3.4426987318959323,95.81830786791619,10.730923776523767,58.24576229112654,27.553990243326794,75.11333108463994,6.567929750634726,49.04198670693075,16.647,57.311
banana,3.760446406836876,71.06240719901744,68.98499270356484,250.0,23.357254214919084,79.4462989381256,5.9271311915200275,215.0925968554372,25.699,96.641
wheat,13.760252395529092,78.65598614478787,42.481137034020115,29.862637860741156,20.036859187271407,56.31205248438545,6.7801152823057675,72.43436923717361,3.112,42.824
watermelon,19.778605481546137,108.13388382776134,12.998704336397502,60.13313521526074,24.628836130481464,85.1664150430139,6.532064128227088,56.62641441187047,19.671,389.059
sugarcane,18.76232166024476,117.38381372067875,50.35684605448458,63.54585613076743,31.846576076971857,83.96882204580724,7.338194812173331,194.5637146786338,57.107,1071.455
chickpea,13.174272541613862,34.21732300803811,90.19235815445018,103.08654516726789,18.669277055690362,18.59928586750266,7.302079922018952,59.771007673874024,1.553,20.455
rice,6.4578779104986275,87.92139647415624,50.48351441409355,31.671815015558916,29.119531251787556,74.79962973228524,5.7438347922506505,235.51496524654982,3.315,21.409
chickpea,14.444230501826185,36.4683995325342,59.79979412684156,89.48890604663158,18.211822419232305,12.945714853039812,6.934721425445914,57.33057290540628,1.596,23.049
cotton,18.00059250570911,115.74095625381358,50.822801366404754,59.155308633324864,25.87955095441298,75.3491069583731,6.734960651282921,94.14723908712958,2.086,37.544
kidneybeans,15.552517075950698,22.327913506332887,57.03810910185052,17.444475503037097,24.140966646869003,18.217663390360578,5.41248889141063,62.225650438951256,1.177,18.299
grapes,10.96107726642701,23.439414824910376,138.47640946972564,200.04515793411198,27.59370921368339,73.23401059009792,5.861944568289481,59.7662380159761,8.466,92.802
maize,7.127251933113399,93.5732039124732,47.78597566902103,16.58989116982982,32.429271599128064,51.58348811077331,5.682154761255663,87.94985048429942,3.571,25.452
banana,14.878403118268192,86.73380056116824,60.278491132699195,207.12627049518926,26.864305127432672,86.91713021546026,5.88584391747529,148.9013104989494,31.058,462.087
rice,2.4864598632380956,77.91839963098742,60.86812570666848,56.68661730754563,33.985391091088246,93.43295811458984,7.143252746133523,233.00670164222896,3.291,8.183
cotton,8.802071110610935,111.99722229953437,40.7105982588369,54.28927810762117,27.156670315191803,72.05163208109434,7.59531814072338,98.24758935822805,2.267,19.952
lentil,9.66425650317017,25.102981373614746,77.89808746229549,14.222602611985252,25.187110795924983,62.386644979548066,7.147625650700187,34.491738578884274,1.091,10.546
mango,1.942519223194826,17.536478547008223,28.799448741869885,26.45677501695667,37.22972358807265,45.271972613904246,6.1654847130279125,115.66139458389114,7.301,14.183
lentil,9.803803248656633,27.675330352347437,61.20004497141835,15.657937697820397,21.750914507825986,56.85155094705394,6.499032723171355,38.81406148462892,1.059,10.378
sugarcane,8.608742363701406,118.60321729677824,55.43856036300945,73.97358613898409,28.39146609920217,66.7311068102966,6.087638438720427,168.68846552371528,55.516,477.925
grapes,5.265167344458044,18.81869925397167,133.42866905126985,210.06120760638584,27.38132841027424,82.50332510181956,5.942647606406297,75.7228017022432,8.585,45.2
orange,10.561524941228738,19.794566161356197,15.03874638108692,9.693959902517287,23.731219709177623,90.8970859195511,6.8668705756911965,125.18844728691647,12.126,128.066
wheat,18.184477331713687,110.18939321004879,64.88170755779163,49.90056052893749,13.660487067564922,61.40465510088057,6.906142602319403,71.11929968222145,2.54,46.194
coconut,12.07386159665491,18.760301523928014,19.38265257802379,21.21081748616665,25.146279469143032,95.6868972642837,5.706053863408607,181.09958700821574,5.803,70.066
cotton,5.218752359806045,133.28853753596258,47.982398190040605,45.20061127578758,20.640044102703797,72.27194779913363,6.8602522043379,79.64384958897459,1.912,9.976
banana,8.19444186729316,106.04001170771402,81.81681920188095,200.08751060900693,25.514346781510863,70.77466400396133,6.055622065614291,115.59051376655287,28.427,232.943
maize,13.234679908173263,72.46040584474872,39.13164530636905,26.246936240180496,24.434228607699737,50.36704403757364,6.642256551355284,79.83496919391388,3.405,45.061
coffee,3.5382864062726114,56.77040322433909,24.733208078360743,26.715125090546326,27.16940883147383,54.313021494007536,6.4610836382698755,136.00413075924436,0.995,3.521
cotton,4.324704246463908,139.20195721215,42.474016299190275,58.71431101957332,19.988815109159642,61.40479432024705,7.736917271640984,86.00488796416494,1.66,7.18
lentil,13.813090266281826,26.40033443442267,59.16313111329745,24.570547708839904,23.06166498774801,52.00618535167261,6.171106114215716,61.010095515578435,1.052,14.534
coconut,1.8510302797292135,16.50896767448681,12.543201431552239,36.11699182078191,26.923194568726167,91.32033952962959,6.327514279002734,178.9637070670933,6.474,11.983
wheat,12.820882194319026,116.58430680210714,40.475334353675905,49.34608667380923,12.885117137513234,64.32576206222178,6.113880165958101,72.90888696263791,3.137,40.214
mango,1.063488290826421,22.658314642408357,27.695255696207365,41.43349025667878,26.11306196798973,48.077993328134646,5.324891159984441,110.53122025509737,7.999,8.507
kidneybeans,9.955480760323818,22.86877079415488,60.35810736747037,13.759954982105675,16.52238565315895,24.10281350815542,6.14439791074419,76.95157537452133,1.173,11.675
orange,11.669250543716256,19.892863702955683,27.0219563578608,19.44652219322436,17.143843426092154,89.1818470552667,6.790935477502413,166.37633958802337,10.501,122.54
banana,16.256749367137182,68.33073546632421,93.90577527784461,178.09280967476155,25.392103380913973,66.3497492696371,6.259928695408094,157.27405441332115,28.159,457.772
sugarcane,0.6581429694557188,141.6089792913237,41.32510601627723,64.4691596437567,31.17944498818626,77.85132024860623,6.40832483552869,260.67121808758054,56.63,37.27
chickpea,0.5812056882201497,42.26738011639407,76.26931916660077,67.67838293701578,16.480907507711805,14.881504583916795,7.8218494479421,81.79648022378446,1.547,0.899
rice,0.8055616313851641,80.00074645532438,46.197305081340346,46.01746052122734,23.602546434110383,73.73425457314774,6.345447519029011,192.28780662700734,3.424,2.758
watermelon,17.62171490521936,87.61293709821679,17.76016197370164,38.63674815327775,24.735100272874156,89.15123581480444,6.390370165403374,50.32372588881947,14.498,255.486
kidneybeans,17.1884447735911,19.851997600949034,59.079942770378146,25.390913818551688,14.142166752888318,17.802963379651544,6.161047367657064,100.86577722568704,1.351,23.219
mango,8.824931993628104,28.52764687399005,23.365993963750633,33.15352204995315,23.312319016616705,49.08809632917944,6.154700512963838,106.9308135650274,6.782,59.85
chickpea,3.2728744042394893,28.32810614280314,62.22046467341502,81.12337736226509,18.67152309270128,18.98858996407414,6.718330690237389,62.27038594565292,1.691,5.536
banana,12.239970703994048,107.63214049075225,85.20957354692794,177.83981637399387,27.397073260225365,77.15558458156681,6.196105015151631,167.67439230292493,29.38,359.616
grapes,16.20753866070394,24.242772787258016,111.08540025081615,195.375757118176,30.281898222918457,79.18610031006608,5.8309774101188285,69.68485419284399,8.651,140.21
kidneybeans,10.657501079476212,23.861757614965292,59.79261798336143,21.222540669141704,14.28443277902836,16.441066311612374,5.781741448814778,105.2110223037999,1.319,14.055
sugarcane,17.61701380159715,112.34502223238351,59.98633236449527,77.86087433365289,31.590792668638752,67.27946438850323,6.392508742269959,179.0795046790565,62.995,1109.78
watermelon,11.592016694875925,96.9093758336173,20.591337677810575,56.928615294135064,18.201362070099357,90.16067349081601,6.5756590889365665,38.623728232313226,16.067,186.244
lentil,3.3643631210867246,16.519667364335827,64.19429951691615,19.74809320686966,23.770029456640085,63.92231972001998,6.81032532362011,44.75622940075709,1.114,3.746
chickpea,16.234920111187677,33.072510733806396,62.74583933082642,78.93324395947991,15.964392284096629,10.0,6.889394984232478,68.91329775975039,1.49,24.184
sugarcane,3.510184892094273,143.89895002790183,56.469969172886984,53.47611813876859,29.77482740230107,70.18640943999337,6.070163634396696,200.239011129943,67.99,238.656
watermelon,3.912127729320497,107.466732745784,19.745763474355766,42.08994648269864,21.34428522590776,84.74549050552727,6.439725366436206,48.323325682149076,17.032,66.63
coconut,19.35831489211371,22.76051656830401,20.649883316762345,38.98188708768831,26.711371861088956,98.53244725799128,5.999487813933116,195.37475884980304,5.864,113.524
maize,17.065855223282433,60.85433328614992,56.167371741503246,20.106253771088042,27.861549322905173,55.755645036869616,6.335993431526518,91.51575224328195,4.006,68.359
coconut,13.528808277580849,12.287964659981842,16.586104507202148,38.94411489126888,29.931474188734903,96.17594951855338,5.44481998088909,138.3666656794822,5.652,76.462
banana,5.321225318492456,102.43491037215324,75.32209296910182,157.0213038619673,29.846005042289207,75.88100210785863,5.957302482463095,189.14799407858686,30.765,163.706
mango,11.710040227055256,16.162571788024906,29.823087700384647,39.41678249939868,32.09826516602933,59.942239720293344,6.073040063851465,137.30201629576334,7.413,86.809
watermelon,4.427892848428781,81.36170384546696,8.397455060610579,55.88755427353317,20.657185824157196,87.74515163008492,6.401574024907947,35.752821796225504,15.241,67.486
rice,12.99305774433879,70.3610029874622,33.24206131877828,57.54674708859851,26.9863239895484,77.84548047292125,6.877262035706854,274.2464953554413,2.984,38.767
lentil,16.884426017788904,10.079262547911966,76.5616120962256,24.288857070076524,31.264365713801787,53.112375908190366,7.09431976753605,32.7141483397797,0.897,15.152
chickpea,4.27611984192129,40.07443597908319,70.91037618916516,78.74142109152972,20.143112101166384,21.54617900020389,7.218391178359034,69.26157213345064,1.669,7.137
grapes,12.93003369846406,11.791818836164406,149.48669655455546,200.92558877267285,26.3962103976849,83.14749990511858,5.9964210690172965,55.05156767568515,9.009,116.488
kidneybeans,15.49037442881592,26.946734592983855,59.6858270523218,21.33610049098448,13.304350597607328,18.353290648777758,5.910205944454371,113.14423469167983,1.356,21.009
maize,19.29026632219661,83.88931698302245,52.9631439555678,19.936972534256505,19.23209269618818,79.74485606139547,6.849895986027991,98.86048513324272,3.434,66.242
orange,8.450466880458498,8.0137169451194,23.53479690414116,0.9826581991481191,25.047964662055097,92.39826637083362,7.334185710676342,113.96002186891859,11.946,100.947
coffee,16.304030143052906,121.99787242008985,23.568886850502153,32.23772502633496,19.694666962912436,63.698029731208386,6.171656029672396,143.35854152310276,0.986,16.07
coconut,6.602583257196767,25.726510240532917,13.617019958902429,42.17261466986877,28.629376721500222,92.66459926967072,5.861540523508261,188.0200724948657,6.773,44.721
mango,10.969945916890241,25.582673794522456,32.714710002647735,27.834943961005404,28.437402074970688,51.02166804295915,5.9418427272791225,51.18715771568431,8.91,97.739
mango,11.370364342641938,24.280118341276562,16.913178196333803,22.711382778791396,29.74473305527316,49.729438304173854,5.45415204124083,103.8435099783495,8.319,94.585
grapes,16.036685839922868,15.894569818852403,122.35683197816441,199.773560590599,27.55727034554585,85.7458590789832,5.877141341561727,83.03519390922021,8.348,133.868
banana,5.323156178769247,120.67658110385344,79.15406612995099,202.2547159332476,29.564504524029505,71.3396324270844,5.867746522039393,211.3254424110184,25.952,138.147
lentil,11.14508641897696,18.219633753509502,64.34290914080303,18.970892729414608,25.674243288550883,52.73177229413119,6.596726286325838,44.59568447017524,1.163,12.961
mango,3.7174908759749217,20.72442072476048,29.04161085235232,37.631202986089335,30.299625950230922,37.65172204785739,6.293275948950221,105.55859691608217,8.618,32.039
