crop,temperature,humidity,rainfall,soil_moisture,growth_stage,previous_disease_history,risk_percentage,risk_level,disease_category
grapes,30.12116329730008,80.4857349881335,259.08516735855204,7.804783711348482,flowering,1,71.2,high,root_rot
rice,20.848797393851733,81.24340986188218,143.55311403333934,5.417755479829549,maturity,0,62.1,medium,powdery_mildew
rice,22.762632000780595,57.43425483937541,239.4821417044223,14.066203365956506,maturity,0,64.7,medium,leaf_blight
lentil,25.32182212686452,31.936265733800397,54.624377958912106,66.07870528568054,maturity,0,51.0,medium,leaf_blight
banana,27.791212924437435,39.05763916807443,8.130083092421248,24.491581766756802,seedling,0,33.3,low,none_significant
lentil,20.7328442059202,90.23290335373707,148.3285115063585,62.51042340600395,vegetative,0,73.8,high,root_rot
wheat,20.4878181808618,55.05404157960051,171.3383948448423,55.32298922335372,seedling,0,54.3,medium,rust
wheat,19.702483655122318,46.39800864626517,280.4553421179476,81.19435618109857,vegetative,0,64.2,medium,powdery_mildew
orange,23.475329579002008,45.41266042095928,65.23679560765973,9.895464802744337,flowering,1,47.1,medium,powdery_mildew
maize,22.8663609009192,46.42313089556544,192.53660574584757,41.46438418202776,seedling,1,80.7,high,root_rot
grapes,22.60788066077233,67.28903024569809,132.64066149771008,76.51914537645929,vegetative,1,66.3,high,root_rot
cotton,25.658990662508085,20.677855779743517,210.97103077202175,89.06318915604743,flowering,1,70.2,high,root_rot
sugarcane,28.985332721565488,71.07439834649972,162.28044181978674,18.64578402200621,seedling,0,68.8,high,downy_mildew
grapes,17.79232452122598,40.76231315769167,139.57435216208637,55.83791436037949,maturity,0,47.4,medium,rust
banana,24.82900615642945,22.20704416005402,218.27410983832874,84.23928467281033,maturity,1,68.2,high,root_rot
lentil,24.700104071867333,21.487949366452774,191.8406655524494,29.786226301665405,flowering,0,53.4,medium,powdery_mildew
maize,25.589392173743374,74.8030858899819,9.16986783507342,51.78102955275761,vegetative,1,59.4,medium,leaf_blight
orange,26.140198051596442,77.97589598939928,90.50374638910193,56.37333081311987,flowering,0,56.3,medium,leaf_blight
chickpea,23.55039800812052,30.114593874933632,35.47453441232368,84.11279026157248,seedling,0,39.4,low,none_significant
coffee,24.65465082461693,97.46189870845731,16.208442456484683,79.03638864055944,seedling,0,49.9,medium,powdery_mildew
kidneybeans,18.098420132795717,63.59402493947989,64.11216364469624,56.532090538384786,maturity,0,43.1,medium,powdery_mildew
mango,30.033396986437847,89.20661990891743,292.8155536004688,11.831906319225975,maturity,0,75.3,high,blast
mango,30.94062397269429,23.64238756011506,74.24527579980065,43.12694361249837,seedling,0,34.4,low,none_significant
sugarcane,28.753861392172624,36.142716261674096,267.7074108711196,66.0700476735364,maturity,0,64.7,medium,rust
coffee,20.159043462811958,74.87181779090453,123.40765944694716,66.6459115219723,seedling,1,73.5,high,downy_mildew
grapes,17.75170639505473,85.54248470946901,28.286651528901086,85.63693759933672,seedling,1,63.8,medium,leaf_blight
maize,22.283075853366476,48.485472691338586,91.09367023393379,8.308760943336301,maturity,0,52.2,medium,rust
cotton,27.36120113501914,56.24757239606707,143.24658390031982,13.791254109503496,vegetative,0,52.8,medium,leaf_blight
watermelon,24.407040477607033,83.96121492804303,128.79600042421765,18.778853664474703,flowering,0,71.9,high,bacterial_wilt
kidneybeans,13.510698198667592,52.00801397156846,27.537353013976695,40.23104151574649,maturity,0,37.7,low,none_significant
maize,28.413290414178114,52.59982067038264,105.41468068920138,66.76877588564295,seedling,0,68.6,high,downy_mildew
watermelon,25.483046489200277,57.4965951731972,119.31466563189332,75.67071917958523,maturity,0,63.1,medium,leaf_blight
coconut,26.011389602303833,42.318258689370026,133.755521985222,54.28317289997741,maturity,0,51.1,medium,powdery_mildew
coffee,22.289028102046974,95.52227872115407,217.61403428493216,59.29762532125674,seedling,0,82.8,high,blast
chickpea,16.43256072199416,55.68816625769752,51.61301925488399,25.22540812404894,flowering,0,44.5,medium,powdery_mildew
chickpea,17.531484335438016,52.9880736671565,101.2554876617299,91.87479230628418,flowering,0,49.4,medium,rust
maize,21.29761918556987,68.65641633006246,61.198028354792825,22.637144612122235,vegetative,1,55.4,medium,leaf_blight
banana,28.501809538664787,63.76782790726993,229.0431180820253,47.70373317994138,maturity,0,79.1,high,blast
rice,20.585992467998988,95.83240024950197,72.59943054858778,85.02314892197438,vegetative,0,76.9,high,bacterial_wilt
maize,26.277988222662902,99.62820039013037,194.5054219426903,58.25150603290098,flowering,0,75.0,high,blast
banana,30.28984296598042,56.645479385578895,82.33603729690722,30.315390587434614,flowering,0,48.2,medium,powdery_mildew
wheat,18.786185017119905,53.05765129411307,257.87004452649745,90.4237846224948,maturity,0,58.1,medium,leaf_blight
chickpea,18.225277207135495,28.128204661283895,198.89154742400154,69.45076075904605,seedling,0,41.0,medium,rust
watermelon,25.663840286511444,89.62048193747029,207.95874088009262,37.02869275735955,maturity,0,69.4,high,downy_mildew
coconut,25.87224726421769,98.75271125905242,74.39029805724998,13.607617523438575,maturity,0,63.1,medium,powdery_mildew
mango,29.55526071040807,92.41571227909454,67.88077766821048,37.767678212719034,flowering,0,61.0,medium,rust
wheat,27.600323033390474,99.05622956956238,31.114501935052953,48.61781451570412,vegetative,1,85.3,high,root_rot
watermelon,26.798784820129562,39.248593865011685,24.414076168654354,11.812372584316762,maturity,0,33.5,low,none_significant
maize,24.891369011054802,80.33020621953682,89.46785923889784,48.147636372780234,vegetative,0,66.4,high,blast
mango,24.826002211722916,81.56979615294713,195.6983109431932,70.06996793092357,seedling,0,73.1,high,root_rot
banana,25.10200642009185,97.10341499437757,181.58439127788682,38.87236678106326,seedling,0,88.8,high,downy_mildew
coconut,26.726770783644913,52.182267039954404,228.82464145736685,33.251246925004864,vegetative,0,74.0,high,downy_mildew
chickpea,25.178102762614692,67.14497949632194,247.63729881979935,66.10586965475301,flowering,0,78.2,high,root_rot
wheat,12.448308378359197,66.4068836039743,16.254029504341403,53.01913785800032,vegetative,0,36.1,low,none_significant
kidneybeans,15.40288611019877,25.213403499468427,173.40671129913864,84.88408081053815,flowering,0,48.9,medium,leaf_blight
mango,26.143537557796062,83.4716897749691,188.71586252767509,56.82605137718487,vegetative,0,67.9,high,bacterial_wilt
maize,32.29543249026226,26.28000656453736,22.714891122862156,75.85964888582309,seedling,0,23.9,low,none_significant
grapes,24.17610215082708,38.627375631275484,75.30895981266474,58.30432294003995,maturity,0,57.1,medium,rust
chickpea,17.966227940019305,47.58326098953093,239.70367556318675,22.084456545709486,vegetative,0,51.2,medium,powdery_mildew
cotton,22.791062828498863,42.957866076874176,174.04553165436897,86.19520138790189,flowering,0,57.7,medium,powdery_mildew
watermelon,25.030987349147704,74.90985888749611,64.74181836481998,67.48222948515986,seedling,0,67.5,high,bacterial_wilt
rice,23.1300247060822,76.27037103361056,148.78215049046716,8.145373549380679,flowering,0,55.3,medium,rust
kidneybeans,12.067578207124816,69.67959307917474,23.369515799896913,70.6977481002381,flowering,1,53.0,medium,powdery_mildew
banana,26.97648612481509,48.19516960110876,144.5562952602038,88.89145585317058,seedling,1,76.3,high,downy_mildew
coffee,25.466489883958904,79.66460093478058,25.964496647831925,13.23029433961471,flowering,1,70.3,high,bacterial_wilt
coconut,26.165590877476223,68.29142306199243,38.0886083410375,33.811056369620744,maturity,0,50.6,medium,powdery_mildew
coffee,24.3108577827669,44.887939191387154,155.53251459674473,81.08659372406821,vegetative,0,68.2,high,blast
mango,31.786710958329067,78.53396557921783,258.2059414229574,74.16500897610258,flowering,0,79.3,high,blast
maize,21.826173664592666,77.16184011669047,80.21203353084877,69.97609459097934,vegetative,0,58.3,medium,powdery_mildew
watermelon,24.29156878646543,92.80161929767924,92.59008484974865,13.545459794814008,vegetative,0,68.2,high,blast
mango,33.80104934826424,43.08873500622204,13.957558966637718,75.14441195909365,seedling,0,31.9,low,none_significant
wheat,21.9860002609162,52.02797186992758,285.16731237442133,28.876204531330014,seedling,0,65.3,high,blast
watermelon,27.437172477626746,98.01436589230731,210.09627598890447,88.35034183093522,vegetative,0,92.6,high,root_rot
chickpea,18.946522343926354,46.155044454175005,32.26130901634586,88.87235467644231,flowering,0,42.2,medium,leaf_blight
orange,23.405611852333955,38.762758529645055,22.69489456800723,58.402814307847436,flowering,0,36.1,low,none_significant
rice,26.614097732991414,43.66308703769115,264.7807425135504,20.416505903711005,vegetative,0,57.3,medium,powdery_mildew
lentil,19.363156991436135,67.34688992767329,188.18705218779562,22.764322255686164,maturity,1,60.4,medium,leaf_blight
wheat,21.51510787564331,50.15303683520267,24.060393052115238,30.840010908685603,seedling,0,31.7,low,none_significant
maize,19.571082957409853,70.82683350747226,218.63975647704353,50.6572675022591,vegetative,0,69.1,high,root_rot
coconut,25.667805279216637,44.59956452211608,206.2541147378868,76.26520543811039,flowering,0,56.0,medium,rust
watermelon,28.24921423157238,41.76849223114337,281.1272764442135,83.22766788148581,seedling,1,81.4,high,downy_mildew
kidneybeans,14.047555610538074,22.78286597977429,212.82107213905107,15.429134070788459,seedling,0,35.6,low,none_significant
kidneybeans,17.228928203954908,62.763278207833494,62.5855668423389,35.06919026813185,vegetative,0,43.7,medium,powdery_mildew
orange,28.060888837506234,39.722431725995435,118.81788003554925,88.21965944169256,vegetative,1,71.3,high,downy_mildew
maize,22.470961496347282,66.98644974421094,76.26874129886085,22.20195903072601,vegetative,0,54.2,medium,powdery_mildew
kidneybeans,16.988343998316235,98.68498564305645,225.4548151799106,18.760827657744535,maturity,0,54.3,medium,leaf_blight
grapes,23.646386732069956,77.1663755894291,257.849547188764,42.05429995370525,vegetative,1,83.1,high,downy_mildew
coffee,22.923180947007435,62.85100933047599,79.280740723567,50.533142311694604,seedling,1,69.2,high,bacterial_wilt
kidneybeans,17.018830323516514,92.08780024211919,68.93795673038493,22.425808857720657,flowering,0,49.0,medium,powdery_mildew
grapes,24.588454899258565,25.472201453280555,124.47559864514271,69.88879544429861,flowering,0,38.5,low,none_significant
lentil,20.431701548421835,73.91434244179032,164.35880564035529,8.516580973330345,seedling,0,64.6,medium,powdery_mildew
sugarcane,35.27998375540504,21.700672533203196,123.67944571772419,21.67671367536544,maturity,1,32.3,low,none_significant
lentil,20.33863834562886,45.20637824388885,38.71573697711077,55.3134922099635,maturity,0,45.9,medium,leaf_blight
cotton,28.204630448979163,46.192461394308886,261.2161636072123,40.86067370215461,maturity,0,58.2,medium,leaf_blight
coffee,24.30668961036215,82.83486930242206,105.54833290813012,87.89549150913643,flowering,0,64.2,medium,leaf_blight
grapes,22.966884616158875,75.34649492197964,4.358800435561672,65.41201799725897,flowering,0,51.7,medium,leaf_blight
sugarcane,29.519326312126392,43.439903799790315,295.97474368180747,89.6255764889786,maturity,0,70.1,high,downy_mildew
wheat,22.18511205087082,82.7507625113,155.80588610235907,47.90099984529927,seedling,0,66.5,high,downy_mildew
wheat,18.456965651707044,46.45678821564787,98.62023075150283,58.939155927595394,maturity,0,38.3,low,none_significant
mango,27.855756749072366,77.1190156852575,264.81860507276167,19.370239307931367,flowering,0,69.8,high,root_rot
chickpea,19.156323033486206,87.09930946889939,113.75450990101757,66.04490546437214,seedling,0,63.2,medium,rust
cotton,28.77568577993315,43.37599672678002,250.8193794965837,43.225976336406305,seedling,0,64.0,medium,leaf_blight
sugarcane,27.680424312283755,29.91738077878893,206.16024204168113,26.55430462959153,flowering,0,40.4,medium,powdery_mildew
maize,21.307731726582986,65.53429633957423,180.4467591018448,10.265486729732167,maturity,0,61.0,medium,powdery_mildew
cotton,24.8422947068585,71.47668310015122,37.77490843578969,91.32983499407914,seedling,1,84.5,high,blast
grapes,22.668817405881835,33.373185252791515,116.4582328421562,93.25816633123785,vegetative,0,46.4,medium,leaf_blight
orange,20.25414446692832,93.39696747819875,34.69686353299566,22.076869504606535,seedling,0,55.4,medium,powdery_mildew
coffee,23.904594573165916,83.36513681878742,293.48014347915665,22.636224621420734,flowering,0,74.1,high,root_rot
kidneybeans,17.453953448816918,91.93287137314142,143.5228593588007,60.28727563406947,vegetative,0,62.5,medium,powdery_mildew
coconut,25.220195574225748,59.17125205437997,60.11947762631177,8.615805904442672,maturity,0,55.8,medium,rust
kidneybeans,19.22924326972163,29.364744732089996,232.16729969062163,34.85913177062922,flowering,0,56.7,medium,powdery_mildew
lentil,25.40743487609494,96.44814715621044,150.72574726821722,84.89221971959785,seedling,0,88.6,high,downy_mildew
rice,24.40997765774077,68.00200354722276,195.20748862464436,74.73301719558596,maturity,0,82.3,high,downy_mildew
banana,22.15699153762737,55.538321067274595,232.92345449743468,77.94565231611715,flowering,0,87.5,high,downy_mildew
watermelon,27.09751625780538,41.364240139013056,282.33078007635794,29.904191847128853,maturity,1,72.3,high,bacterial_wilt
banana,28.880624861980728,63.941789269130524,113.66708640841757,77.91435547274193,maturity,0,66.0,high,blast
coconut,29.170839228719668,86.99403308218743,269.9585893788949,83.75427648368999,flowering,0,79.1,high,blast
wheat,11.786000555565252,26.13339453717841,37.56852742197481,25.350992964767574,flowering,1,29.1,low,none_significant
maize,24.64126227297256,58.130555838033445,209.90285667052024,33.95433163464796,flowering,0,60.2,medium,rust
mango,28.57562112621696,86.20770232330547,89.74890598811002,45.66631911039855,maturity,0,63.3,medium,rust
rice,25.761963016701817,96.24098778018617,210.2548052130973,77.92678342876492,vegetative,0,92.7,high,downy_mildew
kidneybeans,13.890636454344076,92.05342757643128,111.8811397458088,31.043256589093733,vegetative,0,45.5,medium,leaf_blight
kidneybeans,18.207981687139547,49.328333912082186,236.30270539188794,85.09050327766748,seedling,1,67.8,high,blast
cotton,31.258863506198267,45.96076010946948,296.1473313070496,77.35810854974056,seedling,1,78.4,high,root_rot
grapes,28.189679943237337,27.93914006924784,238.09907825472138,81.84036209153089,maturity,1,60.7,medium,rust
kidneybeans,13.514492989169625,75.26353560153247,55.155400778377306,41.07539040663879,maturity,0,44.0,medium,leaf_blight
orange,15.794599210008275,93.54343123569011,76.18877490102197,60.89998374498958,vegetative,0,48.8,medium,powdery_mildew
banana,26.509944410333965,87.74948539222274,10.383202629875388,42.07551504060961,maturity,0,56.3,medium,rust
orange,20.980546348797883,27.202937093341568,267.9596592746088,50.59573176334904,seedling,1,69.0,high,downy_mildew
rice,29.04911683366198,68.88331989797167,172.7031532916338,7.3651977419137795,flowering,0,67.1,high,blast
banana,30.109440789233457,91.883112109019,100.29470781151943,49.047977787239354,seedling,0,67.2,high,downy_mildew
sugarcane,30.635676412032893,33.204148595169976,73.2413413558853,59.328169819951896,seedling,0,46.4,medium,leaf_blight
grapes,21.453822096278017,92.7685617454006,169.85724953388515,58.13755923895967,seedling,0,73.4,high,bacterial_wilt
grapes,18.796740263007692,56.69885085130683,237.4552051435805,54.01193817598306,maturity,0,59.3,medium,leaf_blight
cotton,27.07877480972959,94.05371309210751,9.917924491797637,76.76637115163768,maturity,0,50.5,medium,leaf_blight
lentil,25.72436305960009,41.01440859723873,83.71476843567,13.532623925926064,maturity,0,43.9,medium,leaf_blight
grapes,21.348376148628002,39.065662516792294,12.864363866019989,37.29085081067995,vegetative,1,42.8,medium,leaf_blight
coconut,28.64836807957683,45.694429985708354,234.53578796708337,70.36307824145669,vegetative,0,51.4,medium,rust
cotton,21.556382126590623,75.86764788659828,224.14399450934943,11.390872806469105,flowering,1,85.6,high,bacterial_wilt
chickpea,19.220651629735972,68.67330660607162,195.9062805641223,11.195292089539842,flowering,0,52.2,medium,powdery_mildew
grapes,28.042737839856567,68.44074657712342,175.95744919703432,38.0975766646043,flowering,1,75.1,high,root_rot
cotton,28.09344704285463,36.16509084060982,154.16297150492403,53.10862679596961,maturity,0,47.8,medium,leaf_blight
wheat,19.299504483879506,41.94404907997544,42.938295204039136,41.431104057399914,seedling,0,26.2,low,none_significant
maize,30.840956799265033,68.61135033434464,27.685995975370258,92.4417455391193,vegetative,0,57.0,medium,leaf_blight
sugarcane,28.4449587127533,42.19622410197345,248.36084374940236,60.133081658746654,maturity,1,75.6,high,bacterial_wilt
orange,22.93446789517596,78.98776765692367,282.77004931961665,45.81483868058655,flowering,0,71.4,high,blast
maize,23.801350742506898,69.94743621825668,54.23392161905491,72.79690580912148,vegetative,1,71.1,high,bacterial_wilt
lentil,24.72012416282677,60.033942855077164,278.77383509524697,12.443964580736184,maturity,1,74.0,high,blast
rice,27.179370974877184,20.53567833114254,56.42411760053145,79.55648784106907,vegetative,0,39.4,low,none_significant
grapes,21.65584782578275,55.083075776238644,298.1179057552258,74.68575345541296,flowering,0,66.5,high,root_rot
lentil,20.283232285826614,47.14229237930978,125.33751193977943,21.50507256673993,flowering,0,48.4,medium,rust
sugarcane,29.024341292274006,48.82524429390351,226.90943833580087,80.1883691790766,vegetative,1,84.6,high,bacterial_wilt
watermelon,17.784016441690856,95.5215300264603,3.3480485053664077,56.31714045795938,vegetative,1,53.3,medium,powdery_mildew
cotton,31.50206856303697,48.008151633919184,97.47577425977929,14.477942071813434,seedling,1,57.0,medium,rust
grapes,23.815525125516952,87.50836216422175,135.54416123759466,19.379483738657157,flowering,0,63.1,medium,rust
kidneybeans,21.497992737308792,54.302379799362356,154.1344186624226,87.0817312767668,maturity,0,55.7,medium,leaf_blight
banana,25.297977074378174,55.18008376992482,119.5613436548918,89.15241295522986,flowering,0,66.3,high,downy_mildew
kidneybeans,18.966621791094543,20.717444537878393,134.5776243030747,89.57257792995945,flowering,0,40.5,medium,leaf_blight
chickpea,15.941395026334652,99.73114265096595,197.7160989166047,29.86588193579851,maturity,0,79.7,high,downy_mildew
banana,26.232011374536732,78.8116411090332,149.24995869068044,41.702010791366654,seedling,1,74.6,high,root_rot
maize,18.686414068467556,88.51968955776401,72.92292940446123,22.57554435503436,flowering,0,40.3,medium,rust
orange,30.26402673963712,54.15426989402658,244.8533152178899,88.6985122533084,flowering,0,70.1,high,blast
coconut,26.393453355089264,29.301074053927223,54.77466787168801,36.31499933932027,flowering,1,48.3,medium,leaf_blight
watermelon,24.839640060125852,29.418938782571846,172.82514562659645,89.04640859370143,vegetative,0,70.3,high,blast
rice,23.987815269433522,53.399945110981506,284.19641548367395,67.21609413129875,vegetative,1,78.3,high,downy_mildew
maize,29.932559385655484,73.86007730538282,191.42303377886887,16.19356999629472,maturity,1,77.1,high,downy_mildew
orange,21.52791656653745,96.55081895342099,32.76041412061023,5.363407886097668,seedling,0,59.0,medium,leaf_blight
orange,23.337440353379737,95.6262803575817,230.77693929820373,42.822666646933015,vegetative,1,87.6,high,downy_mildew
lentil,20.570840152206618,74.95195726731541,21.190611754769172,26.177847210059802,flowering,0,50.0,medium,leaf_blight
wheat,15.844012392079781,44.399644442236934,110.18413298279019,83.13431079547371,vegetative,1,47.5,medium,leaf_blight
watermelon,24.23242998815167,25.974170894952238,146.6086134443524,88.19536597193816,maturity,0,58.9,medium,leaf_blight
banana,26.38405346611416,89.01362202158295,174.75847910271833,87.8240795605056,flowering,0,76.8,high,blast
maize,29.987961988098878,34.37714169547248,9.849632054905422,28.01857154165468,flowering,0,25.4,low,none_significant
banana,28.09211631278848,31.82778567016019,25.797963789449252,91.41643897768895,seedling,1,47.8,medium,powdery_mildew
cotton,30.03825441348814,52.94405919495584,247.9199320989776,85.3472865293954,vegetative,0,75.4,high,downy_mildew
watermelon,24.435652020477086,57.638123550495536,142.60906090796138,49.389277795191326,vegetative,0,59.8,medium,powdery_mildew
kidneybeans,20.267413311645413,45.91949405993453,186.5341022412529,48.647776839399214,vegetative,0,74.0,high,bacterial_wilt
cotton,25.629606313594696,51.28231705447086,102.48900623766359,30.3034362883178,maturity,0,55.4,medium,powdery_mildew
rice,25.5725078915456,34.65125218040741,277.0214285006845,56.40476278063708,flowering,0,56.4,medium,powdery_mildew
wheat,12.673521316936334,33.545129953434525,249.93315292022902,91.99474842798146,flowering,1,69.6,high,bacterial_wilt
coconut,22.848045768464928,49.14490996544636,135.10899818852363,58.70987394722441,flowering,0,58.5,medium,leaf_blight
cotton,31.06737422386558,28.162786671141724,127.07234467758714,93.06386394808284,seedling,0,64.9,medium,rust
kidneybeans,13.613937453371417,23.398936844539726,296.72840802971024,34.44505256203716,flowering,0,44.1,medium,powdery_mildew
orange,20.427271289885056,36.44401169300778,214.93389246111312,83.71082402398635,seedling,0,69.6,high,downy_mildew
coffee,26.81743293056061,63.08298353483161,200.86514653806088,62.183298308669954,maturity,0,70.1,high,root_rot
coffee,25.355345468927897,46.6969640048669,124.52290347031861,6.226160117206052,vegetative,1,60.1,medium,powdery_mildew
cotton,26.893020806885975,61.21395450105345,136.80313145519423,82.57866359500049,vegetative,0,66.2,high,downy_mildew
cotton,29.824167758564265,40.26944508500807,126.85368201893652,30.65360981857323,maturity,0,55.9,medium,powdery_mildew
chickpea,19.75498694828611,62.82146778499608,218.05004436659283,60.05044206393506,vegetative,1,72.9,high,blast
rice,25.85210750637708,95.06913812303347,135.43577884292802,79.5546175746471,maturity,0,71.5,high,root_rot
mango,28.383252542283298,75.55259849947186,246.08678451719743,45.644676398056674,vegetative,0,63.5,medium,rust
watermelon,23.441607589409397,48.46341121025377,110.49881973324902,54.41876814914128,seedling,1,67.9,high,blast
wheat,22.386877205227453,62.353439762647824,228.2848361989632,26.561978564661604,vegetative,0,61.2,medium,rust
orange,21.528519232110654,39.42132040425921,43.8878444482527,80.7385839655301,vegetative,0,50.6,medium,powdery_mildew
coffee,22.232113949110925,93.5981539606818,163.3881516270442,27.402136580986788,seedling,1,72.3,high,bacterial_wilt
orange,17.62169420998658,96.96535267474992,59.21616921438025,83.99242606208158,maturity,0,60.0,medium,powdery_mildew
wheat,16.627392982085457,91.73374214915944,38.38868896734243,81.08443474508721,seedling,1,61.8,medium,rust
grapes,22.690751652495514,41.00664250335349,159.2728199881342,86.83330432933052,flowering,0,65.1,high,blast
cotton,29.227246201981373,57.50800941324964,252.2698376532972,60.53195267306364,flowering,0,63.2,medium,leaf_blight
wheat,23.686506218644567,42.7632701861874,78.85324709417534,90.08269578443809,vegetative,0,54.9,medium,rust
lentil,21.46859961564828,68.49321996568402,76.04926099393954,77.00135352452881,maturity,0,65.9,high,downy_mildew
kidneybeans,20.174489285543892,85.10566247383626,20.239046152829253,88.5352797560553,maturity,0,75.0,high,blast
maize,19.85852948429416,61.245394979388664,175.75026863065176,64.62457823125948,seedling,0,61.0,medium,rust
chickpea,23.84014331442898,52.11006312644378,84.66730125825406,9.729199527438057,flowering,0,32.9,low,none_significant
watermelon,25.250180390547577,94.70244917237564,264.20289335149613,55.48739344235027,seedling,0,81.7,high,bacterial_wilt
maize,18.202411838659888,57.117017751759356,171.9278609265312,70.82910400087977,flowering,0,68.1,high,bacterial_wilt
sugarcane,30.367807653669928,95.22534251601638,50.39361401488457,84.60374193896804,vegetative,1,78.6,high,root_rot
lentil,24.59422408907156,83.4076710433176,40.978857736261986,32.54109059305654,seedling,1,70.5,high,root_rot
kidneybeans,17.92938002952631,41.724294740816106,159.30656260549088,19.159878869830443,seedling,0,44.7,medium,powdery_mildew
sugarcane,32.088838189515506,99.50286441496111,248.910757912246,54.85327298873924,vegetative,1,78.1,high,bacterial_wilt
coffee,25.893217164671576,65.57652239100169,92.3969348299544,78.04904111942204,seedling,0,48.5,medium,leaf_blight
kidneybeans,16.723380459465698,50.32597771816633,119.37194926042538,47.26852850024272,seedling,0,39.7,low,none_significant
sugarcane,24.534379406775223,45.25626025020361,289.92207375565556,43.49887271169222,flowering,0,51.2,medium,powdery_mildew
sugarcane,24.660332227105467,37.90377535433421,196.9059221649742,23.65070659149499,maturity,1,65.0,medium,powdery_mildew
cotton,24.073437374982515,87.38812379389066,271.367730530285,17.209433158013667,seedling,0,68.7,high,bacterial_wilt
lentil,22.69188144530147,75.89462043198434,44.24235548970618,74.15158648242101,vegetative,0,67.0,high,root_rot
watermelon,22.64568978817021,89.583969208756,26.654169234514523,73.61808106108596,seedling,0,62.4,medium,rust
coffee,23.966491198600533,74.02979939254827,94.85855044651986,72.37132790253332,seedling,0,66.6,high,root_rot
cotton,26.082303051382926,31.889318730701106,263.7635946177858,25.927673287028966,maturity,0,54.8,medium,leaf_blight
grapes,22.000377521856475,60.73345706699964,166.5074711128564,25.451917763635535,vegetative,1,69.6,high,blast
cotton,30.34568426072773,57.753930255756785,175.17093089468162,67.24644848950769,maturity,0,64.4,medium,leaf_blight
kidneybeans,14.409606573293853,79.9385369399079,109.01590494233179,71.51852719198374,maturity,1,71.7,high,root_rot
maize,23.224533150827458,78.5265909302218,200.10409714972297,93.46029336611119,maturity,0,74.9,high,downy_mildew
lentil,20.65655942628488,67.70241512965151,177.69200234282462,61.84623691808101,seedling,0,59.9,medium,rust
cotton,29.467259685820828,50.01781913552088,159.80082233282548,79.99892400331312,vegetative,0,60.6,medium,leaf_blight
sugarcane,24.977915123543056,31.307507047221712,61.65482335282765,61.27533443191565,seedling,0,44.3,medium,rust
banana,27.323033917070536,24.48386492303147,103.42788998682238,17.208744616070565,flowering,0,39.6,low,none_significant
lentil,23.92526513979773,79.06008593702671,26.920772664639802,88.88497983929871,seedling,0,63.6,medium,rust
orange,20.886372362307828,40.820846591550534,115.3502269272613,60.04282469443879,flowering,0,50.3,medium,rust
sugarcane,32.01990796810844,93.00339210986186,32.004559726318895,91.12026038225858,maturity,0,55.2,medium,powdery_mildew
sugarcane,26.713004979777672,86.21749218607314,37.42124404314754,44.535992329593526,flowering,0,68.0,high,root_rot
orange,22.647875408789737,45.58349480841555,37.505465368841996,21.6119551073328,maturity,0,39.0,low,none_significant
kidneybeans,20.686933854639634,79.04557204284025,120.57384065767764,53.26945469581377,vegetative,0,65.9,high,root_rot
sugarcane,23.359009996165074,62.09756157568748,209.02939301839535,37.27244241069279,maturity,0,67.0,high,bacterial_wilt
grapes,22.260965453547204,24.38379058085573,270.1628175767989,88.3432999650016,flowering,0,57.9,medium,leaf_blight
coffee,25.63954662058376,38.3772518011796,152.269808704475,60.24302885855952,vegetative,1,71.1,high,blast
coffee,23.336636949016484,94.36198092642277,263.6313059318722,7.973677783009419,seedling,0,79.9,high,root_rot
maize,19.769252528285072,86.36967826524868,128.23068977658474,55.13265393384747,seedling,1,61.7,medium,leaf_blight
lentil,22.975697066053097,74.30423643858929,289.88407279603746,48.53895339709948,seedling,0,64.3,medium,powdery_mildew
mango,33.983667239021315,26.35259440703626,242.20986948578152,82.78418882446289,vegetative,0,47.6,medium,powdery_mildew
coffee,20.96885162234123,54.69063098599142,134.3625905699992,94.79429015217421,flowering,0,70.0,high,blast
banana,25.029843432939543,56.89896920134522,87.30193437013911,53.17413908059282,vegetative,0,49.7,medium,leaf_blight
wheat,22.025413977957854,23.09739533535801,197.64002382663992,92.27078552143433,flowering,0,57.4,medium,leaf_blight
coffee,26.001008247994147,44.79297236563112,290.0592443359045,24.363048417241778,seedling,0,64.2,medium,leaf_blight
watermelon,26.119868802307213,33.77851878187557,195.43112746790052,19.859590816328733,flowering,1,67.1,high,downy_mildew
sugarcane,25.82898958156061,49.417843630389804,216.28304471373042,94.79956280891962,seedling,0,77.9,high,downy_mildew
rice,23.56906891029802,81.82686947359326,182.00674170453124,42.07292494313726,flowering,1,81.6,high,downy_mildew
grapes,20.810231516747766,29.729746580923564,27.80863556389597,63.43870881824869,vegetative,1,41.3,medium,leaf_blight
lentil,25.81732521817485,37.613110592936295,2.1117629048151954,45.124640612001265,vegetative,0,37.2,low,none_significant
watermelon,24.05935760356371,87.65510296768173,109.65166876127218,76.1084197557305,vegetative,0,82.2,high,blast
cotton,23.898247356045495,27.318228511663616,41.64879743856058,31.41319642099862,vegetative,0,31.1,low,none_significant
wheat,27.030574226394023,69.53763491644197,112.74646851233567,10.412175260812067,vegetative,0,44.0,medium,leaf_blight
lentil,31.54941601722093,64.97719568486374,142.83156573033477,81.36636567366308,maturity,0,67.3,high,downy_mildew
coconut,29.20046567807851,96.36731110337793,85.566314340969,47.204494251826965,vegetative,0,74.9,high,downy_mildew
orange,22.994699903072075,43.21937630042772,288.2238883263831,92.58046533216859,seedling,0,64.6,medium,rust
kidneybeans,16.511240898515155,98.7534619482619,237.23762220572868,67.76590929113493,seedling,1,93.4,high,bacterial_wilt
grapes,26.758707714982812,32.85856382273727,289.2210170589102,53.724087430313396,maturity,0,64.2,medium,leaf_blight
coffee,25.700127931611142,95.32171423482689,283.33083327901187,57.0753008456418,maturity,0,76.2,high,root_rot
cotton,25.97112402516381,93.3277556503648,251.95011239308218,89.56725714734137,seedling,0,88.3,high,blast
cotton,26.667935888408394,80.2436799005233,130.6808632262275,8.938908462130481,maturity,1,78.1,high,bacterial_wilt
orange,24.550594819510984,49.31535172097189,98.42487881001537,74.34464193938071,vegetative,0,51.5,medium,powdery_mildew
grapes,25.05805614334426,45.78303532127342,4.616650875844952,82.45126984349368,flowering,1,57.6,medium,powdery_mildew
coconut,33.61611865037624,53.380654083432006,221.91779598487832,54.33558732123427,seedling,0,56.4,medium,powdery_mildew
wheat,17.38227316797237,56.26215599718974,198.33656752612265,24.63820688397199,maturity,0,46.9,medium,leaf_blight
chickpea,18.058479767338238,73.23431344938818,114.08019131845221,86.24032877894109,maturity,1,67.9,high,bacterial_wilt
banana,27.826476358563625,28.102443607468437,89.27369956816985,90.89838666908567,maturity,1,59.0,medium,powdery_mildew
chickpea,21.27334188487947,56.57713372299506,275.3138782350464,67.51785456498271,flowering,1,83.5,high,root_rot
coconut,25.71645609207922,30.504816527249872,123.88293175043967,27.38010191680526,vegetative,1,59.9,medium,leaf_blight
mango,29.2810843435161,42.227614797700596,254.3206022859645,59.99951737194719,seedling,0,70.2,high,blast
coconut,27.75850736171884,29.865768731581078,182.34461045019978,92.1982170248656,seedling,1,70.3,high,downy_mildew
watermelon,28.420613964135455,88.97767135871578,30.402266186404148,63.63304636857357,seedling,0,66.5,high,root_rot
kidneybeans,9.031265965725318,64.46609274967031,35.992805560895334,25.27656262675856,flowering,1,38.9,low,none_significant
orange,22.303154813084173,79.4720526278648,192.847675461362,42.06383198994859,flowering,0,63.1,medium,leaf_blight
maize,20.836026509395875,61.4410607284496,157.56251039523193,59.65722354117252,flowering,0,66.4,high,downy_mildew
chickpea,17.87600456385905,66.09478408411533,126.96599967340879,41.91067925116318,seedling,0,47.0,medium,powdery_mildew
cotton,26.62528418571815,68.77298646498252,38.802186817822516,78.272565940088,flowering,0,61.5,medium,rust
sugarcane,30.40449668650795,82.28643764361003,33.10465995196209,11.731119781827708,vegetative,1,55.8,medium,leaf_blight
chickpea,25.362243712196864,26.80569685521773,246.2687075335193,22.04983395649716,flowering,0,56.9,medium,powdery_mildew
kidneybeans,21.012908632598663,82.87508505552297,251.18707223122755,65.68620817790938,maturity,0,75.1,high,bacterial_wilt
sugarcane,32.715866879148,98.68247816273104,207.0435802110631,88.53144848642572,flowering,0,81.1,high,blast
orange,20.328923746113396,67.23582297204607,150.89150846862964,78.40447273537627,vegetative,0,69.3,high,blast
coconut,30.09863856361154,63.163711686256306,123.97332123872704,82.07630453518219,vegetative,0,61.5,medium,rust
wheat,21.77044519481612,90.42637727986875,182.00530508970684,33.766648533122805,flowering,0,71.6,high,bacterial_wilt
chickpea,18.92528013519313,92.6109085917966,192.25420288394386,18.05831450842468,vegetative,1,75.0,high,blast
grapes,20.195443945690176,94.62125571862808,23.762192084693712,91.02394788352566,flowering,0,59.7,medium,rust
rice,26.258931226521845,29.14240942214459,201.85682385724346,11.96302934094128,maturity,0,55.5,medium,rust
rice,25.092620496567154,22.282450994617626,290.0656044185355,24.378954339653774,seedling,0,54.2,medium,rust
watermelon,23.62852737882893,62.440176975359485,208.3010119442237,72.97712049880909,vegetative,0,72.6,high,bacterial_wilt
maize,25.683398059884453,64.43288446206954,38.11505786607097,91.75981331862509,maturity,0,61.5,medium,powdery_mildew
chickpea,19.73579408957607,27.250405215875535,77.22920854737372,62.81400919899779,maturity,0,39.5,low,none_significant
lentil,23.846698555636348,34.7730071338356,116.41895974873381,11.284289574456004,vegetative,0,51.7,medium,leaf_blight
rice,26.112284903919917,91.19695805514606,292.8110430822564,81.00813433598995,flowering,0,82.5,high,blast
coffee,26.45817650458993,51.26021848267666,82.8290771341003,63.906441134196115,maturity,0,53.5,medium,rust
mango,33.519785116416834,93.6733465934252,208.03435206555227,19.075218176618623,maturity,0,68.5,high,root_rot
sugarcane,29.12017088881509,31.94914777500724,89.80971595961046,12.205394655537479,vegetative,0,32.9,low,none_significant
wheat,15.080775791786726,87.81613565947943,125.75572509941948,44.75926746872031,flowering,0,50.0,medium,rust
watermelon,27.070735452083404,88.09252612335992,135.39655316678875,86.5285220410871,vegetative,0,83.9,high,downy_mildew
cotton,25.687770217120754,91.55826293711495,266.1258521816295,48.77731999930118,vegetative,1,73.9,high,root_rot
coconut,25.726450326752563,36.97825074025608,283.1773465026395,57.63752126466887,flowering,0,53.4,medium,powdery_mildew
maize,23.139477644897475,64.10535325606992,155.01350748847742,53.857977969430344,seedling,0,64.0,medium,rust
sugarcane,30.919762875301856,91.33441074689516,129.27377096450155,36.67930989550784,maturity,0,73.7,high,downy_mildew
coffee,23.796465290220333,50.938612122049065,107.06028607224023,56.22456686694846,flowering,0,50.2,medium,rust
banana,25.67118007221986,75.67630305080182,143.6398545070307,58.00399923000613,maturity,0,74.3,high,bacterial_wilt
mango,34.95873403450391,79.4756778293239,142.89354692321692,24.278748793648543,flowering,0,43.5,medium,powdery_mildew
wheat,26.99861119790053,73.52728292015216,97.8233159749709,7.722102676856643,flowering,1,59.9,medium,powdery_mildew
grapes,14.808817839007727,91.15026865981066,200.3369711559936,77.5935784056645,maturity,0,76.2,high,downy_mildew
kidneybeans,14.406570908183925,95.48920113847811,164.64512355559924,11.45098084811316,vegetative,0,74.7,high,blast
mango,34.73569201145274,24.962288151691503,36.50645578346888,65.4255673329049,maturity,0,33.6,low,none_significant
sugarcane,24.775734647093053,40.61055708137908,99.46545774202662,68.69267966854176,flowering,0,61.2,medium,powdery_mildew
chickpea,18.161427949625242,37.61203351040797,103.04010259118053,8.112132401979403,seedling,0,23.3,low,none_significant
wheat,16.928762335042176,82.46297615461337,223.4871936042514,79.62330002743934,maturity,1,82.3,high,downy_mildew
chickpea,20.9428600063762,58.22433261119759,173.20500771985303,5.767094315825489,maturity,0,68.6,high,root_rot
watermelon,27.673767677334954,31.818686419978093,78.89596718248737,59.6633347628561,vegetative,0,45.1,medium,powdery_mildew
banana,29.46516667091985,24.952480536142208,1.0370698607031215,52.40029257351504,flowering,0,36.0,low,none_significant
watermelon,22.997498970599096,34.685637010717244,0.4725921476387507,93.32176309616172,maturity,0,36.4,low,none_significant
sugarcane,37.57939611340509,88.77063675071814,88.21763627079707,55.79299496160934,maturity,1,64.5,medium,rust
watermelon,24.213488688752257,69.09224036914131,207.7399667654013,57.94462964170116,vegetative,0,72.4,high,bacterial_wilt
mango,28.610100861908368,36.788741980486165,252.82713376116297,6.8996937946289885,maturity,0,51.7,medium,leaf_blight
coconut,25.49949665077677,70.46514178367357,116.97197253103559,70.12746031559958,vegetative,0,72.2,high,blast
grapes,23.464527530687615,54.954470040856464,12.977077205781452,19.38342660011994,seedling,0,42.8,medium,powdery_mildew
mango,26.658845122984793,54.63488188185104,252.9160451143739,72.77701241688113,seedling,0,65.1,high,downy_mildew
cotton,26.76351097454272,43.84922461650048,222.31881804839085,43.904721606538736,seedling,1,66.7,high,blast
cotton,28.412732243915453,85.3056548563986,143.8826273098043,60.80152505637351,flowering,0,75.9,high,downy_mildew
maize,29.878698889979205,42.47578747280191,217.22754763587807,68.05992095832372,maturity,1,78.6,high,downy_mildew
orange,22.85017068401932,43.80219232906111,214.8593298732965,28.733734069222322,maturity,0,57.7,medium,leaf_blight
banana,28.67486257107125,96.14953528604474,10.211633229979034,7.062659625380826,seedling,0,51.1,medium,leaf_blight
orange,16.507002423530327,75.36908383519177,124.91606384993668,94.75205103734362,seedling,1,71.5,high,bacterial_wilt
chickpea,22.749470192898578,90.31040755472117,100.16601811675613,64.50785388085443,maturity,0,59.1,medium,powdery_mildew
banana,28.079177252781392,92.48216908007562,136.26294305619186,18.632223531559248,vegetative,0,69.6,high,downy_mildew
wheat,12.587792897040316,85.72660548962686,93.18155146296876,31.968945569387625,vegetative,0,59.3,medium,leaf_blight
orange,20.104895633551717,91.44442481748862,106.12371565838245,19.91623408308503,flowering,0,61.6,medium,powdery_mildew
maize,20.273663217592095,45.79306500378784,85.41598143252361,27.205426043560095,vegetative,0,40.9,medium,leaf_blight
grapes,26.679031652347245,77.1383898438462,274.33119988257357,90.90370970199078,vegetative,0,76.8,high,blast
banana,31.147787572813602,96.96296729910648,256.86137189058053,85.92837549417138,maturity,0,86.7,high,bacterial_wilt
sugarcane,32.39361396924533,38.18841173931122,41.881969174210646,83.34575840933461,seedling,0,36.2,low,none_significant
banana,29.19534925224749,94.91013191478686,201.43502718139223,33.84976848321545,vegetative,0,83.7,high,blast
grapes,26.510578910989913,46.73572046457163,117.34481445372023,38.212283684871984,maturity,0,50.1,medium,leaf_blight
orange,27.880100398825192,51.94654310530868,162.34791525340364,78.51170775367927,vegetative,1,74.8,high,root_rot
mango,35.49121733026087,96.37388199826563,85.5898993750406,22.85433373366853,seedling,0,56.3,medium,rust
coffee,24.09086687446143,35.961257461363736,198.66677467013855,44.2415740810019,maturity,0,55.7,medium,leaf_blight
chickpea,18.7061391715743,43.16150005158708,31.310527097675255,15.337969805479606,seedling,0,20.5,low,none_significant
lentil,25.673682525218602,72.54160627120288,70.09575074588913,84.20527377485175,maturity,0,61.4,medium,rust
sugarcane,29.400908196160618,35.86934800248652,101.71884876926485,64.46484678427835,flowering,0,42.3,medium,leaf_blight
coconut,25.48615841827896,62.68931515867331,9.99476393435943,77.35560499121672,vegetative,0,50.3,medium,powdery_mildew
lentil,20.33663466549013,78.77852091396409,70.37906090961408,52.42900138729251,maturity,0,55.7,medium,rust
chickpea,20.4744019832489,35.39200076587635,278.0204524707818,81.80100269384234,flowering,1,79.7,high,blast
watermelon,28.18984140154275,71.89521636175355,246.2682807955538,72.42421264861697,flowering,0,75.6,high,downy_mildew
rice,22.779918202475734,65.25287873222588,251.48819787670942,23.489326677808517,seedling,0,66.0,high,blast
mango,30.50061515524387,69.88259774286894,166.43138392400905,35.904106365727735,maturity,1,74.3,high,downy_mildew
coffee,27.843114149234168,60.33304223210174,177.40501365666964,87.04259680478856,flowering,1,85.2,high,blast
banana,23.24330909758993,88.16250984495275,79.6501842008816,17.586854579063303,vegetative,0,59.1,medium,powdery_mildew
maize,29.968584933745802,24.422874381801574,17.63976897156717,23.097401748682643,maturity,0,32.3,low,none_significant
rice,23.61268707203185,52.67129796035885,179.37754763494917,94.03128922316229,seedling,1,82.6,high,blast
cotton,25.281210939872135,49.41436914025218,233.48447279487468,59.14813927670231,vegetative,0,61.4,medium,leaf_blight
mango,27.676287721081582,76.78805625027373,144.64658162342113,31.59422397283472,flowering,0,57.6,medium,powdery_mildew
coffee,26.613637798927922,92.14384241881345,223.16144827740268,21.308898001659724,flowering,0,72.0,high,root_rot
rice,25.56490585630005,66.86198440734663,113.09348583555021,55.4358992162487,vegetative,0,55.3,medium,rust
cotton,23.579498966194127,89.18234618632106,49.00853844108194,76.89729645714206,seedling,0,64.4,medium,rust
grapes,24.252103852262913,91.47027370097001,136.0584281061684,9.970672064852295,vegetative,0,64.3,medium,powdery_mildew
mango,25.772033657472075,74.28918570944795,87.32829590487583,46.79259583470344,seedling,0,69.0,high,blast
watermelon,24.017800192887623,80.89075228522519,96.86394475279957,34.14429307305773,seedling,0,67.4,high,blast
maize,24.821189200728245,34.101718164240765,247.80846714504352,73.79128782898434,seedling,1,70.0,high,blast
maize,30.78717237318724,51.21739625227829,186.01729293097148,64.56850018597599,maturity,0,71.6,high,downy_mildew
lentil,22.51587752645894,97.06722446301464,93.1291911151542,8.379154094611675,flowering,1,73.9,high,blast
sugarcane,28.65206018161996,39.730644030499306,70.06747315222842,16.606247253777855,vegetative,0,39.2,low,none_significant
kidneybeans,14.649523798264035,51.23615084312685,69.78566129566573,56.683759900335424,seedling,0,37.6,low,none_significant
cotton,27.78829708266573,81.83083984633642,146.4818123732297,56.79508484627242,seedling,1,82.0,high,root_rot
cotton,22.612866073364522,63.879379090535544,156.58033177588052,67.26847305958027,maturity,1,79.9,high,bacterial_wilt
grapes,25.40067288174358,76.43154314106204,81.0885677043979,43.2882205271179,vegetative,1,73.1,high,downy_mildew
rice,21.40106953880144,55.00361922939951,16.488218137192312,31.662110647703617,maturity,0,40.7,medium,leaf_blight
watermelon,25.998443520773673,96.04321395120365,232.2641455157502,43.095435188808096,vegetative,0,73.8,high,downy_mildew
maize,27.92965129425214,65.1668283943913,104.80640075670897,41.138454937990986,flowering,1,64.9,medium,rust
orange,22.163274546976854,62.62490122782833,111.37071563148453,71.43437264335324,flowering,0,60.6,medium,leaf_blight
wheat,22.467767309122657,41.91953658758527,243.51508038829357,29.200506029419515,maturity,0,60.3,medium,powdery_mildew
coffee,26.47402413256181,44.87647920603271,104.94221210635413,22.88907959414456,flowering,0,41.9,medium,powdery_mildew
kidneybeans,13.779569078348427,21.05258262357048,241.54461904407157,67.24631676176253,vegetative,0,50.6,medium,rust
maize,25.123965869963044,81.6559645378456,32.694505905924075,75.41576626630797,seedling,0,50.2,medium,leaf_blight
mango,27.598805736222054,69.97008808421569,274.11717752161593,13.438785000319411,vegetative,0,68.2,high,bacterial_wilt
wheat,19.93419705586014,49.44236841798295,44.625374157212796,7.617610912354572,flowering,0,27.6,low,none_significant
mango,33.236689679662874,82.50392989259328,144.27595446775848,83.07815143376216,maturity,1,63.6,medium,powdery_mildew
sugarcane,30.649350923267495,36.58309073634438,68.5287075584981,60.46063389333615,maturity,0,41.0,medium,rust
rice,25.92418726917575,36.875631088482464,28.012819534996524,13.418599055366935,seedling,1,44.7,medium,leaf_blight
coconut,29.016122641458843,75.32048670628208,248.08551439431446,83.70402556978709,flowering,0,80.1,high,blast
rice,23.675007695529295,72.06923000113797,108.84808000180121,91.76643680532662,vegetative,1,64.1,medium,powdery_mildew
grapes,23.754117311902686,26.694847625340962,129.63329648572665,87.3230118046549,vegetative,0,50.9,medium,leaf_blight
banana,25.586388028856405,94.7759865839486,17.09219566005329,60.476273351851496,vegetative,0,61.7,medium,rust
orange,20.495935703204797,94.98884670070697,298.33806652658063,65.32210830651672,vegetative,0,78.6,high,bacterial_wilt
wheat,16.93930064714768,25.019090089454163,199.06968059965286,6.867996381454125,seedling,0,35.3,low,none_significant
rice,26.587477341745416,22.515328098384295,33.72674913930231,25.33327051652479,seedling,0,26.5,low,none_significant
watermelon,23.737078734225015,77.8854651755637,196.15582184929045,39.46991740773272,seedling,1,85.2,high,blast
mango,30.424307876472476,24.802894326855665,123.8558196979438,54.07396253930243,maturity,1,51.2,medium,rust
chickpea,18.86193794717812,74.55485253419113,271.06828992858044,34.25499297162,maturity,0,53.5,medium,rust
maize,19.070818559727165,84.78577523941104,265.51888591316174,24.725551219032734,flowering,0,72.6,high,downy_mildew
rice,19.615288693613486,88.11003255607913,151.80712184477898,50.77926714128584,vegetative,0,66.2,high,blast
grapes,21.162601401219558,22.38427911128121,104.42318086346577,43.92747715424485,maturity,1,54.3,medium,leaf_blight
mango,30.297460136157817,47.121759759278696,218.0563035940942,21.17256247809889,seedling,0,55.4,medium,rust
sugarcane,33.49711145423072,68.31312279782028,4.489980153740003,58.244746314346905,seedling,1,48.0,medium,powdery_mildew
kidneybeans,17.75906298445802,69.83929002283247,121.66663185865193,6.1563478210076354,flowering,0,50.6,medium,powdery_mildew
mango,33.09938940432699,62.05528793577359,23.079456379219998,36.29023774706946,seedling,0,32.1,low,none_significant
mango,28.461101530875307,74.382883083479,90.37259548196639,82.73071533032007,seedling,0,54.2,medium,rust
coffee,17.248361314172758,20.480186418922848,233.17234234207328,37.51825789946722,maturity,0,38.3,low,none_significant
mango,34.02903184453972,51.22849798146967,83.91453830986939,85.79785381382364,maturity,1,58.2,medium,rust
rice,23.535048342498623,64.1120307752918,50.07044844589896,15.139271944863225,vegetative,0,48.6,medium,leaf_blight
rice,26.684230155846844,81.31306160142162,147.185256520179,33.16956921516153,maturity,0,72.5,high,blast
maize,23.312268425855034,65.55519069085899,186.0162084659467,84.1056945703645,maturity,0,67.4,high,downy_mildew
mango,27.882373378467385,99.64857799391854,226.84563462031292,76.11463085302199,flowering,0,87.6,high,bacterial_wilt
kidneybeans,15.891250507803194,64.47967874125266,164.83923910119952,58.754101296231326,seedling,1,62.9,medium,rust
coffee,23.421376707762306,74.33628077908578,76.96275517145091,82.01899290699525,maturity,0,49.1,medium,leaf_blight
maize,24.858332722309225,45.50404686282703,211.33717367538935,81.97581072541759,flowering,0,66.6,high,blast
mango,31.345412128480078,85.00373644307176,222.1650992591172,7.889659462132713,seedling,0,70.0,high,downy_mildew
grapes,22.07168958357928,99.7964288092416,62.50201199778699,32.50093816887189,seedling,1,80.2,high,blast
wheat,18.481549947166922,89.98454522496343,18.797875645994587,62.89367142806138,seedling,0,51.2,medium,powdery_mildew
grapes,26.47410881697538,23.04251351495374,129.08740115925028,12.286948854955728,vegetative,0,46.7,medium,powdery_mildew
sugarcane,29.203809198893488,44.78292776201195,209.72061672299958,69.14366442506875,maturity,1,73.3,high,blast
mango,30.996401224235754,47.7862585270137,185.2482342559932,30.158328834864555,vegetative,1,70.8,high,blast
coffee,26.630271186030562,69.8988745324232,199.87952240276374,94.50531830199415,vegetative,0,79.1,high,downy_mildew
chickpea,19.197740208571325,50.69915658754255,273.9491056171664,50.983862260602756,flowering,1,70.9,high,bacterial_wilt
rice,26.012420447170236,38.773770328292336,170.24237146598193,15.418865355993457,flowering,0,40.8,medium,powdery_mildew
banana,29.60847835543468,22.505434549703295,258.14665047461494,25.18551282543318,seedling,1,61.5,medium,powdery_mildew
banana,28.82514906983484,79.8890631417599,19.196985327640135,29.942560875276204,flowering,0,46.8,medium,leaf_blight
coffee,25.916313285256347,66.58236931030606,242.07152643212893,54.62076017169958,vegetative,0,70.2,high,bacterial_wilt
sugarcane,30.173253750571035,25.818629926569116,275.036373053491,21.367848105588266,maturity,0,45.5,medium,powdery_mildew
kidneybeans,19.78668429002664,80.49429826971306,132.72865350978276,48.80151035175373,maturity,0,64.3,medium,rust
orange,19.78011857502575,72.1707662606812,99.88265892689435,94.61354186418242,maturity,0,54.2,medium,leaf_blight
wheat,15.35462779029259,38.96082834129831,93.8284415187598,52.66645568226356,maturity,0,34.8,low,none_significant
mango,30.121281217136417,47.69241910465982,23.705408457915844,92.65651540544347,maturity,0,62.9,medium,rust
sugarcane,25.43926176512033,76.01171315471719,16.965636063889487,87.99514689653478,seedling,0,44.5,medium,rust
maize,24.683190908962338,87.98372435857813,144.01493230572254,76.86039589855648,seedling,0,72.5,high,blast
banana,28.55529979991451,23.600210663437025,298.76868374335317,64.98886964601233,vegetative,0,57.0,medium,rust
cotton,24.55926404673443,95.98416578286806,7.971963097642931,91.7863469713217,vegetative,0,63.2,medium,leaf_blight
grapes,23.4749490323437,30.946091822374182,85.963827919422,34.30393854291487,flowering,0,38.0,low,none_significant
banana,27.837324160501435,98.40165217445202,31.097307977299714,11.802011327101972,maturity,0,46.5,medium,powdery_mildew
mango,25.445136568798173,87.5036666492704,146.91408322744664,38.13250495149143,maturity,0,57.8,medium,powdery_mildew
maize,26.502841739613913,26.28327273237396,87.85061922268018,21.629726326008246,maturity,1,56.1,medium,powdery_mildew
coffee,25.704828007080167,49.82955630140126,259.4903100609481,47.07878081402809,maturity,1,62.6,medium,rust
wheat,20.715472250994196,43.109037132349776,66.88237027205282,39.942828019759496,seedling,0,51.0,medium,leaf_blight
orange,21.924501096519794,31.063227665243154,2.5230828115443305,93.78754307470616,seedling,0,33.9,low,none_significant
sugarcane,21.574503785254464,98.07192886823748,164.6175392480448,36.87957715692054,seedling,0,74.6,high,bacterial_wilt
banana,24.158814828849813,35.35581157098421,41.20126750862808,57.33145905929419,vegetative,0,51.3,medium,leaf_blight
watermelon,22.010216571128037,93.33037301235957,113.45371800999624,86.39107009755678,maturity,0,70.7,high,downy_mildew
cotton,28.94141614539229,82.31929778553348,296.51028697769175,43.98032014019582,seedling,1,81.8,high,root_rot
coconut,23.66582269950849,73.0055673775289,172.1040491086929,93.45617549939774,flowering,0,76.1,high,blast
wheat,12.88295079499187,61.88621039400751,242.22902294290787,87.64276520267344,seedling,0,58.0,medium,leaf_blight
coffee,24.479656308460743,36.03022548624033,81.80201697026509,54.486178541875255,flowering,0,42.2,medium,leaf_blight
chickpea,20.67788156690848,69.86809171109431,267.31730116316083,93.85205511570537,maturity,1,88.6,high,root_rot
sugarcane,31.72636576589254,76.35486351571225,141.79199711233727,50.00312096523113,seedling,1,77.3,high,blast
wheat,9.474833285468016,99.29885943463236,53.43225850877881,71.28756274761137,seedling,0,54.8,medium,leaf_blight
maize,24.30316031901375,66.23284138159877,113.28892655238195,76.77158798755684,seedling,1,76.2,high,root_rot
banana,26.211230027800706,75.65533242627389,134.2075313715959,82.16453509044115,vegetative,0,73.7,high,blast
sugarcane,26.53380706562206,88.63378283247351,105.24194807367302,65.25448331246892,vegetative,1,85.5,high,blast
coconut,26.304562461795157,95.24329478844341,216.03204539926418,18.82916931732389,maturity,0,78.1,high,root_rot
lentil,22.664363276420186,59.563616014100205,90.57798740997545,81.74182691882635,vegetative,0,55.1,medium,rust
wheat,13.271547704757417,95.52448094561214,220.88305127966618,11.490847968218194,vegetative,0,63.2,medium,leaf_blight
kidneybeans,12.498515537845376,30.863280062576514,94.28009445468774,81.38467341153915,seedling,0,38.7,low,none_significant
maize,30.24919549099388,52.705657564337194,165.0340262879771,90.74182050766059,flowering,0,71.9,high,root_rot
coffee,21.621086932191638,41.13576165012259,179.31994802992253,42.348032389363674,flowering,1,70.9,high,bacterial_wilt
rice,25.421359529537185,91.68998982403632,125.0310536683645,72.85002198684057,seedling,0,72.3,high,root_rot
watermelon,20.82674659492316,95.6795832835509,290.14578206937955,48.80550880236132,flowering,0,77.7,high,downy_mildew
banana,26.78164397192369,78.56778130318547,206.14608354163983,17.58724758109594,flowering,1,73.9,high,bacterial_wilt
cotton,27.331576061508418,48.15840759979623,152.28518923767257,32.03815342299728,vegetative,0,55.1,medium,leaf_blight
lentil,18.921931149306836,82.68040786792206,91.03040066904228,61.9134689739507,flowering,0,58.6,medium,powdery_mildew
cotton,29.101469413222297,38.48700615418763,197.4086210711613,29.036254702759063,maturity,0,67.5,high,root_rot
watermelon,22.171923536671386,43.198489098701415,260.6442978063024,71.6000492331798,maturity,0,73.5,high,downy_mildew
lentil,20.534217642937385,76.99591843139433,66.7323657859761,49.58489931130322,seedling,1,72.5,high,root_rot
chickpea,15.19655034513247,37.18671047638546,233.97283211720418,11.994099547377017,vegetative,1,53.8,medium,leaf_blight
coffee,22.1196617296096,48.88797863639632,251.28476509769945,18.72691282057641,seedling,0,38.3,low,none_significant
lentil,26.92242382770082,22.22133711606542,269.8731934081679,52.0826352958586,vegetative,0,67.3,high,blast
banana,27.40283163350813,92.48688017780213,192.3232009407348,80.9495726155097,maturity,0,93.7,high,blast
cotton,28.550485618198728,30.89949779380431,85.4460258654956,79.10699612746842,seedling,0,46.0,medium,rust
maize,17.696389320138064,40.17662716063875,47.202736951326074,46.92494961209522,flowering,0,31.0,low,none_significant
kidneybeans,14.54373822835629,69.4257127206775,152.1204652948659,55.130007706448325,flowering,0,51.1,medium,powdery_mildew
coffee,25.18893756215099,51.25962528650657,32.56420545328705,62.87469499176426,vegetative,1,53.0,medium,leaf_blight
kidneybeans,17.177789606243913,99.88701132450836,31.369522066107248,52.047977516479655,vegetative,1,59.4,medium,leaf_blight
orange,23.862544272721326,25.357397079083157,31.230699255862138,28.42626325417214,flowering,1,43.1,medium,rust
rice,28.059106437805184,49.99058053737905,176.6201928936764,12.541868549840341,maturity,0,61.5,medium,rust
cotton,23.132495848724826,48.272564210955,122.46557713695213,50.73109932456044,flowering,0,54.1,medium,rust
watermelon,23.787001453284503,75.93382861512887,54.98924388710491,45.2141645314636,seedling,0,50.2,medium,powdery_mildew
kidneybeans,18.42443936409602,96.40408767004241,292.8140579756872,33.760532478400535,flowering,0,62.5,medium,powdery_mildew
kidneybeans,17.598844957100596,20.400043641778876,233.1549607345307,11.312966017280143,flowering,0,36.8,low,none_significant
orange,22.281883442024608,60.416109591923686,263.71157429067273,52.91030544039856,flowering,0,62.6,medium,powdery_mildew
wheat,15.293241984163927,68.50007190234716,253.69958697357384,75.29601924817831,seedling,0,68.1,high,root_rot
wheat,11.134255618379143,21.27258337462278,248.08543525557147,53.40672321866344,vegetative,0,53.8,medium,powdery_mildew
sugarcane,26.932626865357438,91.36468373179495,210.36243625798036,19.639165138015382,vegetative,0,77.2,high,root_rot
maize,18.48899319786092,31.79498652595159,243.14922786135725,79.69541389356435,flowering,0,50.1,medium,powdery_mildew
coconut,27.76347651841215,66.49020910886797,18.663379443311168,6.797294800570727,vegetative,0,40.8,medium,powdery_mildew
grapes,22.041166805188134,68.88457336291842,296.9086415981366,62.86341503926104,seedling,0,69.9,high,root_rot
lentil,26.0626398036206,46.8149990662969,172.94337999694847,38.717865954642456,vegetative,1,74.4,high,bacterial_wilt
cotton,26.61016556865807,82.44903173436333,241.8351759405575,62.339135972805884,vegetative,1,90.1,high,blast
rice,27.618913749054084,22.167956149262437,285.2340772365377,11.102676855312046,maturity,0,49.1,medium,leaf_blight
sugarcane,27.734578720839018,70.65154235936663,1.2569929907400024,62.8533452168943,maturity,1,56.4,medium,rust
banana,31.7355636716968,80.1185867939109,188.26814946976444,48.599027399259725,vegetative,0,76.6,high,downy_mildew
watermelon,21.26136029240917,29.953657347758256,139.6077078696746,85.64601319388201,flowering,1,70.7,high,downy_mildew
sugarcane,21.178872236141288,47.42440610951235,50.884050581040206,53.50818507278093,vegetative,0,44.4,medium,leaf_blight
cotton,23.44617063995716,26.73878948908633,75.77140856944227,67.76269820464358,seedling,0,53.8,medium,powdery_mildew
coffee,27.62668780053271,33.454754285333735,65.63845389689126,38.382661935414376,vegetative,0,35.9,low,none_significant
banana,26.251834815588655,91.01285297612512,234.0720292820394,67.13015341774192,vegetative,0,73.6,high,bacterial_wilt
grapes,25.504801555598515,63.47730406314285,18.241569711928165,61.10038385711207,vegetative,0,55.1,medium,powdery_mildew
coconut,25.522026405094476,93.06262194853808,94.40335510225644,7.638705149547599,seedling,1,74.9,high,root_rot
watermelon,27.51987810622455,26.376525620586307,292.461300402214,49.40695330112063,maturity,1,70.2,high,bacterial_wilt
rice,21.191397047928962,64.48509810991077,56.47157065603191,6.437269380225538,seedling,0,55.3,medium,powdery_mildew
maize,25.721151122388495,54.53788406794721,131.28808014784585,92.7735470974655,vegetative,1,72.1,high,bacterial_wilt
watermelon,24.253894674425425,95.25104436861072,6.987584612228304,24.72445748535251,seedling,0,55.2,medium,rust
cotton,26.859795694083303,61.356775591123444,265.3397067592102,84.79139302739597,seedling,0,57.6,medium,rust
maize,34.23919207340647,79.85710318758497,188.27210718163983,49.70843147685516,seedling,0,73.5,high,root_rot
cotton,20.9016199560259,36.826358668867236,35.330385594618875,24.016564834778485,maturity,1,46.0,medium,rust
cotton,31.83476746174837,29.842128615188805,27.796392382044267,10.687610111672718,maturity,0,27.2,low,none_significant
orange,20.644469506497696,33.67010134295198,245.2567737403001,79.13243858295752,maturity,0,60.4,medium,leaf_blight
sugarcane,29.577554279011174,79.50365872647195,89.55112044895375,83.58414336205908,vegetative,1,66.7,high,bacterial_wilt
mango,30.24151901562032,80.74504417806084,258.6903685616522,33.16266773804189,maturity,0,73.1,high,bacterial_wilt
cotton,27.40079784820521,53.44402334489399,216.1027732605955,18.71275723796105,flowering,1,65.9,high,blast
banana,25.683141398837705,61.65642712044403,95.42308625840795,86.84830807864374,flowering,1,69.8,high,downy_mildew
wheat,8.966026457848006,28.898224604664968,66.47197587627983,7.201183710576203,flowering,0,23.5,low,none_significant
grapes,19.279434837840203,48.49272370766534,242.66611366223586,63.5603374779501,vegetative,1,69.5,high,root_rot
coconut,25.84627270102069,50.19907266027665,195.54934228008165,55.91289949926207,maturity,1,75.3,high,bacterial_wilt
kidneybeans,13.823593259776699,53.17200890604014,140.55490846569052,57.292738710040744,seedling,0,64.9,medium,rust
watermelon,22.91267295420389,42.43524852323372,272.79757492618955,77.1208773439447,maturity,0,68.9,high,downy_mildew
wheat,18.313715324155915,33.8865605971987,105.57387466857332,39.96756253442815,flowering,0,30.5,low,none_significant
coffee,22.760492177005514,71.19917527016767,270.92445161324855,76.14456735141007,maturity,0,74.1,high,blast
orange,20.966225904423666,20.266603417997242,71.0881528111828,79.85758581081983,flowering,1,46.0,medium,rust
banana,28.52344999877808,56.79749440649073,236.22849396121458,90.38571213077496,maturity,0,76.8,high,bacterial_wilt
maize,23.51160457019801,60.19917864037285,185.02804452164642,27.026398949006232,vegetative,0,71.1,high,bacterial_wilt
maize,28.05264429246238,62.34657556529254,254.6956564076805,10.776775023230632,flowering,0,68.8,high,bacterial_wilt
coffee,24.918579884315506,47.08453961038028,280.20983176494576,78.22908713589855,flowering,1,77.1,high,bacterial_wilt
rice,20.593294333068002,59.406313712990375,233.68624810008993,13.774450910238444,vegetative,0,63.6,medium,powdery_mildew
coffee,23.48389874436381,34.662170688805574,172.52300266795322,5.504869476381938,seedling,0,63.5,medium,leaf_blight
coffee,25.489891836162013,78.12313851454965,260.48744672539675,73.26913932206857,flowering,0,73.6,high,blast
maize,21.956286739009833,23.29282566053599,75.49560132042636,79.39130240459583,vegetative,0,51.8,medium,powdery_mildew
coconut,26.479651446865475,83.08863342475544,53.42328145285279,91.67468840774238,maturity,0,56.9,medium,rust
mango,27.51418834044783,75.95435096192608,52.16530812823211,54.17342563631876,seedling,0,47.4,medium,rust
coffee,24.79464856746092,85.9532628392251,279.2241075088792,53.03856803818204,maturity,0,70.5,high,downy_mildew
watermelon,20.83368902144865,37.73451599367793,153.31428138521986,12.433939365707953,maturity,0,42.5,medium,rust
grapes,22.975054281940455,39.72160929255908,220.0325622345714,33.0001629566643,maturity,0,61.6,medium,leaf_blight
grapes,22.49547841624912,21.738393290850233,90.2628864585031,47.01500677313925,vegetative,1,57.2,medium,leaf_blight
wheat,20.595183643354847,26.008656971250097,106.83447069514418,49.99355353208159,flowering,1,58.7,medium,rust
wheat,21.041512962946808,28.964199989679436,149.03739052604456,58.05263158524825,maturity,0,58.4,medium,powdery_mildew
coconut,26.76820414927429,94.82487732183002,296.45741026913265,44.961971233677644,seedling,0,70.8,high,blast
orange,20.18295526408716,33.572329553714084,6.0220897873871415,79.75967566663886,maturity,0,39.4,low,none_significant
coffee,22.997049273060263,41.17283025265975,14.54380100941275,39.72617824241944,vegetative,0,30.0,low,none_significant
wheat,15.257579916060998,91.73699749507703,36.94571192672377,64.03827391912007,maturity,0,59.5,medium,leaf_blight
rice,26.107900950415075,96.95216775082395,33.868405521382364,73.45799130158603,seedling,0,55.9,medium,rust
chickpea,17.913577137128875,30.22645527093273,254.34834018644273,79.99010225855281,maturity,0,48.0,medium,rust
rice,25.2031786654079,41.45075180873572,187.05935986990968,24.129483478501683,seedling,0,60.9,medium,leaf_blight
sugarcane,26.027594051822074,82.23675327052945,268.2335227850218,48.883185421896385,vegetative,0,89.1,high,blast
rice,25.606956008248943,37.57193411268835,281.2972772768959,34.24669136266128,seedling,1,65.3,high,root_rot
wheat,25.711250205412515,96.22169760006342,67.10098379857934,77.89120974886669,maturity,0,61.6,medium,leaf_blight
sugarcane,34.257056336949724,45.678133220102566,166.4200722010728,62.01416554600819,maturity,0,55.4,medium,rust
chickpea,20.100596339940587,96.58347026720037,70.50816106899688,23.946697345534755,flowering,0,54.7,medium,rust
watermelon,18.404141544667436,20.854772170613785,263.61915036446214,28.889133257809164,flowering,0,46.9,medium,rust
rice,23.748069502538666,25.06304394003375,220.45286754781282,89.78898536968813,seedling,1,77.9,high,downy_mildew
maize,12.756831435793089,47.516996048147966,189.8318573085517,29.568207877336242,maturity,0,47.8,medium,rust
coffee,22.19818103928423,40.05852530048398,276.5548729065702,75.48349090715115,seedling,1,74.3,high,bacterial_wilt
mango,29.023245319162758,92.7469964692804,97.27835254322791,34.56731283334216,vegetative,0,65.2,high,bacterial_wilt
banana,25.95772298112592,44.47658406566929,24.79837183525787,90.82912821198506,seedling,1,52.5,medium,powdery_mildew
sugarcane,27.51515979221553,72.09158575700258,185.70516144510086,8.624332210129477,maturity,0,63.6,medium,leaf_blight
grapes,23.418946531791033,29.07747911725607,268.2070195498817,39.629670246264595,seedling,0,53.8,medium,leaf_blight
wheat,22.76819741774641,59.70839901690198,29.159925694122933,54.34870251918909,seedling,1,59.1,medium,leaf_blight
coffee,26.38560615960077,82.53397759544487,20.860451590838792,68.2680240870969,vegetative,1,69.4,high,blast
rice,30.97672640362071,95.28367895746045,35.40586457176488,6.225222249732749,flowering,1,51.7,medium,rust
kidneybeans,15.317805319688585,85.34095050951963,85.82123536038806,20.54619131012538,seedling,1,59.4,medium,leaf_blight
sugarcane,28.999653244472118,68.65247831677411,283.2265782068207,14.284490537957014,seedling,0,64.4,medium,powdery_mildew
maize,27.383870027696346,68.45499612705481,84.76174608149346,44.96017253028007,vegetative,0,56.4,medium,rust
sugarcane,27.484933576530686,29.167092036860023,252.05254359156493,78.82822157045986,flowering,0,61.5,medium,powdery_mildew
mango,26.673463812178763,56.91319662767255,72.62747761395929,16.143052233972988,vegetative,1,60.4,medium,powdery_mildew
lentil,23.36024546751213,85.62470009735483,64.79927823585184,14.543077473355359,maturity,0,50.1,medium,powdery_mildew
sugarcane,31.05249708634473,28.65336326748336,295.56856769105167,55.01447210032204,flowering,0,53.8,medium,rust
orange,20.013067395086985,40.55642749134989,130.50752459211094,63.09928188574879,maturity,0,48.4,medium,leaf_blight
grapes,21.064217351797,44.80599021664833,165.1058839927951,28.607827806748457,seedling,0,60.3,medium,powdery_mildew
banana,26.944010675433358,59.42720836038869,256.96872368528904,66.35651768377949,seedling,0,65.3,high,blast
orange,17.39851591934166,60.22276820499884,192.74857286582693,41.072206477033866,maturity,0,61.9,medium,rust
mango,30.51819334299984,96.46535108318047,191.66854827682604,36.64214885653346,maturity,1,85.5,high,downy_mildew
sugarcane,29.523411196664288,74.15197172502582,133.4607619455785,16.961780855841717,vegetative,0,49.0,medium,leaf_blight
rice,26.284652557708547,94.86604822931882,287.7382099773339,35.754985762990046,seedling,0,81.8,high,blast
sugarcane,33.742829103490955,81.45922272401654,190.24721708457682,85.28489209928236,vegetative,0,71.9,high,downy_mildew
maize,19.144401925852986,77.13327742944568,100.85076142090738,25.876154177358792,flowering,0,45.6,medium,powdery_mildew
wheat,14.676954378344409,44.284958355583306,143.17203283835318,77.05665162776887,seedling,0,51.1,medium,powdery_mildew
maize,29.13774745697355,56.721586542924534,24.98427824708238,42.14022996562437,vegetative,1,47.7,medium,rust
wheat,22.467235490346173,70.05662213854319,221.16617168968716,48.473372289415465,maturity,0,68.6,high,root_rot
coconut,24.58558068561827,35.659283904990254,19.645402943706035,49.803693191618024,vegetative,0,46.4,medium,rust
cotton,27.155108498205376,68.9581420766018,133.14397012705436,10.885962384860967,maturity,0,59.7,medium,leaf_blight
grapes,23.792064029209563,84.20023826915609,176.11082200840795,89.15276651994223,seedling,0,87.9,high,downy_mildew
sugarcane,34.686897572767066,77.76066889011003,207.68698125398666,5.71559665074369,vegetative,0,50.6,medium,rust
rice,26.043470194020287,63.751570447022836,151.46866586926646,12.703947282429223,maturity,0,64.0,medium,rust
sugarcane,30.881162038335038,27.409060120510702,22.168204912060794,41.58473067646091,maturity,0,25.3,low,none_significant
lentil,19.678052603270515,87.45296985448167,58.754021812115134,12.660841905194733,flowering,0,41.7,medium,powdery_mildew
wheat,18.664753585986226,86.60309293125243,254.7165371416771,69.18396825563781,vegetative,0,60.2,medium,powdery_mildew
wheat,15.544118021588941,89.97734254523279,104.60401277149339,29.230276096209167,flowering,0,58.2,medium,leaf_blight
coconut,27.675172024641864,91.71290884918034,285.307880701867,57.31165386068714,maturity,1,93.2,high,root_rot
kidneybeans,18.786931161606365,69.82738567237357,230.48913310785002,36.05038289142207,vegetative,1,71.7,high,root_rot
cotton,25.00121102263171,88.16276219347975,100.78542030734195,39.82837772821906,maturity,0,68.1,high,downy_mildew
rice,26.514683861158705,39.70742312457584,260.3446331326244,62.77603473993425,maturity,0,63.9,medium,powdery_mildew
chickpea,21.18552220756825,92.75375613773949,13.41913830544974,10.55111246489718,vegetative,1,66.7,high,root_rot
banana,26.85544277774114,96.91023162789651,210.02475206049962,79.50240899459952,seedling,0,84.9,high,root_rot
coconut,29.150652618859123,45.64183322160326,12.884305247487992,71.33202778660717,maturity,0,43.6,medium,leaf_blight
grapes,21.907946678192815,95.5633381614949,48.51351975436149,52.46149917955108,flowering,0,72.2,high,downy_mildew
mango,29.566122732064503,83.33620648926694,244.22462710972096,92.97057304364571,flowering,0,77.3,high,root_rot
kidneybeans,17.1581504566891,20.595554158372586,110.27780731389973,87.30816522391027,vegetative,0,41.1,medium,rust
banana,21.702254027723775,84.70203513930214,34.453331687874886,59.36567247637948,vegetative,0,59.6,medium,rust
cotton,24.89989427515596,48.874371079331986,80.00142277649114,64.75055667515359,maturity,0,58.7,medium,rust
sugarcane,29.16582729487767,86.36978894943054,285.8457147147073,69.21166109825322,seedling,0,73.7,high,blast
maize,25.781728348283377,98.59633006442867,134.30892017259254,14.491274155902188,flowering,0,56.7,medium,rust
chickpea,24.360448902134095,39.054693512380666,59.16375711150146,48.52762523655506,seedling,1,52.3,medium,rust
mango,38.14655398753058,99.09418811353052,254.97962403539805,49.463235859740145,vegetative,1,75.9,high,downy_mildew
maize,29.429306130072757,94.90113186195828,277.33270618951605,46.25290695103766,vegetative,0,82.6,high,downy_mildew
grapes,27.832459682107043,55.24834880604179,136.66623043413998,89.84836464857783,vegetative,1,80.5,high,blast
wheat,15.701768719929865,20.925638049530193,159.129082740568,48.44224597701372,seedling,1,48.5,medium,leaf_blight
chickpea,20.42164794022711,47.25068726952032,189.85427535674197,47.344180994783926,seedling,0,56.2,medium,leaf_blight
coconut,22.15514140437534,70.12657887768447,253.05806196288623,79.58490227957662,seedling,0,76.7,high,root_rot
kidneybeans,12.869193036383523,65.00346821041495,289.2798148203852,64.65330454493755,maturity,0,68.3,high,blast
lentil,22.63797475931778,79.51253190955896,105.46616457042754,60.4202254251272,vegetative,0,66.2,high,bacterial_wilt
sugarcane,32.40439809201698,26.592996775370878,178.47883950417318,42.161695603721256,seedling,0,42.4,medium,powdery_mildew
rice,26.622722348643034,76.05504005885878,206.37030904139817,8.082582771576384,flowering,0,69.1,high,downy_mildew
watermelon,19.998099274847537,91.53364478857819,22.740270167136355,52.6679114565146,seedling,0,52.6,medium,powdery_mildew
grapes,15.76027852456398,99.32767746184899,287.28794752702964,27.24383300290693,maturity,1,70.7,high,root_rot
cotton,25.9559671360822,54.848588409670796,11.717324374320825,30.55248527309051,vegetative,0,40.8,medium,powdery_mildew
mango,24.56362047410145,89.91460947935079,29.039883560208825,40.65891873127669,vegetative,0,44.8,medium,powdery_mildew
coffee,26.520743584577232,40.21522623737006,135.95293656074517,15.208924814194553,flowering,1,61.8,medium,powdery_mildew
chickpea,19.802078177818828,77.63035854374684,129.15197268102253,93.53315355088988,maturity,0,60.2,medium,powdery_mildew
banana,27.207985686045465,20.53767235880036,182.78402179216292,70.95020352964904,maturity,0,52.0,medium,powdery_mildew
chickpea,19.9474067453268,90.10481118866582,51.26528315148544,50.120945310055234,flowering,0,56.6,medium,leaf_blight
coconut,27.038064341851687,48.31074095954635,41.00153284573756,9.596625557923705,maturity,0,40.3,medium,leaf_blight
watermelon,25.697479677150515,98.69807135049837,55.20002286372097,94.78660598709659,seedling,0,77.7,high,blast
cotton,26.37057738329424,79.84321972529284,47.019010108428105,15.973185104424791,vegetative,0,47.3,medium,rust
sugarcane,24.162437455397324,37.40243261450846,152.97270503389257,6.286942403729025,flowering,0,56.8,medium,powdery_mildew
grapes,22.223971285223826,81.48534018354192,147.7849008810193,50.96359888852591,flowering,0,67.4,high,root_rot
orange,21.61347468276788,69.89656788096997,65.0697959433462,45.032393312329326,flowering,0,39.6,low,none_significant
banana,31.00940766780965,52.747490981659155,276.2986120337417,67.81965752377968,maturity,1,80.1,high,root_rot
coconut,25.15546818517208,56.21143735296328,190.79628804362656,36.1379591401213,maturity,0,63.0,medium,leaf_blight
maize,30.013740864358095,72.28695770417298,1.5678403530843932,25.597724037392496,vegetative,1,52.5,medium,leaf_blight
chickpea,20.553050553083935,86.18098619873935,241.5719277255885,84.05773488968791,seedling,0,91.5,high,bacterial_wilt
orange,17.726741484798993,41.976749421943815,174.2157828583116,55.12446882801694,seedling,0,46.7,medium,powdery_mildew
maize,21.791018657531083,20.189812961639973,155.7524440084766,37.823338519398305,vegetative,0,60.8,medium,rust
banana,27.320454895886204,20.046565935158725,234.00330006507448,61.505478706674815,vegetative,0,61.0,medium,powdery_mildew
watermelon,21.50746583707474,83.11028189857122,182.47980936703783,76.21184739088488,seedling,1,100.0,high,downy_mildew
coffee,24.137650647089913,57.49761673329077,22.169379306370097,9.917638600908031,flowering,0,43.8,medium,leaf_blight
watermelon,29.935587849687888,36.967517974174314,295.406966230021,54.00515089418314,seedling,0,60.0,medium,rust
kidneybeans,10.92872363952566,36.399321939133166,248.40644168900462,38.03288484755696,vegetative,0,46.2,medium,powdery_mildew
maize,29.324147825558576,45.81200838257138,292.2229477837468,94.78603875121117,maturity,1,78.6,high,blast
sugarcane,29.58294768831863,48.144879780979224,185.65566118741532,79.31656266744464,flowering,0,65.5,high,bacterial_wilt
cotton,24.870543407814857,82.0606371250476,15.644356556961059,27.833998823119327,seedling,0,50.4,medium,powdery_mildew
banana,28.615315291076868,50.643151586799675,186.32625552618126,22.23380010326446,flowering,0,73.8,high,root_rot
grapes,18.86435562404953,61.44480708378684,291.08042906180765,41.48337694802847,seedling,1,65.8,high,root_rot
maize,21.600535633524366,34.63728283306914,239.95568565053526,35.1377809600077,maturity,0,59.6,medium,rust
chickpea,17.504413028416543,73.13721902001146,197.68353945761834,57.67429818082693,flowering,1,78.2,high,bacterial_wilt
chickpea,17.290239194283274,63.18629779512261,270.183487960982,91.85768614792099,maturity,0,65.7,high,root_rot
wheat,19.05588683582083,82.43758432787175,234.44937183650782,5.723462796774223,vegetative,1,69.9,high,blast
wheat,17.148930625497567,90.08163534942226,21.155417838250166,25.898396265071064,seedling,1,53.6,medium,powdery_mildew
grapes,25.899040434308596,74.83451217642434,191.30667143975722,20.092822762821253,flowering,0,59.1,medium,powdery_mildew
rice,23.495454868558777,38.16710651649526,26.900328103851557,54.16888487670759,maturity,0,42.9,medium,leaf_blight
chickpea,20.52876504933429,35.17350336519411,189.80804499858635,69.19901776091531,maturity,0,61.0,medium,powdery_mildew
sugarcane,31.725104686553678,32.264241237759265,57.51448224718114,49.96554846252611,seedling,0,30.3,low,none_significant
banana,27.722554159860703,82.9032384918841,105.54240123433587,72.76166686840727,maturity,0,68.6,high,downy_mildew
coconut,22.56742986761711,30.529601582819687,108.2516545878485,80.78077686945593,flowering,0,52.1,medium,rust
coconut,23.02771263686591,61.01417698369302,159.95822100722668,31.282160780442297,vegetative,1,71.3,high,downy_mildew
wheat,18.66163704304776,50.751622943445405,291.75819064080895,36.462973624884334,vegetative,0,49.0,medium,leaf_blight
kidneybeans,19.939044974206816,23.790683020122536,224.47587438900422,24.80621006372676,flowering,1,55.5,medium,rust
grapes,19.063172773088358,99.71482050498071,108.91341540602136,94.54818176582303,vegetative,1,83.3,high,root_rot
cotton,28.348258390250503,77.62774155406849,205.718656390464,30.95600270436487,flowering,1,84.5,high,downy_mildew
wheat,15.355265199845544,32.80821274544411,19.79388828180345,41.5450023842415,flowering,0,25.4,low,none_significant
coffee,21.959592761193647,84.63242489136908,33.67660560408844,94.39524839477966,seedling,0,58.2,medium,rust
grapes,28.66602684568344,73.2266252647993,80.42294545299585,77.02445559293623,vegetative,0,68.3,high,blast
banana,26.877933701834884,89.11154415605239,74.08418397777008,94.78007091750044,maturity,1,81.0,high,downy_mildew
maize,25.068188276024685,28.494596104812366,184.6116551071204,15.163015586946587,flowering,0,41.4,medium,powdery_mildew
sugarcane,21.412818647126706,61.911360544099225,273.95423026320685,36.78798300283553,maturity,0,77.3,high,downy_mildew
banana,24.50013402562483,95.23682740041625,76.83069674389078,75.72566928494246,vegetative,1,86.2,high,downy_mildew
cotton,29.209507708568175,68.51131833917859,233.5741031487778,92.0222006248377,maturity,0,74.8,high,downy_mildew
coconut,24.13170224041591,21.380068697561498,155.99686003982464,89.24389604206878,vegetative,0,53.3,medium,rust
wheat,16.75163110157385,80.6554752439255,80.99027691498615,43.37395571613,vegetative,0,48.1,medium,powdery_mildew
cotton,24.005389597327984,53.51049744139979,204.96738643967728,30.656553450077528,maturity,0,70.1,high,root_rot
kidneybeans,19.495729116372406,35.28365277877437,40.76527061564946,57.68236703443862,vegetative,1,33.4,low,none_significant
coconut,26.001251911615412,58.60390649475648,230.0735253134787,58.45158013020844,flowering,1,78.3,high,blast
orange,15.858564454974198,84.87993448763059,297.6072566746482,19.711835343069108,seedling,1,73.1,high,downy_mildew
wheat,7.838308350756304,85.97579678773434,59.85914498214442,40.19989865544878,flowering,0,46.2,medium,powdery_mildew
maize,32.65489543384406,88.15939384453901,285.5755951093802,91.06654938534311,vegetative,0,72.5,high,root_rot
coffee,22.746385652641802,97.79132499719742,11.005094463287179,52.369671879848866,seedling,0,60.9,medium,powdery_mildew
lentil,24.52585921559581,53.63716633869568,288.587497581844,27.264532226212673,vegetative,1,60.1,medium,powdery_mildew
grapes,20.204529092481486,42.666041805491126,48.81814702509504,81.5120738273013,flowering,0,59.8,medium,powdery_mildew
rice,24.839590417468408,95.78946415764625,17.6114835610952,61.48160078537086,seedling,0,60.2,medium,rust
wheat,21.38576989370022,64.04066755053259,103.31190634824257,52.266607361016455,seedling,0,65.0,medium,leaf_blight
chickpea,22.319348094094465,51.16954321257218,140.10347436530802,86.86183258964753,maturity,1,71.7,high,root_rot
orange,25.04265528907854,55.06335448300543,270.8972592225628,13.553943275264256,maturity,0,51.9,medium,powdery_mildew
banana,26.60858218559574,84.77309597374828,268.4039081909754,94.22856151729711,flowering,0,96.6,high,blast
coffee,27.697668720252654,20.5734387962908,40.38378798996168,16.300784776950213,seedling,0,38.7,low,none_significant
rice,23.306465513908517,25.451423422065123,60.6599985170772,86.12264331737101,seedling,0,43.4,medium,rust
wheat,24.378078759758754,91.05533346775361,49.14812172479368,36.467738761265984,seedling,0,57.0,medium,rust
wheat,19.35237854653849,38.12694555742948,191.74891026685123,18.205850003313785,maturity,0,33.3,low,none_significant
rice,27.196825028923833,40.706407584515645,28.700433121820247,94.19718199649154,maturity,0,49.6,medium,powdery_mildew
kidneybeans,11.914401976132767,31.822332076041874,96.66931242029351,6.982162912261796,flowering,0,23.4,low,none_significant
lentil,24.701898800118798,58.44368774100894,291.68785236419586,39.80031881700257,flowering,0,65.8,high,blast
lentil,25.80541166482096,91.37268782986862,139.71756413764436,48.04436813404018,vegetative,0,68.0,high,root_rot
kidneybeans,21.65276723185121,45.69329386873787,64.01723073340514,63.262473929515245,maturity,0,46.4,medium,powdery_mildew
lentil,17.56022960077015,36.75724336118789,194.42898730721427,66.896466402642,maturity,0,52.6,medium,powdery_mildew
chickpea,17.180761190033348,91.25959326993322,41.133599057184746,58.07220109041945,maturity,0,51.8,medium,rust
grapes,18.85073895226075,76.73077284174542,260.31695473659425,20.389323899875606,maturity,0,52.9,medium,powdery_mildew
orange,20.677950893814725,81.26533552942986,50.10773955021502,26.78357274163179,maturity,0,51.2,medium,rust
maize,18.4077207553099,44.20191193367878,97.69460233865954,87.50107984189752,flowering,0,29.7,low,none_significant
coffee,21.323147493517954,73.6371584674992,164.67959501319584,80.48575433910835,maturity,1,80.7,high,blast
mango,27.58338971985055,82.02450058935108,242.80421058255973,70.9764314173521,vegetative,1,90.9,high,blast
watermelon,19.641114729607054,39.225113187404375,152.32495942930913,27.21909793508066,seedling,0,46.4,medium,powdery_mildew
rice,25.23698225134397,39.7825035957443,241.3085140590631,29.414339047246557,flowering,0,59.7,medium,leaf_blight
wheat,23.852461788701092,44.89052856979693,134.83265889556236,61.53720323430222,flowering,1,74.6,high,root_rot
lentil,19.288012207273077,50.48776994104173,20.72992964654339,72.2209458412591,flowering,0,27.7,low,none_significant
maize,19.825907611993888,49.37163049658582,154.3058040231004,27.070300090881034,maturity,0,49.9,medium,leaf_blight
grapes,21.11532900742849,90.58945349182949,285.53632909695193,45.44333961351918,maturity,0,76.2,high,downy_mildew
rice,31.49259191952134,41.489169722678476,225.82752962447444,80.30504795053653,vegetative,0,73.3,high,downy_mildew
banana,26.68737730505553,93.77544201066397,74.73697498705596,23.141446018236973,flowering,0,63.3,medium,powdery_mildew
orange,19.1076994687126,53.653930447805315,290.45625049114284,18.075262601121974,flowering,1,55.8,medium,rust
grapes,21.7605118678386,43.31358044150235,36.25094625234332,14.663559642413436,vegetative,0,30.0,low,none_significant
maize,21.035707825602323,66.32628776960391,185.7221849794189,21.4636063649901,flowering,0,62.3,medium,leaf_blight
lentil,24.167593068850675,88.66685961889418,182.69583261389582,49.06934097682986,seedling,0,67.4,high,blast
mango,30.309098810687278,56.84581206102011,23.926809668078654,32.19248229368874,seedling,0,40.1,medium,leaf_blight
kidneybeans,17.555691695323343,79.64179928962484,47.55326289186852,44.373883604575774,maturity,1,57.5,medium,powdery_mildew
banana,28.052123175569694,48.07457614919724,116.48203476893347,89.74566853027969,seedling,0,62.6,medium,rust
banana,26.53589781040298,58.6830368584609,32.13867516316532,80.40039932291634,seedling,0,59.9,medium,leaf_blight
lentil,27.832707622890354,60.84128431315424,241.63040965355745,45.74226893142454,vegetative,0,75.0,high,root_rot
sugarcane,29.636256001625597,20.39260858352985,144.9059203539751,88.07145620697864,flowering,0,55.0,medium,powdery_mildew
banana,25.813457030546896,35.61277771259859,37.261245272383434,7.297045175421953,vegetative,0,39.0,low,none_significant
sugarcane,26.54639829338906,39.518674374720774,191.61778396038764,9.91379170676192,maturity,0,64.9,medium,rust
chickpea,18.104553384482323,65.52566474499335,63.6104234754069,29.411475428130004,vegetative,0,33.3,low,none_significant
wheat,18.721969218493463,28.867346514174752,107.14805457654542,20.534251604000602,vegetative,1,40.4,medium,leaf_blight
mango,33.41389414098796,79.49346015238271,149.01660717626555,28.25308892936115,maturity,1,56.6,medium,leaf_blight
banana,25.249561764979774,35.43689444290651,16.825037851805202,21.185421617941767,flowering,1,40.9,medium,powdery_mildew
chickpea,12.180834500862964,71.19291796468141,133.02817933637021,78.38271007367929,flowering,0,58.9,medium,leaf_blight
maize,24.978286565827066,60.041308243210935,127.72849700299963,43.67447418154222,vegetative,1,57.2,medium,leaf_blight
wheat,25.78748672633702,66.16868008642936,255.43097854714992,17.337145510648387,vegetative,0,63.5,medium,leaf_blight
orange,19.836081172176453,86.72806855207185,170.60506803603303,24.8674020600998,vegetative,0,57.9,medium,powdery_mildew
maize,18.641172753899376,46.05082603308209,203.93686262337516,48.52069600236283,flowering,0,56.7,medium,leaf_blight
banana,30.759703469990093,52.16270138992785,55.87361865540866,10.494474873469718,flowering,0,39.2,low,none_significant
grapes,19.497657137848684,80.37484297233996,103.31584970995415,9.713181212923148,flowering,0,44.2,medium,powdery_mildew
chickpea,16.6469730334627,68.94986856603484,167.16627823132444,53.0187429234713,maturity,0,59.8,medium,powdery_mildew
coconut,27.056864222783883,44.94836063335593,23.11497466660817,41.250460769103356,maturity,0,33.7,low,none_significant
banana,24.728344613362136,37.11388746125395,227.39150855128318,76.39591977745388,flowering,0,62.7,medium,powdery_mildew
wheat,21.691592949664155,30.887028158697404,267.4770016933244,18.49788330785578,vegetative,0,56.2,medium,rust
coffee,23.687789688451947,47.90517316209409,198.67084153159342,5.817701751570779,vegetative,0,52.5,medium,leaf_blight
watermelon,22.707504952545595,34.45320330074337,124.27940247113035,11.679936259363739,seedling,0,49.6,medium,rust
wheat,14.092727736718022,54.0788874593364,70.26354949039413,32.31307397316302,seedling,0,33.6,low,none_significant
wheat,23.41196362776092,74.99874097440784,120.34632979355757,94.8203608815882,flowering,1,77.7,high,blast
mango,32.23330884603458,87.71673090419016,109.84557063131535,57.603775177469835,flowering,1,66.2,high,blast
coconut,26.290370867023025,82.4597259142496,141.91342968175474,78.43169999002795,maturity,0,69.1,high,root_rot
wheat,18.276401775058087,96.55038620356504,220.98516901031329,34.68982437152924,maturity,1,81.7,high,downy_mildew
rice,27.76256370329038,40.9018406288109,223.06914215157997,76.74193933668813,seedling,0,62.2,medium,rust
sugarcane,27.08953211600992,87.37479271093521,260.81270013125936,23.676378330752506,vegetative,1,85.4,high,downy_mildew
orange,20.43238782806959,62.2897027338401,234.95828484762478,32.74499252151848,seedling,1,64.9,medium,rust
cotton,20.743662373200234,33.52401747954975,231.5698825970586,88.69257402465905,seedling,0,65.0,medium,leaf_blight
mango,31.958446146907576,28.225871925562693,272.8292038436164,94.44084077833068,vegetative,0,63.1,medium,rust
grapes,22.89261355920121,25.59732726554751,96.77729954168078,17.545885057495763,seedling,0,50.8,medium,leaf_blight
grapes,26.228409369491278,49.63250694177519,121.85089986495022,59.21586773920417,maturity,0,54.9,medium,leaf_blight
chickpea,17.12765713474613,28.165725891544582,31.020606353187674,27.886601576139615,maturity,0,23.9,low,none_significant
rice,27.279752098173685,88.11472399652688,28.83901343053057,75.7065032114673,flowering,0,60.7,medium,powdery_mildew
watermelon,24.807046837915802,29.06639532539699,236.15857995004902,67.18780145540012,vegetative,0,52.4,medium,rust
coconut,25.483582472009846,26.69428360426928,40.70799076061301,65.98105312877462,flowering,1,60.2,medium,leaf_blight
watermelon,24.658609473095005,55.520425127178015,224.39221764535756,22.90875383801812,flowering,0,61.5,medium,powdery_mildew
coconut,27.230864870491594,82.59201913543454,272.0089494257549,68.16734038397523,maturity,1,95.4,high,root_rot
lentil,23.742060752613774,25.664361930992328,176.8414565404562,25.41082727196187,maturity,0,58.4,medium,leaf_blight
orange,19.088567070217042,79.05538642813129,86.29897253941094,55.62869474576608,maturity,0,41.0,medium,rust
kidneybeans,16.539447881920395,34.30944555689746,295.9654995355163,23.66821030060863,seedling,0,47.5,medium,powdery_mildew
maize,26.219743324273594,31.265030476486906,22.21954112201737,58.04161766038689,maturity,0,34.2,low,none_significant
grapes,26.67375402563943,92.84202804359025,248.81493194483204,63.25223656253016,maturity,0,91.3,high,bacterial_wilt
mango,32.783788549158714,21.06045719037274,177.73829298981263,56.884190403834104,vegetative,1,49.6,medium,leaf_blight
maize,20.821258293366633,74.63725241702656,24.492037757671902,68.21369937044112,vegetative,0,49.4,medium,leaf_blight
maize,27.505840923964,55.6786220021657,41.19046001118397,48.42192433573928,flowering,1,51.4,medium,powdery_mildew
chickpea,23.907376238357934,21.72718654372077,153.36389227143718,35.41433936572474,seedling,1,52.6,medium,leaf_blight
lentil,21.139324168520307,51.72105483189416,68.91209094125341,21.484138639853963,vegetative,1,49.5,medium,rust
watermelon,25.60707589541022,56.42355209340417,260.8474119334657,17.417709950142285,vegetative,0,63.1,medium,powdery_mildew
maize,16.187375949884604,74.11136002087883,295.2014803804016,85.29286954790224,vegetative,1,80.9,high,downy_mildew
coconut,25.138758134367635,43.37356139677201,135.63206716442429,93.70432813734081,vegetative,0,65.5,high,downy_mildew
kidneybeans,19.70030476066891,98.27000612896643,98.88728675467065,53.17755072256813,maturity,1,69.3,high,blast
maize,21.54179262549296,34.67826229110842,247.7398354670839,39.760738075328206,maturity,0,52.2,medium,rust
kidneybeans,16.806260021148844,23.644026716879118,161.82338389781242,16.647719513951383,seedling,1,43.3,medium,rust
rice,19.15422668675707,73.31613560670189,125.67622872551975,63.72789543281883,flowering,0,49.3,medium,leaf_blight
maize,21.878880868899063,52.11274946291579,185.2324500491983,49.08347079388612,maturity,0,64.1,medium,leaf_blight
orange,22.721925203917227,35.03559929937828,146.58396392347265,38.03550953564162,flowering,0,57.3,medium,rust
orange,15.39998218149529,54.12622696054556,210.99788825034076,75.26189663766921,flowering,0,65.3,high,bacterial_wilt
rice,21.14037779091684,72.29110270674728,86.3206063147058,5.395403806862758,vegetative,0,48.4,medium,rust
watermelon,23.804614137363433,39.75202191478675,219.86981101019484,48.774297842597406,vegetative,0,65.4,high,downy_mildew
mango,32.48232217116453,38.99408685346474,236.86565620527878,70.52934907056952,seedling,0,54.6,medium,leaf_blight
rice,23.70271006331851,63.10984692149698,210.69430698688222,68.74295895779109,flowering,0,64.6,medium,rust
maize,15.453956605257078,64.09135597576125,276.42741116897,38.3115608218522,vegetative,0,69.6,high,downy_mildew
coconut,25.769798470755024,67.84870919016885,69.73294272760357,84.57673442903102,maturity,0,56.8,medium,rust
grapes,23.824287396785863,42.98392522444105,245.826646369414,51.13184588948394,flowering,0,66.3,high,blast
rice,20.501232883238067,57.626799512295506,190.29426473122643,19.149587498446166,flowering,0,76.0,high,downy_mildew
mango,30.364247076567928,63.94041741638544,69.92395385771026,7.072058140227497,vegetative,0,48.5,medium,rust
wheat,23.745311154060968,71.17324059864747,105.97920121684167,5.051800792838165,seedling,0,54.8,medium,powdery_mildew
watermelon,23.44714368815795,29.699436905448266,69.28235088035605,61.92471642046004,maturity,1,58.8,medium,powdery_mildew
orange,17.412177523704536,98.87222364102975,109.39898645988104,12.802942752957623,seedling,0,47.4,medium,rust
maize,21.060268021792446,47.511306502957396,86.38108164695625,73.15216788469922,flowering,0,57.6,medium,leaf_blight
cotton,24.22217855500968,93.91377451378189,228.09668144287582,69.63127297974556,vegetative,0,77.7,high,root_rot
coffee,25.138622998563047,21.2243636241994,291.15690183498185,70.34665354614954,flowering,0,57.1,medium,powdery_mildew
maize,31.977173450844457,56.128576646586204,231.72787948319478,57.1485994123747,flowering,0,60.7,medium,rust
lentil,22.84851125368397,41.09738697648056,297.42925391440195,78.5960265836991,maturity,1,75.4,high,blast
lentil,27.029818614658844,60.66049912276608,211.28566596101678,41.926301946944584,seedling,0,64.3,medium,leaf_blight
rice,19.51448181610032,52.665399340807994,177.48078390369508,94.14693101777887,flowering,0,62.9,medium,leaf_blight
coconut,26.490448751600624,73.83734054566962,163.43199010751823,29.380580384796108,seedling,1,68.2,high,downy_mildew
coffee,23.455566856226493,90.7540689590487,258.28953113353083,69.49929438782199,seedling,0,90.8,high,downy_mildew
banana,22.22909011267905,40.05491244222736,95.39419680584423,53.22136632731821,vegetative,0,46.3,medium,leaf_blight
maize,27.389596916197156,79.11801106240192,20.580622617466183,66.90526115012767,vegetative,0,46.0,medium,powdery_mildew
wheat,17.592514201280075,90.4766431331434,210.4136005905036,37.65102519905502,vegetative,0,65.0,high,root_rot
maize,25.319284483697533,25.780461000647996,260.4377549738327,25.815852687293265,maturity,1,57.8,medium,leaf_blight
sugarcane,29.342434647098486,57.43113562555365,288.82873721280447,27.057814610868427,vegetative,0,65.0,medium,powdery_mildew
chickpea,17.769021015645855,68.55919691662017,79.11639932050932,93.85830016656266,vegetative,0,62.9,medium,leaf_blight
rice,21.63267963517743,44.277005852282734,161.0667546983319,80.29430911303778,maturity,0,69.6,high,downy_mildew
coffee,25.098176758263484,73.24679358250611,281.0448594317828,12.528703683662217,vegetative,0,61.8,medium,rust
coffee,22.256544034842424,38.97695463096283,58.15545965004125,40.66669029290014,seedling,0,32.8,low,none_significant
mango,32.73610346707626,36.79837018424614,222.41857823747654,61.578389731183634,maturity,0,36.8,low,none_significant
coffee,23.332864220501772,81.2585249198809,211.80310872051686,71.39403313689155,seedling,1,91.5,high,blast
chickpea,15.029801890272635,86.42619188711724,186.95920183891792,80.71753362463036,seedling,0,58.0,medium,leaf_blight
coffee,23.738987602543613,24.508844318461573,200.89760087173133,58.794048136137285,flowering,0,71.1,high,blast
watermelon,26.41471535051752,63.675433733679505,275.3446683099673,51.58054479273793,seedling,0,72.6,high,bacterial_wilt
grapes,20.25131451018048,53.228007179283445,35.93089477145091,63.542499474932384,flowering,0,41.6,medium,leaf_blight
rice,24.59568388127392,61.171774076557355,180.6530664494226,81.51381280181735,flowering,1,84.4,high,blast
orange,20.95947923973057,42.087058667735064,10.159321815661293,33.013720415180266,maturity,0,37.1,low,none_significant
sugarcane,28.384015585252154,93.91728185209028,220.44189772504345,67.8555752379515,maturity,0,84.5,high,root_rot
lentil,22.355737182224726,56.274144666599625,265.97085881773523,23.405265871765437,maturity,0,69.3,high,root_rot
banana,28.03145920287053,96.36497700578704,266.61518789474667,84.86505411614914,vegetative,1,94.9,high,blast
orange,19.630924256119215,64.4587625655528,65.5684055185044,88.44042490436371,flowering,0,53.4,medium,leaf_blight
kidneybeans,15.872822587747168,62.35212540585736,243.61205375658452,60.042805901425815,flowering,0,58.1,medium,leaf_blight
watermelon,21.902421451889875,21.786248529513657,62.25507597027907,64.40710144092793,flowering,0,43.1,medium,rust
coffee,23.839354433628912,32.01612463196799,0.5877799716510479,35.18746246997641,vegetative,0,32.7,low,none_significant
watermelon,26.52306184522988,80.67159247394399,293.0562379233978,28.638635010975634,maturity,0,64.6,medium,powdery_mildew
cotton,26.42300954806339,89.50679691591608,238.36575665931773,62.456054253867336,maturity,0,74.0,high,downy_mildew
rice,19.682387974460365,34.433550945400555,6.106249838617261,33.10611009731588,seedling,0,18.3,low,none_significant
wheat,17.230125004001334,93.60488570484219,228.50767176374518,79.35169238782734,maturity,1,89.2,high,root_rot
maize,24.350385521250097,46.565366067205034,265.6276810302543,52.17799720806477,seedling,1,73.3,high,root_rot
orange,19.855424657877002,55.643812714766696,270.3382046352427,45.466349889926654,maturity,0,63.3,medium,rust
orange,19.033561052497035,62.91896538308733,191.28432726265464,52.57894677335377,flowering,0,63.9,medium,leaf_blight
maize,23.418159165598546,48.41660827203414,3.7736848748127327,62.93073711685067,vegetative,0,47.5,medium,powdery_mildew
watermelon,21.94747667970583,66.22250058124278,107.36310835843211,66.00108469136177,vegetative,0,56.1,medium,rust
sugarcane,28.997848880813155,72.426040474394,36.09908654629665,13.002428604846868,seedling,1,54.4,medium,leaf_blight
grapes,18.67090109693302,92.88303641618286,273.3427934730207,87.87936581753735,flowering,0,68.3,high,blast
lentil,18.653406562951737,29.153463639277657,276.5183988739502,7.6490499143349835,maturity,0,38.5,low,none_significant
cotton,20.639582625462353,33.27618253288615,129.59245676818745,28.05552539318132,maturity,1,61.3,medium,powdery_mildew
chickpea,18.24777429935489,30.548163640595956,120.75109783936114,86.47393569519085,flowering,1,48.8,medium,rust
lentil,19.261352762550704,84.15686526651248,244.44378766161907,93.47306166293363,maturity,0,68.2,high,blast
sugarcane,26.812167401539387,48.94841731064895,63.56977806695402,93.05833931328291,flowering,0,51.0,medium,powdery_mildew
kidneybeans,23.09973690845754,40.67310383857864,274.18359827822644,31.2628828739407,vegetative,0,70.3,high,root_rot
grapes,27.75097652540353,43.649703098238206,228.2662800600465,65.0783920242472,flowering,0,60.6,medium,leaf_blight
lentil,25.85653283040028,58.32534461774592,105.10225822114536,39.4024565818437,maturity,1,76.6,high,blast
chickpea,21.969290049043025,48.414883752944434,205.68433104973252,65.3320445040037,vegetative,1,70.0,high,bacterial_wilt
orange,26.184390693795017,99.128493197541,38.63759768179548,48.80276290168515,vegetative,1,68.1,high,root_rot
grapes,24.46157148137872,82.41344244795124,123.5511076726231,61.906520882346754,maturity,0,69.6,high,root_rot
watermelon,26.512358622567366,34.69073257402713,257.6698077332301,35.53890368086027,seedling,1,73.3,high,blast
chickpea,21.374530251307846,68.2599271861846,4.1746569695706786,5.205677640385739,maturity,0,37.4,low,none_significant
sugarcane,27.67666260626223,89.41304190371422,287.8656537094136,15.729093862029494,flowering,1,88.6,high,blast
banana,25.42355919042783,79.98681285768646,62.6745565276276,59.80629292827568,maturity,0,62.3,medium,leaf_blight
wheat,23.149091737317903,72.03302466560785,67.29672538440204,82.54062093435212,vegetative,0,69.3,high,bacterial_wilt
wheat,20.389353020193077,88.8218398599513,275.59959625636606,36.684573931042586,flowering,0,64.7,medium,leaf_blight
coffee,24.26977297159164,31.369870521405375,36.210795887263636,33.60412554732807,maturity,1,44.4,medium,leaf_blight
maize,28.682035552878368,43.074599537719166,185.94972876181174,58.4382541764396,flowering,1,72.6,high,blast
coconut,25.72505138480669,46.185903510091,35.80543797408945,87.71904492634675,maturity,0,52.6,medium,rust
banana,24.592679847872027,66.58588839226744,215.1361105091109,16.548975535523905,maturity,1,77.4,high,downy_mildew
lentil,26.092206273046187,44.955401130077036,136.51890679690123,32.90563245373412,seedling,0,45.6,medium,leaf_blight
watermelon,23.020507172226466,40.84615162964436,163.98959939500494,39.58295383486284,vegetative,0,54.4,medium,powdery_mildew
coconut,27.75552512102366,82.93989606542081,175.06798602968675,10.625542859232626,seedling,1,80.7,high,blast
banana,27.5994636970798,67.681208190635,111.98906066998215,31.697149263444363,flowering,0,63.4,medium,powdery_mildew
wheat,17.034099066951867,74.77207941658963,20.882424761901063,81.16977200689414,vegetative,0,53.8,medium,leaf_blight
sugarcane,26.4915975660969,72.3996866654504,32.84823491018973,59.40912007302722,flowering,0,55.7,medium,leaf_blight
mango,33.115978874113296,76.7803020424897,71.53621759376863,49.79353288061096,seedling,1,60.7,medium,powdery_mildew
coffee,27.084247887218382,29.959927713979013,44.712734285866695,92.55236989215837,maturity,0,39.5,low,none_significant
maize,24.785256400163668,51.8362843959257,237.2688755774813,42.70350291085398,maturity,1,81.8,high,root_rot
wheat,14.749604890623662,21.22865483159468,169.24255018641415,64.14100019212611,maturity,1,57.9,medium,powdery_mildew
grapes,23.60140742294652,85.64337031543681,18.98659013593327,64.16558620760566,maturity,1,64.1,medium,leaf_blight
grapes,19.77687837575614,86.99964323460159,15.909527192886186,43.70060324468353,seedling,0,43.6,medium,powdery_mildew
lentil,21.31644761705435,71.51971056216472,1.10443444102849,12.150869445594848,seedling,0,42.2,medium,powdery_mildew
chickpea,22.80183027487851,76.23056012209658,183.36587903535306,66.26383616085761,seedling,0,73.1,high,root_rot
coffee,25.35339648101409,29.741181400460086,38.10871383732537,40.59677718537952,maturity,0,45.2,medium,powdery_mildew
wheat,12.924972115140683,22.65169902141647,242.32728504284083,89.14851815950625,seedling,0,56.3,medium,leaf_blight
wheat,15.927944355482982,94.34011700632068,71.60580137138086,7.754821630777481,maturity,0,47.8,medium,leaf_blight
grapes,30.737804782893043,77.5308265218527,231.2347393371276,21.56253385812836,flowering,1,75.5,high,root_rot
wheat,12.641778227506446,38.12111964274593,11.63069231900974,65.4766264805053,flowering,0,28.8,low,none_significant
lentil,29.678242281978964,51.40368714959391,247.26199322264802,8.858939718851088,seedling,0,68.7,high,downy_mildew
mango,27.889161185172988,30.44624052456325,189.17341491101797,54.11807201838464,vegetative,0,58.3,medium,powdery_mildew
rice,22.828141695468688,26.484942635593534,278.8921378350122,77.29858945829596,flowering,0,61.5,medium,leaf_blight
coconut,23.729929174455403,45.42041084064289,204.12011362284247,5.22845967479854,maturity,0,48.0,medium,rust
cotton,21.820045216325454,97.43917302443644,140.3662815555094,82.07673323614695,maturity,1,91.4,high,blast
rice,23.114443474293207,62.08584803573072,190.20341117182514,85.98061775230083,flowering,0,71.3,high,root_rot
coconut,26.772434881405992,61.118877838304975,234.23119573314332,84.37287831213796,flowering,0,88.7,high,bacterial_wilt
chickpea,19.815329979000083,96.72377033733235,214.73527881253062,75.72366222386137,vegetative,0,76.1,high,bacterial_wilt
coffee,26.07994482720132,67.7872045888843,38.14328576636522,78.21967770425707,vegetative,0,56.5,medium,leaf_blight
maize,23.427426243109107,23.35006741515393,291.7368180824481,91.17313004161636,maturity,0,69.9,high,root_rot
orange,22.521954174348956,80.37998217618421,53.965718120310534,79.44625890023858,seedling,0,55.8,medium,leaf_blight
coconut,27.265796726326716,29.501090330540034,23.725730306861838,87.85983417134702,seedling,1,56.0,medium,powdery_mildew
orange,21.64983639598598,60.934281021346315,261.4914732454875,85.34980117151521,flowering,0,69.4,high,bacterial_wilt
kidneybeans,16.998220959510896,39.974578750330416,156.47174919599703,22.32955558317953,seedling,0,46.0,medium,powdery_mildew
coffee,25.57534927177794,52.16554307227305,85.9204558476364,80.4749354819709,seedling,0,54.5,medium,leaf_blight
chickpea,19.650505670310135,58.57422424959397,73.77096774491358,38.412944555639335,seedling,0,44.7,medium,rust
maize,27.758476473430314,31.905578873337443,84.7401560504211,61.40343215004133,flowering,0,52.7,medium,powdery_mildew
cotton,25.123500527368623,95.14911974885169,0.7427636948413641,58.66055723524474,vegetative,0,66.4,high,downy_mildew
maize,20.79384013890836,52.391702111652606,202.12267137435074,5.58068629659049,seedling,0,63.7,medium,rust
rice,24.14177067029736,78.9604519790063,180.2436583990474,76.5038814621509,maturity,0,72.5,high,bacterial_wilt
coffee,23.26266420533816,59.50388858925143,189.28761058151906,35.74370627981988,flowering,0,73.3,high,bacterial_wilt
banana,28.050967122887563,86.3427590930629,258.5204374092861,87.25827708100795,seedling,0,84.8,high,root_rot
sugarcane,26.355210581753674,23.966827687276712,19.07501242373737,21.920595438496672,vegetative,1,31.7,low,none_significant
cotton,29.157543229275483,84.83467625967833,258.33684726080975,75.62857027705171,maturity,0,70.5,high,root_rot
banana,27.956758730464045,55.74592973002801,144.2788848171435,93.73515538810325,vegetative,0,71.3,high,root_rot
chickpea,20.946936479057566,44.43329804205365,288.1139419062444,62.11517118153193,maturity,1,71.2,high,blast
grapes,23.157759834164406,37.4952708871028,83.51948519626312,66.91874160368103,maturity,1,58.9,medium,rust
rice,22.39081111481306,59.51871317122658,107.61664496314766,42.7591246798475,vegetative,0,56.3,medium,powdery_mildew
coconut,26.476916637554016,86.2306232968777,235.9840637139063,77.52687773530658,seedling,0,89.7,high,blast
cotton,28.694291983497557,85.30229745897236,260.70116495973673,45.408861111568015,flowering,0,77.5,high,root_rot
coconut,26.92935751480224,87.93148473078827,243.72534829305928,13.69687049299705,maturity,1,81.8,high,bacterial_wilt
lentil,23.72801737822241,78.97406308891709,276.26297294985335,59.050342474419836,vegetative,0,73.2,high,bacterial_wilt
coffee,24.110714311094842,59.17527419136573,269.4920674791161,61.741823980665295,vegetative,1,92.1,high,bacterial_wilt
coconut,25.983606117977157,48.366662136081274,134.46587936009192,94.79920728721234,seedling,0,65.4,high,root_rot
chickpea,18.939822248042123,61.40848566890938,227.12560313055528,11.917544160861702,maturity,1,56.8,medium,rust
banana,26.996164419851173,79.21353957456256,69.94937082292113,46.97221193540529,maturity,0,49.5,medium,leaf_blight
wheat,13.344986199714498,23.74070836259851,150.80903236374036,29.206759732299748,seedling,0,45.2,medium,rust
rice,22.895203850420394,51.271308840574186,263.9290664452506,14.87526919377045,seedling,1,84.8,high,downy_mildew
grapes,23.692553988033414,94.81453977567637,74.01864530659076,62.76922096850548,vegetative,0,69.5,high,root_rot
grapes,25.273237448811226,94.97414925492377,161.61633128698782,51.4952559036371,maturity,0,77.1,high,downy_mildew
sugarcane,28.080966859512134,62.77309377327743,251.82004439941616,76.79328455049523,seedling,0,78.9,high,blast
wheat,18.54529492472986,26.241961395213806,30.211130512171348,78.68706795285034,maturity,0,29.1,low,none_significant
coconut,22.12474160483457,23.6325373331276,263.6339866484369,44.79787967602647,maturity,0,60.8,medium,rust
wheat,15.203625306420394,74.52755797321782,239.91478309444258,6.987178429168738,flowering,0,54.8,medium,leaf_blight
coconut,23.42842920359246,28.766292504055187,228.26412421360882,76.39870328118239,vegetative,0,51.7,medium,rust
grapes,17.313532071548867,25.346252719588787,72.04747784195284,36.196827046853144,maturity,1,37.6,low,none_significant
cotton,29.550266519246545,93.34385480325483,268.712522364454,6.663790925287637,maturity,0,76.1,high,blast
mango,36.7991904076249,82.51758833899068,94.96676630852761,59.193046576484456,maturity,0,47.4,medium,rust
cotton,29.645805650777962,45.00630542344888,140.5232860078944,50.09811334054732,flowering,1,69.1,high,root_rot
wheat,16.713861303210614,45.997206505573736,43.78584823306683,17.085065455845047,vegetative,1,39.5,low,none_significant
lentil,30.190149537313467,65.6587951418311,213.6473388549297,84.2399780157268,flowering,0,84.5,high,bacterial_wilt
kidneybeans,16.6005055198409,70.02671742933401,57.30796598474559,38.28016076874735,maturity,0,42.0,medium,rust
wheat,21.887500460722528,20.753178888018937,94.75108285500482,29.493272202101465,vegetative,0,27.8,low,none_significant
coffee,23.126757976587776,25.819893824322342,242.8455818499139,9.793836686850128,seedling,0,55.3,medium,rust
watermelon,26.480720652236425,56.92859659408458,108.70923151625098,38.20297849260515,maturity,1,62.0,medium,rust
banana,26.360531036799287,64.53750197175978,64.56350936001887,36.387558391782036,maturity,0,62.1,medium,powdery_mildew
chickpea,25.055237894804982,47.89179377658249,181.8110576184851,37.983232566889946,seedling,0,67.7,high,bacterial_wilt
rice,23.278132810620875,90.73767559942131,261.0842216996016,55.64427549707167,maturity,0,75.9,high,blast
orange,20.088063320633026,48.339166636524936,126.52183531743265,25.219378806859456,flowering,0,45.5,medium,powdery_mildew
grapes,20.564817225477892,32.49709524721769,265.64362804083163,79.20705289793689,flowering,0,60.1,medium,powdery_mildew
orange,25.02243135428815,41.24101356198647,249.23900270446637,44.236075895089854,seedling,0,59.1,medium,rust
coffee,23.93367827283408,98.67659773635734,138.73073463374405,57.17122153550468,seedling,0,77.7,high,bacterial_wilt
kidneybeans,22.229372100444017,95.38376768501524,153.51533588021593,79.34205118620469,flowering,0,80.6,high,downy_mildew
coconut,24.66285583422826,29.134603254174642,212.99190011869038,6.3518605677251685,flowering,0,51.0,medium,powdery_mildew
maize,30.801929734252695,79.35230285912934,87.55020501084718,57.816552643802936,seedling,0,74.6,high,bacterial_wilt
lentil,27.77084981505475,85.94637047046673,197.30149800791543,11.404946792869692,flowering,1,78.9,high,root_rot
grapes,22.691580067647976,42.64010922662323,291.18762612158014,22.421227274783824,vegetative,0,54.4,medium,leaf_blight
coffee,20.608133903777983,66.90732962816396,62.48284404963641,88.10852235544975,seedling,0,61.7,medium,powdery_mildew
kidneybeans,17.395772560340564,68.11590182676017,21.9711603055723,83.07451141358733,vegetative,0,42.8,medium,leaf_blight
grapes,30.239595136598194,99.42565293907023,123.10597328675745,21.49232176887748,seedling,0,71.8,high,root_rot
coffee,22.880999713843856,98.97798670695043,289.3133609933084,93.57362674605461,seedling,1,98.6,high,root_rot
coffee,23.59790578450855,83.46197700981934,224.72132602147252,68.74675635244131,maturity,0,86.1,high,bacterial_wilt
chickpea,20.914878829136406,24.441196778467642,270.2180824050078,67.04992334623404,maturity,0,63.8,medium,powdery_mildew
grapes,26.4939742814185,76.80887269441399,145.18322376370085,30.828752093729825,maturity,0,61.0,medium,leaf_blight
banana,28.066567087106943,70.68550552610455,12.839818661572643,45.404566692368604,maturity,0,48.7,medium,powdery_mildew
rice,25.513753729181097,88.65068974971224,200.5496192391482,74.9682456629043,vegetative,0,81.0,high,root_rot
kidneybeans,16.974856877195187,35.5999387912859,167.42627518695647,85.55714706394178,vegetative,0,49.2,medium,leaf_blight
lentil,26.976316376912724,40.790511371287714,24.021852313299195,79.5695620773702,vegetative,0,33.9,low,none_significant
mango,32.58949359611235,48.04213418290828,185.27442119031653,17.603784748877512,seedling,0,42.5,medium,leaf_blight
rice,26.198073042750746,49.78931018809084,136.31849924537192,66.26361470373547,maturity,0,66.9,high,downy_mildew
sugarcane,28.031267633022143,27.866864058200107,277.59395445012024,41.30457039714967,vegetative,0,55.5,medium,powdery_mildew
orange,21.20022390327201,80.22961545907884,269.47971483843446,36.70648111153537,vegetative,0,63.9,medium,leaf_blight
orange,27.378579509869105,33.272943679049604,189.74557718304956,41.11314910451074,maturity,1,78.5,high,blast
rice,22.987610253619618,66.88186885654994,1.2654748233876356,59.70969185091236,vegetative,0,44.4,medium,rust
chickpea,20.306793239473294,95.55039435851766,204.1287022472645,45.94669186995753,seedling,0,93.2,high,downy_mildew
lentil,23.916052840794155,64.53666950789949,240.24141954599168,34.490738417125094,flowering,0,78.7,high,blast
orange,24.03792894741146,56.49932617708401,70.563550838914,58.82401961260931,seedling,0,39.0,low,none_significant
coffee,26.70407555199431,60.879135655423994,92.52184521227149,23.504049465790263,vegetative,1,68.2,high,bacterial_wilt
watermelon,26.94917283046102,52.07746418047062,248.30265280236225,75.13174158336895,vegetative,0,68.3,high,root_rot
rice,27.78325132180916,68.0765337555408,30.434253360206654,79.12240208996951,flowering,0,52.7,medium,rust
mango,29.600101522513377,96.32880418125914,109.98275958102055,67.0904226975783,maturity,0,72.0,high,bacterial_wilt
wheat,10.919206981635417,54.68338500037599,31.75629591802489,21.655626623026077,flowering,0,37.5,low,none_significant
orange,26.59801337160189,54.362388753176695,290.4453239756514,62.73390476864413,maturity,0,79.5,high,downy_mildew
maize,24.159433327560475,22.291039810067232,107.71584504334086,19.34864761697428,maturity,0,36.4,low,none_significant
kidneybeans,15.064586548003891,42.06646929639973,173.3422230917035,89.37475038554376,maturity,1,52.9,medium,powdery_mildew
watermelon,25.157124212979625,31.320606224416643,245.58299026809453,63.58727145530703,vegetative,0,68.3,high,root_rot
lentil,19.653052732250327,52.58199941477481,53.317243929047564,62.843907851778695,vegetative,0,38.0,low,none_significant
banana,25.974206910327972,99.47470287663353,83.19280028986825,92.80727962147616,flowering,1,90.9,high,blast
lentil,24.76845116206287,60.2951242549001,31.729664866734662,65.61310567861997,flowering,0,52.4,medium,leaf_blight
watermelon,28.842593814806744,56.794156717160824,248.548242400955,91.77987197011556,maturity,0,87.7,high,bacterial_wilt
orange,24.27483503227107,77.13355121865999,166.0530991229033,51.94726727992513,seedling,0,66.8,high,blast
banana,30.18517724127084,92.9932925292905,55.16805951447529,23.350175353822703,maturity,1,61.1,medium,leaf_blight
kidneybeans,18.67680701669942,76.77845068446368,234.07215525046712,86.13278629408657,vegetative,0,63.5,medium,leaf_blight
mango,32.492529245367464,46.99985003535759,89.62087763780428,33.71134684641506,maturity,0,39.2,low,none_significant
watermelon,21.11386501201109,22.10047746943191,206.13237079498788,70.17140494565218,flowering,0,57.1,medium,leaf_blight
orange,16.014747925416618,73.48327434662606,210.21370256941086,34.19016444254459,seedling,0,53.9,medium,leaf_blight
banana,31.52912574144783,20.654585017248994,286.26036847223793,88.25015170511186,flowering,0,54.9,medium,powdery_mildew
kidneybeans,14.752428805707762,65.28261317346653,210.0478248227967,93.00969217442562,maturity,1,61.7,medium,rust
rice,22.582284423137903,90.5181478651402,11.736064539232338,44.724537580946084,seedling,1,68.5,high,blast
mango,32.194787039780095,20.829727240078533,95.67068227656223,77.50791078997655,flowering,0,41.4,medium,leaf_blight
coconut,22.505699735962775,60.02794624911911,272.38963001891597,83.83025027700309,vegetative,0,80.8,high,root_rot
coffee,20.95223869657844,59.40384814457283,263.94163121361385,74.57522420155344,seedling,0,61.5,medium,powdery_mildew
maize,20.499490441492085,95.50638738666657,297.78912342676153,90.62234120783114,vegetative,0,91.6,high,downy_mildew
wheat,23.465497055366942,56.44962065122225,60.48901903001739,14.966635520824468,seedling,0,45.4,medium,rust
lentil,22.692920583683794,88.05354816293747,253.46243704567473,20.46409166567425,flowering,0,64.6,medium,rust
kidneybeans,15.652467458232174,94.93729091614034,52.666407843774856,47.34435572919094,seedling,0,65.1,high,bacterial_wilt
banana,26.436397551712684,84.94968977876682,161.85518155860035,85.93730948997256,vegetative,0,77.3,high,blast
lentil,17.003410826825363,98.80026233119891,178.7232231649626,91.40257997863014,flowering,0,70.4,high,blast
banana,24.833740260230982,40.183666141737355,295.5055308604309,62.68686020171031,maturity,0,70.4,high,downy_mildew
watermelon,25.58851307239172,79.323486703152,34.92341143876986,52.86760377761228,flowering,1,65.7,high,bacterial_wilt
rice,25.685566527603875,21.989973923238608,227.81957573733396,61.998778066631665,maturity,0,56.4,medium,leaf_blight
chickpea,16.172752748039304,77.08912490414318,2.2552038891860526,74.72987416766551,flowering,0,50.4,medium,powdery_mildew
rice,25.278820280286798,76.76586384054656,153.92571969237517,78.99794749614888,maturity,0,61.6,medium,rust
maize,26.7919841164778,92.05751320099832,82.81871442892758,57.467596040658066,flowering,0,71.0,high,bacterial_wilt
grapes,22.285672382734152,61.23534867725414,270.80488198485307,6.789703695300929,maturity,0,55.7,medium,powdery_mildew
lentil,29.457265450250176,36.07007108787926,228.74595479230624,12.175750713817344,vegetative,0,47.4,medium,powdery_mildew
banana,25.215041561150876,83.55322924414389,26.426304063464002,59.08651805760483,vegetative,1,65.7,high,blast
maize,20.75098694339118,30.31576054925243,110.65401572722119,21.351073188113425,vegetative,0,43.4,medium,rust
watermelon,24.5085314387673,82.76460141097277,158.00496919598118,55.0328710338218,vegetative,0,75.0,high,bacterial_wilt
cotton,27.07389109979508,39.391140642601464,288.0562751519385,59.63474652466924,maturity,0,67.0,high,blast
grapes,19.16375658403938,44.631777654369,104.88429512608218,75.7991071163068,seedling,0,34.6,low,none_significant
orange,20.44911936297661,87.69270748137767,227.95265559051762,80.91743892364727,vegetative,0,78.8,high,downy_mildew
rice,25.001238388567273,85.88379801568828,11.378659105196986,46.86611312418657,flowering,1,66.0,high,blast
wheat,17.79997325565042,94.04726252567389,268.7575299413805,63.5733416006178,maturity,0,80.1,high,blast
watermelon,23.41096802073667,45.29721220365978,85.77887803141937,28.722445576967395,flowering,0,52.4,medium,rust
cotton,24.298895649042226,66.9116724338997,46.63392196615837,45.32902764017108,flowering,0,47.5,medium,rust
cotton,23.583367965452606,90.09241557302614,54.117376936862236,88.03841511161049,flowering,0,73.0,high,downy_mildew
coffee,27.110039664852835,92.05282710250198,155.656630715697,20.077363787932498,seedling,1,76.5,high,bacterial_wilt
grapes,19.403799682707387,52.99760691086477,281.9507818688005,22.242234707773314,flowering,0,49.4,medium,leaf_blight
rice,20.59211071758498,94.93397696581465,256.5590141408766,5.587878625956179,seedling,1,84.0,high,downy_mildew
wheat,21.988196715299388,97.69650990472016,8.711303044706941,21.61574531853941,flowering,1,62.8,medium,rust
sugarcane,28.38257828398142,84.21815160180392,226.17655975798968,7.939630393204617,flowering,1,74.9,high,root_rot
sugarcane,26.760522733690156,67.26404640190444,48.82788332348642,54.2906989883949,maturity,0,56.6,medium,leaf_blight
maize,23.059899532869604,51.61961564372206,275.14660700429386,52.38946280496164,flowering,1,81.9,high,blast
watermelon,26.41556747936833,53.03910269023761,290.20832211626214,18.781586263991386,flowering,0,60.5,medium,rust
wheat,18.189243091459797,90.99881301876204,244.79624988204026,63.88833442295166,flowering,0,68.9,high,blast
lentil,19.76996088016354,49.22946587400092,145.2501533411522,35.42567529924459,maturity,0,53.2,medium,rust
mango,31.266124319888114,69.83746076528246,249.49465190217987,88.2236823275393,seedling,0,83.6,high,root_rot
cotton,24.7950716191023,92.59223580872255,50.53526326364811,30.718374851203226,maturity,0,53.7,medium,rust
cotton,23.22186820933139,28.67595000733573,202.22227720905045,69.83728719796378,seedling,0,76.9,high,blast
chickpea,19.928356436843142,27.98606738769152,31.75813221439755,93.62935465251358,seedling,0,35.6,low,none_significant
kidneybeans,13.548306138452613,36.50087040395633,66.11200438759319,17.513446484148613,vegetative,0,32.1,low,none_significant
maize,25.12627675488257,83.39562976504612,5.737526886775757,43.75740796113994,seedling,0,54.9,medium,leaf_blight
wheat,16.682043541968135,58.301763273302385,253.09083513464947,48.70659647999947,seedling,0,62.4,medium,rust
sugarcane,27.12598394416335,47.0029157393958,150.0504811992367,89.82229976022963,seedling,0,64.5,medium,rust
coconut,29.402374633470927,69.36857054925115,203.69529405951872,37.5891992682636,vegetative,0,72.4,high,root_rot
mango,28.962488730120743,24.463254616145427,142.2743048611835,9.613009549624106,vegetative,0,41.0,medium,leaf_blight
orange,22.209253743371825,57.22350645628613,290.2978651197823,48.77562837315242,seedling,1,79.1,high,bacterial_wilt
chickpea,19.766776333813038,50.03944339470885,275.8473605889646,34.23421463650318,seedling,0,41.1,medium,powdery_mildew
lentil,18.560175450543724,95.62047045670687,105.75311745453719,31.28088278751661,flowering,1,69.6,high,downy_mildew
coconut,25.928282117661357,89.55931127444624,55.11305387536608,85.00991849899272,maturity,0,78.0,high,root_rot
chickpea,19.447887237499163,98.289236722915,256.380082630482,76.13879022828353,maturity,0,70.7,high,downy_mildew
watermelon,23.180935396999416,27.56671862539796,220.58512623329815,31.50193242856641,flowering,0,49.4,medium,leaf_blight
orange,21.031864971146526,65.0721157734797,268.61605224775263,58.81313838937182,flowering,0,62.8,medium,powdery_mildew
sugarcane,31.771364525033007,89.20804838464942,264.5516319858455,45.673571001168646,maturity,0,87.7,high,blast
coconut,21.959786748819376,40.17872530918828,251.07709542994107,9.6533674469558,maturity,0,58.0,medium,leaf_blight
maize,24.544306133753544,20.99619655032857,26.037405598865504,23.77906803789657,flowering,0,24.8,low,none_significant
coffee,24.405931405446648,20.269241598327348,254.30971936419067,10.19710087362228,vegetative,1,59.3,medium,rust
kidneybeans,17.392667074261254,33.814570999423864,281.12774115683,7.099615445060357,flowering,0,46.6,medium,rust
watermelon,31.17954770827182,46.41431743410622,49.05856336840031,76.48461139433174,flowering,0,46.9,medium,rust
watermelon,28.82187293581125,21.155778362518205,217.22013371945036,16.882726092786427,flowering,1,60.8,medium,powdery_mildew
coffee,24.74561127201209,76.18077741593036,35.14513719113871,35.871665801571055,maturity,0,46.1,medium,powdery_mildew
orange,24.691495147069023,38.975326949407034,11.31189860803471,24.854299351491058,seedling,0,36.2,low,none_significant
wheat,14.164278360791632,81.56495263051113,231.71828196006123,55.596729644529276,seedling,0,64.0,medium,leaf_blight
kidneybeans,14.57956618182198,92.6728921271874,179.66052529646117,89.65262642273495,vegetative,0,69.9,high,blast
sugarcane,27.861601940345103,94.23474093692042,135.51980866770032,89.49712285762358,seedling,1,80.0,high,blast
orange,22.326300647877527,88.510132251247,203.99395706074117,58.958713818546606,flowering,1,88.1,high,downy_mildew
banana,28.078448639586572,41.81139381054614,243.05432223700555,13.735566777020267,seedling,0,53.7,medium,powdery_mildew
orange,17.06889242949198,60.62355242728816,114.2000804016227,80.11499984179437,vegetative,0,47.0,medium,leaf_blight
rice,23.511852872454963,55.360743691035914,188.78910808290036,89.63562523220348,flowering,0,69.2,high,downy_mildew
lentil,26.628690212757245,40.6774023305261,222.44480480739242,85.10364108256077,seedling,0,62.7,medium,rust
orange,20.08574626543512,67.01586329183118,295.7988967130484,54.021684202777045,flowering,0,71.1,high,blast
chickpea,20.459446018822348,92.15217149410074,202.76010594055415,83.98687789625274,seedling,0,87.9,high,downy_mildew
mango,29.33821258714641,27.43374425862922,210.54469679227583,9.244550045923106,flowering,0,57.1,medium,rust
coconut,28.101953872783458,83.57638626390558,125.84113763191424,24.93999766868874,flowering,0,61.8,medium,leaf_blight
coffee,24.025216593119744,24.977507280498415,85.17992673519835,7.108166166519315,vegetative,1,43.1,medium,rust
coffee,21.536920495208015,41.43753751571681,40.484689525590525,57.22440632739091,vegetative,1,50.6,medium,rust
sugarcane,31.61517667920851,39.619756990750965,289.35406125541044,8.120038140146757,vegetative,0,52.7,medium,leaf_blight
lentil,20.87887496272426,38.24416386705589,118.61818317220512,14.547563137715384,flowering,1,46.5,medium,leaf_blight
sugarcane,29.86137719037518,59.18552386861811,231.6133989472917,9.715207702273524,flowering,0,56.6,medium,powdery_mildew
wheat,17.025860556570073,88.94042445337487,279.4672225657329,13.623939086602316,vegetative,0,64.0,medium,leaf_blight
wheat,15.551200576723076,89.84253559607987,37.87620788296427,17.82018607251233,vegetative,0,43.4,medium,leaf_blight
coffee,26.256305564081458,78.33871278171905,219.60006025043694,16.26349005764257,flowering,1,91.2,high,blast
orange,27.517708882924445,69.71330820001016,171.8424387310974,11.127014056651703,maturity,0,60.1,medium,rust
sugarcane,32.38176723002226,76.06780335502413,234.21265558479882,79.51646952713432,seedling,0,72.5,high,bacterial_wilt
watermelon,23.840242423188506,69.81991086367013,85.29884809054538,86.03743239014838,maturity,0,73.6,high,bacterial_wilt
sugarcane,26.915901482279136,24.207164951822023,93.86682980550933,75.57329051215476,vegetative,0,53.6,medium,powdery_mildew
watermelon,20.510248306487235,20.776352432512432,297.80428525188637,60.254043911109555,flowering,0,62.6,medium,powdery_mildew
grapes,30.37243616751276,72.64544321261211,212.5709803423843,21.151106734997384,seedling,0,65.2,high,bacterial_wilt
lentil,26.960104725249764,54.99834221151863,172.5990219585441,68.50481872518984,maturity,0,59.1,medium,leaf_blight
cotton,29.128298434062497,86.14345073385257,224.12616557926782,50.14193428744916,flowering,0,74.8,high,bacterial_wilt
sugarcane,26.61505644068531,29.74255286721582,209.2047075138693,9.845017296819583,flowering,0,60.7,medium,rust
banana,27.313903249219955,45.752702075331214,188.61724886846352,43.80567500196349,seedling,1,83.8,high,bacterial_wilt
kidneybeans,18.597798388238843,85.0965027975984,84.71771961852687,40.44622468001752,vegetative,1,63.1,medium,leaf_blight
lentil,19.736134575901445,42.96637351094616,167.32597805979677,15.978753900416292,maturity,0,43.4,medium,powdery_mildew
watermelon,21.607402866185197,45.528991641146106,1.0369092952761338,87.0933919286849,maturity,0,32.6,low,none_significant
orange,21.50745244894419,53.60935083908812,255.44609011096904,49.23848781735891,maturity,0,68.6,high,bacterial_wilt
cotton,26.53373248766263,46.19190419656415,278.8730975038715,32.48331963068196,flowering,0,64.2,medium,leaf_blight
banana,27.897847482946542,97.8420310807027,167.23291403645499,84.88573182229636,maturity,0,81.9,high,bacterial_wilt
wheat,14.994246604528099,35.75436697921119,114.92483362536933,8.19755327101884,maturity,0,34.2,low,none_significant
maize,25.95957493794012,90.86405393788982,186.66441459321848,40.665833605085496,maturity,0,80.5,high,root_rot
orange,24.566248054964376,66.38472255794525,120.36190877924396,78.64515757695456,vegetative,0,64.8,medium,powdery_mildew
sugarcane,20.97666811703018,39.37969988833469,27.4901519630639,69.00307019724173,seedling,0,40.2,medium,powdery_mildew
coffee,24.906759628709196,83.28960940465714,147.45330726570756,7.299448904300455,flowering,1,80.1,high,downy_mildew
coconut,26.60909018065844,53.0087392517046,198.8813612264318,87.25833781445482,seedling,0,67.5,high,root_rot
coffee,22.644514688337708,66.29025007422894,82.27578530593314,26.469425200565386,seedling,0,57.9,medium,powdery_mildew
wheat,20.095173964139008,73.81911388867624,153.6885055056768,16.491290761204933,flowering,0,71.7,high,downy_mildew
rice,25.311882170579715,66.73107821212945,175.47577913647012,10.777327841939833,maturity,0,66.5,high,bacterial_wilt
banana,29.012253758672507,82.92134740412136,182.99302202349534,68.42207149145241,seedling,0,86.3,high,downy_mildew
mango,26.62041184054705,20.883898495872522,161.3752438872693,37.77660685365108,flowering,0,50.8,medium,powdery_mildew
orange,17.013894956322957,26.39129725994887,17.007212455458,36.05289346450111,maturity,0,19.3,low,none_significant
kidneybeans,13.374250831824584,30.683103984970643,58.399906449797214,83.25668204203338,maturity,1,36.8,low,none_significant
coconut,25.69536996547026,66.27805340320285,235.1736811109778,64.16987003312121,seedling,0,59.0,medium,rust
banana,25.26878864382453,49.12438790679165,167.88627488536017,25.17779284171468,maturity,0,56.5,medium,powdery_mildew
coffee,20.531472378504684,41.000903924489634,276.3429787234593,33.99299132301113,flowering,0,60.1,medium,rust
chickpea,17.923195376324138,87.90018521197149,150.36927067733487,42.78157377879802,maturity,0,56.6,medium,leaf_blight
mango,31.619575518373406,76.86931617064057,183.1949148744221,17.587370042719932,seedling,0,60.9,medium,leaf_blight
grapes,14.265797584651049,57.90487064729005,277.32102855147707,89.33919973552852,flowering,0,66.9,high,bacterial_wilt
kidneybeans,13.340894783651514,48.40025143301125,67.46669111708623,47.364956211774576,vegetative,0,36.0,low,none_significant
chickpea,21.655931199267393,63.3698779054953,209.12104206865777,20.74451548787551,flowering,0,61.0,medium,rust
banana,28.60059690375298,43.514593985026586,95.10557003158931,45.5375029115726,flowering,0,51.3,medium,powdery_mildew
chickpea,18.265387771962075,28.357772359464192,123.10820553761287,15.158782535413648,seedling,0,20.9,low,none_significant
rice,24.629396135682654,25.109488142792653,174.9405742101916,49.80910277592001,flowering,1,65.6,high,blast
rice,24.073629306516935,83.69379345965632,29.424048502861943,88.98502446094655,vegetative,0,68.3,high,downy_mildew
kidneybeans,16.218373189216535,87.18639946189205,185.00147438088706,25.158006028186634,seedling,1,74.7,high,root_rot
grapes,23.548145410425455,79.18179600827482,38.095906411183975,9.558574568047074,vegetative,0,46.4,medium,powdery_mildew
wheat,12.126660409034757,84.27613067770463,8.64664420808946,35.25476455915097,maturity,0,44.9,medium,leaf_blight
maize,20.64422099222059,38.23120071100067,129.9311222308325,40.64453640528257,maturity,0,53.0,medium,rust
sugarcane,28.626735131902066,34.21559371434561,172.31843143094474,70.55718031009467,vegetative,1,62.6,medium,rust
watermelon,27.96833755460488,78.97019055128142,157.37966902026926,7.706159285924392,flowering,1,84.3,high,blast
banana,30.945046875773457,28.942779504449927,16.53987764345152,77.30653301538896,maturity,0,34.7,low,none_significant
sugarcane,20.183171884601165,80.70153177079601,267.8677670337289,49.647589286697986,vegetative,0,68.7,high,bacterial_wilt
grapes,31.000863190734705,36.58082984265447,202.01706920800322,73.09935771007139,maturity,0,68.2,high,bacterial_wilt
coconut,26.229895594001604,68.66765509221773,13.597234645625711,6.062305483159941,flowering,0,45.2,medium,leaf_blight
wheat,14.291365784693724,75.55970661829477,192.39902921580796,84.76780997235844,flowering,0,77.0,high,root_rot
grapes,23.070565180049,61.136467906064254,28.44791793470979,42.23979664555283,seedling,0,41.5,medium,rust
wheat,21.646763752573197,46.96374716772362,40.66045737360474,36.604802541882506,vegetative,0,43.3,medium,rust
wheat,10.529500677956364,61.23830283209496,130.7595552051588,76.6540361158991,flowering,0,51.5,medium,powdery_mildew
banana,24.15321520990763,90.8599804649248,6.315799040784508,68.00408519696995,vegetative,1,73.6,high,bacterial_wilt
kidneybeans,18.35862822477144,42.168329047668365,274.1820618073304,8.90032975520776,vegetative,0,48.8,medium,powdery_mildew
grapes,19.974030007525577,24.66356654526127,273.14895798892917,51.94285896423249,vegetative,0,45.8,medium,powdery_mildew
watermelon,22.089620415459887,98.33026112306996,67.80002466814246,80.97925957044903,maturity,0,72.9,high,root_rot
maize,23.578507873123527,53.82273689526862,275.43068630544394,24.3072599031446,seedling,0,54.7,medium,leaf_blight
wheat,9.225872047231606,97.03043144920814,57.91181642623311,14.064643374393908,maturity,0,49.6,medium,leaf_blight
coconut,23.01064820737894,45.50806018954787,2.834991320259128,78.53501790780045,seedling,1,55.8,medium,powdery_mildew
coffee,26.241124894749415,22.143340640631717,176.93667793007472,69.9457960269627,vegetative,0,56.0,medium,powdery_mildew
grapes,23.635715887667736,80.3935127740999,59.70266008073287,68.57127725621268,vegetative,1,76.7,high,blast
banana,31.187491768497814,68.03640574652945,264.2539532204836,84.77084131371262,maturity,1,85.9,high,bacterial_wilt
maize,23.14412091696324,76.94456113167772,18.227007962877696,27.076488069428763,maturity,1,58.8,medium,rust
banana,28.772467118712115,85.5996876454383,241.9850038052469,11.586223495470321,maturity,1,89.7,high,downy_mildew
wheat,16.30254401495051,47.391901344187815,111.15968787043758,14.258954202046358,vegetative,1,34.8,low,none_significant
maize,23.66866091919689,26.979988367715553,129.33945343660116,18.712762497910294,vegetative,0,32.6,low,none_significant
chickpea,20.142318029430452,25.72635888647283,105.11083164733351,8.529863263135923,vegetative,0,29.7,low,none_significant
banana,27.058496081766176,94.18483148003665,58.42941640723581,70.77258475918693,seedling,0,72.8,high,blast
sugarcane,24.07774848267025,70.94186176019906,43.70199511785954,77.06100054595179,seedling,0,53.6,medium,powdery_mildew
lentil,27.69122352928721,56.26761331166776,189.70245381758812,42.21125800919173,vegetative,0,63.3,medium,powdery_mildew
wheat,17.690488024791996,78.59107786249783,20.466290428535306,8.393358492795265,vegetative,0,31.9,low,none_significant
grapes,21.41673384404389,36.65539010736264,12.612365894082789,52.91661290760838,vegetative,1,55.4,medium,powdery_mildew
sugarcane,28.231353265508805,72.84966467488579,168.9396231845105,57.203193369182465,maturity,0,62.3,medium,leaf_blight
kidneybeans,19.383701532769052,64.75943499817261,131.22966943313804,23.992393963756996,maturity,0,48.7,medium,leaf_blight
wheat,18.29138470282247,44.32834365299236,282.39446828612444,57.36417806957677,seedling,0,66.5,high,downy_mildew
cotton,23.47038778859852,95.31725707688663,206.9689593974412,52.27111757584584,flowering,0,76.1,high,root_rot
coconut,26.880650872887966,30.916601421898726,255.20429466992772,5.112332251163377,seedling,0,36.6,low,none_significant
orange,16.07474362383516,85.68495713178086,199.0191026675677,67.01984450366852,vegetative,1,79.6,high,downy_mildew
sugarcane,25.211356103840945,39.044247095292455,280.38535015137677,73.45840776280147,flowering,0,54.6,medium,powdery_mildew
lentil,22.02567335424742,77.13299911986124,194.32145262222625,15.875601202189383,maturity,0,67.3,high,blast
coffee,23.155603974721,89.68773663228768,91.8188109602741,37.961786960062184,seedling,0,68.2,high,bacterial_wilt
coffee,24.368155386556666,61.737595934575886,197.4465322079719,90.85147520102277,maturity,0,69.1,high,root_rot
wheat,25.214841928176178,28.839713196384693,147.55047023869446,71.4712826295153,vegetative,0,47.6,medium,leaf_blight
kidneybeans,19.76510061955755,22.723040044536642,187.1524265328213,52.41664000641079,maturity,0,44.1,medium,rust
sugarcane,25.585799202802672,73.66506156144638,15.403607469556412,20.528956778511077,vegetative,0,49.3,medium,powdery_mildew
wheat,19.736808405684265,87.98967832675922,178.48135647748,88.64572686757712,vegetative,0,67.2,high,downy_mildew
wheat,22.797498045205483,33.76064090014174,20.312396221088846,68.31042229400188,maturity,0,39.4,low,none_significant
cotton,26.952545263810965,91.48171187754531,246.9250479241406,32.338343841617586,flowering,1,92.1,high,blast
cotton,26.65073013860183,67.8664149430232,79.99264977762294,38.725724328428356,maturity,0,50.1,medium,rust
watermelon,21.517189869349053,99.7818505402565,104.56685666753249,90.62991190633343,vegetative,0,74.5,high,downy_mildew
mango,33.09706192130557,34.97893902599004,285.94642149254355,94.87066815142505,flowering,0,58.9,medium,leaf_blight
cotton,24.1038245142337,68.59928620565496,120.08337283748041,39.02612796075914,maturity,1,66.8,high,root_rot
lentil,23.000397074315057,39.66980746779372,120.57001770429204,10.02170750114362,vegetative,0,43.0,medium,rust
cotton,23.34814437740946,26.633118256587878,201.20006254623033,63.803304088431645,maturity,0,53.2,medium,rust
watermelon,20.387054145076693,29.989175556430155,103.42953104197342,91.88114609189752,maturity,0,45.2,medium,rust
coconut,27.62626890704776,31.93990410559371,167.58585612143494,6.2471721384654275,maturity,0,56.9,medium,powdery_mildew
banana,26.853836414118216,61.01641612219684,283.4861894915833,40.82802572016451,flowering,1,70.6,high,root_rot
kidneybeans,19.347220639194536,86.4249941677656,212.74719048770828,73.41162126772934,seedling,1,87.1,high,bacterial_wilt
watermelon,25.187380373212886,48.759534059191026,165.63999883095295,67.14613283518688,flowering,1,78.8,high,bacterial_wilt
mango,29.113172370186028,25.217823166852142,6.4303615733837916,47.89255246495756,maturity,0,36.8,low,none_significant
coffee,24.754831059244236,91.30197673347935,29.77809255788939,49.072151115629026,maturity,1,72.5,high,root_rot
chickpea,25.12961331174679,32.63185627631694,231.08255453110155,31.687989192297497,vegetative,0,53.0,medium,rust
sugarcane,26.209152281069215,48.56134892769711,10.13707087573078,46.63124315317243,seedling,0,37.0,low,none_significant
maize,21.79450889828133,31.717615426148384,184.94856667887797,42.15185157854625,maturity,0,50.2,medium,powdery_mildew
watermelon,21.77250197739751,27.550589403948056,202.64193398133386,30.43926926934333,vegetative,0,50.0,medium,leaf_blight
wheat,7.44923549645301,51.68058937929959,10.285681429300485,76.05881279619175,maturity,0,41.8,medium,rust
watermelon,24.275350201049243,79.08508624397186,189.87375925121972,33.323956387329076,vegetative,0,67.7,high,bacterial_wilt
mango,27.9744594771877,30.251264273446743,106.51387735529836,72.01837984663578,vegetative,1,66.8,high,blast
chickpea,20.5809901414618,48.7372480491328,290.10851592083577,56.061506308998474,maturity,0,68.4,high,blast
cotton,20.907653098274917,30.284934425530956,256.5968195103147,91.31654887829862,seedling,0,67.4,high,bacterial_wilt
kidneybeans,21.56391620707376,69.8125925760836,41.78963637218054,90.32168048527902,seedling,0,63.4,medium,powdery_mildew
sugarcane,31.975536099594404,58.080337979170466,296.1241887835651,10.595684694857404,flowering,0,63.5,medium,leaf_blight
coffee,24.169381174255086,40.87928417998859,49.382192726614235,29.15109711830723,vegetative,0,37.6,low,none_significant
maize,20.47414212734378,32.88112818108367,0.38043613251089736,91.1644768851637,seedling,1,48.8,medium,leaf_blight
orange,17.478686991104695,79.279529508037,177.6669111310221,57.62443360719539,flowering,0,67.7,high,root_rot
wheat,21.302326509669083,99.16521136171635,2.9934202067484206,28.21116413361714,seedling,1,72.3,high,root_rot
watermelon,20.5899720602689,27.668417721032448,202.52816966446676,62.70680928107339,vegetative,0,60.8,medium,leaf_blight
banana,28.70673378954845,56.95141955000536,206.160319445344,33.9700579371567,flowering,0,54.6,medium,powdery_mildew
mango,26.886944463545483,53.28597125176184,229.2367825432724,87.59404445848845,vegetative,0,74.6,high,bacterial_wilt
wheat,20.228799454751123,66.17763820880245,124.19972013974345,82.77776307482,vegetative,0,62.9,medium,leaf_blight
kidneybeans,17.944248485451883,47.48801588154441,205.19055631891752,25.775549218414056,vegetative,0,43.0,medium,powdery_mildew
rice,24.361615432280182,28.05400444277638,129.49587565545423,55.72644573340587,vegetative,0,43.0,medium,powdery_mildew
sugarcane,30.082404971999864,68.82576884923014,282.6796774852792,52.194463728349966,seedling,0,75.2,high,root_rot
wheat,21.701301934334403,90.20761073274866,213.67773081186058,12.945517913518243,vegetative,0,81.7,high,downy_mildew
rice,27.268985787342253,74.42295472568853,94.4745710914518,10.596544098741262,vegetative,1,94.5,high,root_rot
lentil,27.992579944409798,94.89940005361245,218.1961519711688,35.373541673568624,flowering,0,74.5,high,downy_mildew
chickpea,18.34584421786243,56.47561119214086,98.77664082128716,13.575235415177714,maturity,0,38.9,low,none_significant
orange,24.014849004900164,98.31925295799097,76.15168950848961,26.19520025538254,maturity,0,69.0,high,downy_mildew
lentil,25.718324524343117,20.40025602713807,216.47479199293053,34.29199100608345,seedling,0,64.8,medium,powdery_mildew
kidneybeans,19.601694483402134,38.900394164967686,254.91622797774392,58.58288843311214,maturity,0,48.6,medium,powdery_mildew
kidneybeans,14.208648923659386,62.786568372369445,298.51858548226267,66.5530761573363,seedling,0,55.2,medium,leaf_blight
rice,24.251286601791357,61.84026347462492,2.715936813059827,23.890427817580633,vegetative,0,43.7,medium,powdery_mildew
kidneybeans,17.147669102399036,67.10698592361277,98.09015152852538,12.929961980389223,vegetative,1,42.2,medium,rust
rice,18.747222251977753,41.252472248453756,78.72031942868047,32.09299946475684,vegetative,1,43.1,medium,rust
banana,29.407778672647368,46.805255924435855,97.69883090109394,82.633972204968,vegetative,0,53.5,medium,powdery_mildew
coconut,25.18055771788727,26.134202626071527,110.4426003836595,93.36598258784186,flowering,0,50.7,medium,leaf_blight
coconut,23.99880300529117,74.24627337362224,259.2090412627051,65.35023592951264,maturity,0,73.5,high,root_rot
kidneybeans,17.3367876070709,84.15115010679968,51.07517615314461,39.119632789418716,seedling,0,32.8,low,none_significant
chickpea,17.405539593731593,51.09677363590712,15.009046520023105,51.84392883508853,flowering,0,35.2,low,none_significant
orange,22.633062192792327,65.46895286574262,150.70284029616602,83.67478846231704,maturity,0,70.7,high,downy_mildew
watermelon,26.249234628507935,42.91460360448909,170.6795678760622,80.07549916582192,seedling,0,53.3,medium,rust
rice,29.77552553060756,43.64336193289974,38.8999959016702,79.95816899953378,maturity,0,54.3,medium,rust
rice,24.33686545500483,98.95380755747448,97.18565889922547,48.179080741206434,maturity,0,66.4,high,bacterial_wilt
maize,22.078155643644948,93.7224962485655,154.6303954247614,34.317004903844754,maturity,0,61.8,medium,powdery_mildew
chickpea,18.88013886807988,74.88992708169327,117.50519100826222,77.5890830891169,flowering,0,50.6,medium,leaf_blight
chickpea,19.19167133801056,93.45922469542106,247.0239048446142,92.49952056813167,vegetative,1,89.7,high,downy_mildew
rice,26.025712156927987,89.18938268380357,299.09213092172365,72.09680963786366,flowering,1,92.5,high,downy_mildew
maize,19.74256475908277,78.59976364189637,181.51164508743733,53.62935059769024,vegetative,0,67.8,high,bacterial_wilt
cotton,35.40207860693823,26.829668043392267,33.501557031334706,43.91133067288124,flowering,0,23.2,low,none_significant
banana,24.42427055552684,20.888935616414777,219.68065504774685,58.94080399926458,seedling,0,68.7,high,downy_mildew
banana,25.81896119710433,35.14968737553923,79.4419649744833,34.56760887268317,seedling,1,61.0,medium,rust
sugarcane,32.09325688537811,67.40874824237724,48.55756597746696,56.76865489542826,maturity,0,53.5,medium,rust
sugarcane,26.14681626116498,32.89550285517143,151.94631701218327,33.47318559456792,maturity,0,49.6,medium,leaf_blight
coconut,24.672161015465747,63.441208445334894,145.14056414387755,17.111959639688358,vegetative,0,62.5,medium,rust
lentil,20.981272411203303,27.269255816323152,239.07782035282176,35.58463851174582,vegetative,0,50.5,medium,leaf_blight
banana,26.137637872396436,52.48060291611261,78.19365056985706,20.182410321876844,flowering,1,63.8,medium,powdery_mildew
grapes,23.76963413811122,36.44982083245427,38.40540427340069,28.423174066318122,vegetative,0,45.1,medium,rust
lentil,24.137494489108295,52.56617210921525,45.10877529981926,76.19901754110842,seedling,1,66.2,high,root_rot
sugarcane,26.22452636856375,58.70469957525395,31.209521872278877,89.9537710153611,flowering,0,52.2,medium,rust
mango,29.969811354808304,52.14576903470346,259.177848801321,94.08110663831658,seedling,0,74.5,high,bacterial_wilt
kidneybeans,16.002364161391352,59.35589800035977,295.1386232085781,84.8204575361681,maturity,0,70.0,high,bacterial_wilt
rice,25.20076786359736,63.60955007824359,161.46070080157676,53.384116978415484,vegetative,0,69.4,high,downy_mildew
chickpea,16.922091765591073,57.443749008414756,140.8104572905131,92.9072782011356,flowering,0,57.6,medium,rust
mango,37.75337721512328,33.86759994176099,43.611609618272965,89.52820876997197,seedling,0,23.3,low,none_significant
orange,20.36544371009317,25.111454804175885,118.44058883167253,68.65542470381445,maturity,0,58.0,medium,powdery_mildew
banana,26.469277514931644,49.96153012623264,24.88930408387553,19.20313701583253,vegetative,1,48.0,medium,rust
cotton,23.482629304079516,21.741769650286685,170.85795205468855,47.21332688543373,vegetative,0,51.0,medium,powdery_mildew
coconut,27.77671703783679,29.039598405009663,115.75026089351486,75.08937689481547,flowering,0,54.2,medium,rust
wheat,19.624730022996847,42.228764898937634,116.68409013651822,54.90067314641573,vegetative,0,38.9,low,none_significant
mango,28.0001683173199,96.85148949571831,83.60645405612875,45.835947532788836,flowering,0,73.5,high,downy_mildew
orange,20.830566832411066,93.78882550833667,44.56764817535246,77.31747508017435,maturity,0,77.2,high,blast
watermelon,23.85433307118814,31.516678695556593,188.7271212006373,48.916201133167895,flowering,0,60.5,medium,leaf_blight
lentil,27.27220425592955,59.61481046773316,246.77580591892502,82.62979967413027,vegetative,0,63.2,medium,powdery_mildew
coffee,25.132320763748407,23.083707293695603,149.17677286128742,22.482293516201253,flowering,0,55.4,medium,powdery_mildew
watermelon,29.10532970233953,58.76236376606414,199.01949819184253,85.866060647533,flowering,1,93.9,high,downy_mildew
watermelon,26.378524440379046,88.19286449559364,15.851487811028298,77.89265732707143,seedling,0,55.4,medium,powdery_mildew
watermelon,27.82257990982471,31.686705105516282,185.0939599858148,91.08720209305234,flowering,0,67.7,high,blast
cotton,27.148045545949554,81.44927887726072,76.16393643263163,91.98135672173872,seedling,0,56.5,medium,rust
sugarcane,20.72856209443867,73.41909068618958,175.74118941812372,42.52998446667354,vegetative,0,70.1,high,blast
sugarcane,22.12548413552726,29.645116122875645,21.608769157304188,78.34193843430361,maturity,0,38.8,low,none_significant
mango,32.358717932624494,90.45776873512548,103.1392273018186,21.839131053071068,flowering,1,59.1,medium,leaf_blight
coffee,22.577910148867037,88.97113494438338,281.5113617077591,45.28201085688348,vegetative,0,74.9,high,blast
coffee,25.678492458399468,65.51003319598357,77.21580962359083,23.876833352873568,vegetative,1,56.4,medium,rust
coconut,25.076429082961056,25.59923446949285,178.5033999725893,93.69913706160717,vegetative,0,70.4,high,root_rot
grapes,18.372088642028597,43.81368728731414,275.43383207397125,63.819819006995196,vegetative,1,67.6,high,blast
chickpea,20.965398624471828,81.26099512612195,128.79273738841644,49.99993453071883,maturity,0,66.5,high,blast
grapes,22.644745863629126,77.33502962329183,255.5804451145052,83.67560941338209,seedling,0,82.7,high,bacterial_wilt
banana,26.619929936339112,85.3873329701487,240.78951481943417,50.749772639695344,maturity,0,70.9,high,bacterial_wilt
maize,28.492922045706717,25.500445217984613,284.7417232129454,52.58116801165614,vegetative,0,41.9,medium,leaf_blight
maize,22.178849288322947,67.88907232252002,130.22895762828622,30.859721855552376,flowering,0,52.5,medium,leaf_blight
orange,20.42717679942237,83.47505796835787,44.546421080233145,76.59160971143137,flowering,0,58.0,medium,leaf_blight
maize,28.87662399420323,77.71668653399487,52.57599185515724,17.378567799569318,seedling,0,52.5,medium,rust
lentil,25.070421629537485,79.67395294292338,59.65981317383092,12.225380882332733,seedling,0,43.8,medium,rust
cotton,25.979023756977103,66.19967204717368,111.7916053607075,13.432819838408875,vegetative,0,58.8,medium,leaf_blight
orange,19.102449632452483,84.9799210043329,0.6524306355042975,72.41066338939211,flowering,0,46.6,medium,powdery_mildew
coconut,23.85902770170145,68.38283544584873,91.38077104170105,85.44261501323652,seedling,0,63.8,medium,leaf_blight
sugarcane,34.56314114750747,66.50284464668184,173.70544924403802,15.806640266977645,seedling,0,56.0,medium,rust
sugarcane,29.874971216428687,80.45307940551733,179.59067272249214,23.91022452981006,maturity,0,74.9,high,root_rot
wheat,13.40883615565063,42.64149739522681,41.245678731368265,61.589997007500834,maturity,0,32.9,low,none_significant
cotton,28.227452800862665,46.56996186640072,100.53448910972483,59.93238773736309,flowering,0,48.3,medium,rust
watermelon,24.803319494486253,80.30663430851104,152.0230607563485,83.64329369375014,flowering,1,86.6,high,bacterial_wilt
grapes,24.60135365188335,22.216262708528234,150.67273289546222,15.750297008198647,flowering,0,45.3,medium,leaf_blight
coffee,17.218554041533935,82.68421419975668,144.0763381287685,93.70771864162653,seedling,0,71.2,high,blast
watermelon,28.406168281139593,57.33927812828413,171.4029060022695,77.71670118369818,maturity,1,70.2,high,bacterial_wilt
wheat,14.471438401254987,88.7823212389691,50.50755206713099,70.03755484525904,vegetative,0,59.5,medium,leaf_blight
coconut,25.097942615377395,58.296046470795645,214.2562064181106,41.52607843505447,maturity,0,72.7,high,downy_mildew
rice,25.712048412398794,83.11012010357436,217.07419641630295,56.22113524060746,flowering,0,71.4,high,root_rot
mango,29.506465496618784,73.97793163191379,64.42244246093557,18.932584665959972,vegetative,0,46.0,medium,rust
mango,33.582989769588465,94.83914296248787,245.67489474901396,70.95191878026938,maturity,0,75.7,high,bacterial_wilt
lentil,23.576188733321146,76.30004486066512,262.48802731333046,54.69486524590281,maturity,0,73.5,high,bacterial_wilt
grapes,25.088197871023098,23.125360680291518,102.98469560314312,57.3910426129646,seedling,0,36.2,low,none_significant
coffee,23.552051818455976,58.21032993565851,262.3277111626491,12.067670517566604,seedling,0,58.4,medium,powdery_mildew
maize,20.16501384312026,68.49801717726044,277.0481249213444,76.51956717145477,flowering,0,74.0,high,blast
mango,30.786156625903033,54.326420388668936,284.2862278806202,46.73576954226925,vegetative,0,62.3,medium,rust
sugarcane,28.02676271046876,59.98874008249784,164.39933899376842,15.405235156621234,vegetative,0,68.8,high,bacterial_wilt
orange,22.118790217804623,52.80073879548884,257.5156335826596,94.84960976592684,seedling,0,80.2,high,blast
watermelon,23.013416595251535,27.494552912030514,206.68426201131686,20.4044666480976,vegetative,0,58.4,medium,powdery_mildew
coffee,23.296477435472227,45.778929792332704,106.19671324117905,88.63082470291138,vegetative,0,52.0,medium,rust
kidneybeans,11.689788704238792,58.97289214646331,268.3561325610871,64.63916326782189,flowering,1,68.9,high,bacterial_wilt
orange,21.742541021423257,85.8172451595522,297.4366337816352,32.20178218194867,maturity,0,85.0,high,downy_mildew
cotton,24.095301931961494,53.69964915832544,54.52290746887522,46.2156228980134,flowering,0,49.3,medium,rust
coffee,24.9806477541721,33.901346097836594,115.3246500663835,88.81152117696246,flowering,0,55.2,medium,rust
kidneybeans,18.717182967756045,78.54038050083551,213.20737747727622,64.45352263828383,seedling,0,76.7,high,downy_mildew
cotton,27.45543569054417,25.914787770065033,202.61342633498273,85.21248223358597,flowering,1,81.6,high,root_rot
coffee,23.04759357945362,25.327668087120784,68.49883549312749,28.826169444498266,flowering,0,40.1,medium,leaf_blight
banana,24.308009879003844,71.18895274326904,255.46006420195937,30.76974814986852,seedling,1,82.2,high,downy_mildew
lentil,25.612800736961084,93.95132928880778,276.28963647156297,13.751956969962508,vegetative,0,77.7,high,bacterial_wilt
mango,31.904850604928722,39.21595282364095,239.8890679236669,26.94987988229631,maturity,0,62.6,medium,rust
watermelon,28.768608896722778,29.195421343433743,130.0718775608316,57.83601645675985,maturity,0,45.3,medium,powdery_mildew
coconut,26.54188289680212,33.23848690722591,166.0889079516144,90.51168788445189,vegetative,0,54.2,medium,leaf_blight
grapes,24.25678912786374,65.16506827749856,6.886223265966862,59.15054784850969,maturity,0,45.8,medium,powdery_mildew
maize,18.12363724334588,27.379382926317433,250.555595170312,70.17593114102758,maturity,0,54.8,medium,leaf_blight
mango,25.06626484726773,49.03490667378644,201.14718890981166,62.777804838352935,seedling,1,89.0,high,downy_mildew
rice,26.349567006743104,55.5905272631416,27.90596159714147,40.26470613705472,seedling,0,39.3,low,none_significant
coconut,27.305252742585726,22.732933311039574,29.52236870585041,14.350541990795877,flowering,1,54.5,medium,leaf_blight
orange,23.35554436781414,97.66197746820241,51.40857579537354,29.341285796962627,seedling,1,74.0,high,root_rot
kidneybeans,16.22138667703631,49.722309495713894,174.4709635237333,13.70958373934666,seedling,0,45.9,medium,rust
orange,28.40378364600009,92.4419584280793,41.56493376732151,35.034242585402225,flowering,1,72.5,high,bacterial_wilt
wheat,19.94210656989219,76.98649624417982,107.90475558408137,47.06729088344888,maturity,1,57.1,medium,powdery_mildew
coconut,24.706810567868814,44.34618072364492,133.19228023495677,66.79886388842033,flowering,0,60.9,medium,leaf_blight
chickpea,22.558216253134532,71.21878119170822,256.85569908646715,12.686968129648562,maturity,0,72.2,high,root_rot
kidneybeans,18.549737935688306,93.87818046791323,136.97072365184292,7.2272617366084475,flowering,0,53.1,medium,rust
watermelon,21.6746028735702,25.914877142414056,104.8401131308086,59.23501388180162,flowering,1,57.3,medium,powdery_mildew
wheat,20.519111268569404,45.09306657481421,130.83003216379825,94.48018478867533,flowering,0,53.0,medium,powdery_mildew
cotton,26.224074937629947,80.86262669986198,59.64953705507177,85.28501880488498,seedling,0,50.6,medium,powdery_mildew
lentil,29.44458033761172,66.65519826319439,77.04730960322048,89.1799699204237,vegetative,0,62.6,medium,rust
sugarcane,24.710994636269415,82.28974456361992,274.96273767970973,59.01667670414823,maturity,1,90.9,high,root_rot
banana,26.939021085904823,98.60190941706091,249.57229938864782,60.466988667404486,seedling,0,81.0,high,bacterial_wilt
grapes,25.499742459747424,76.75256093098393,31.05857930069178,59.827606536224145,flowering,0,54.2,medium,powdery_mildew
kidneybeans,17.608730904746295,21.78426200561755,44.09968507039827,37.68691192566848,maturity,0,22.9,low,none_significant
watermelon,26.702682815768373,83.16511241029916,28.70909518785546,58.55351828880296,flowering,1,67.7,high,blast
kidneybeans,16.077886059869147,34.05046327544013,146.46668167825425,88.05444089307507,seedling,1,56.4,medium,leaf_blight
wheat,18.547416207965952,76.7895029491722,299.33209527131464,32.188922725623726,vegetative,1,84.5,high,root_rot
coconut,27.461886675223198,74.56045372059279,283.12310794189517,70.46730949991856,seedling,0,79.2,high,root_rot
lentil,23.958645588819216,54.387150130262896,256.6742102627149,61.79721531425612,flowering,1,84.5,high,blast
wheat,25.540769412920614,98.1095022461511,128.89135963691086,87.80707247432665,seedling,0,79.8,high,bacterial_wilt
rice,25.42215787058641,55.21762789640542,139.93026551640068,80.10041913135521,flowering,0,69.1,high,blast
rice,19.70600052235998,85.44031403551409,201.2910099583018,94.14040761666544,maturity,0,64.7,medium,powdery_mildew
orange,21.52893126876404,57.32000504174384,123.3510137689479,90.79858860444627,maturity,0,62.9,medium,leaf_blight
mango,30.00143073870053,45.54706182399869,161.9250601791009,58.70076603567877,vegetative,0,58.8,medium,powdery_mildew
coffee,24.887367755060506,71.64003136898859,127.98894754754734,19.603012894316148,maturity,0,56.1,medium,leaf_blight
chickpea,17.6612052542321,91.46555907995848,218.1474739269312,56.84554567223692,vegetative,0,69.8,high,downy_mildew
sugarcane,31.663788702676023,59.61144755679094,268.66426655103925,39.95657179396963,flowering,0,72.0,high,root_rot
grapes,22.211134578768206,48.30475829467903,222.87568034263302,54.92889194112211,flowering,0,67.1,high,bacterial_wilt
cotton,23.323944967738054,35.87324861430261,141.89844536039388,31.216379359681333,flowering,1,72.1,high,downy_mildew
coconut,26.518815039872834,59.8678923846967,157.16755202251005,26.762829095235457,flowering,0,69.0,high,blast
kidneybeans,12.301695569893882,27.070187543552198,227.78891327328455,22.544075383996212,flowering,0,44.8,medium,leaf_blight
coconut,26.76020542390436,57.560663527459816,92.22036783809455,45.40581725065984,seedling,0,47.8,medium,leaf_blight
banana,29.36073167272549,43.436979233653794,141.9321843029414,25.040067436444758,seedling,0,43.8,medium,powdery_mildew
wheat,18.282058770885314,74.26922463223102,84.8602493753445,44.652308578544556,seedling,0,35.2,low,none_significant
mango,30.97708892082198,66.27372355852758,149.37139336649676,49.275199675531,seedling,0,65.8,high,bacterial_wilt
lentil,16.88641167086524,52.31792851058095,283.92191975240496,68.21258004286202,maturity,0,58.6,medium,powdery_mildew
coconut,26.173799677070157,82.3716181010507,232.9796141267616,59.795070419532614,flowering,0,63.7,medium,powdery_mildew
chickpea,19.257608356315973,49.98301348577405,119.5649278175438,29.04384432669103,seedling,0,38.8,low,none_significant
mango,32.595260337534164,90.23727633150719,148.2039779292887,39.939996232421414,flowering,0,66.0,high,root_rot
mango,27.06610381219125,98.77359963689034,67.18384041461088,88.23568332332768,seedling,0,66.7,high,root_rot
kidneybeans,17.616936393504478,32.79242687198703,218.36884356831294,74.66276395642548,flowering,0,45.4,medium,powdery_mildew
rice,26.333493431838832,68.00522392030689,254.47661453392118,7.353500849366278,flowering,0,61.2,medium,leaf_blight
kidneybeans,25.34733313088517,21.52815642394449,28.9559567209129,69.8142061494313,flowering,0,40.7,medium,powdery_mildew
kidneybeans,15.247922127420093,69.909000759596,63.69525244229055,30.87706512540205,seedling,0,48.9,medium,leaf_blight
lentil,27.800981426699085,33.58310172396788,243.86582040575922,72.99213192268067,vegetative,0,63.1,medium,leaf_blight
cotton,31.755162912341167,62.500818173071444,237.869084156357,19.76085493607451,maturity,1,70.2,high,bacterial_wilt
mango,31.29861025146704,67.59816963555855,133.7911684865088,12.26683611788118,maturity,0,54.8,medium,leaf_blight
maize,23.156725646778444,32.05796897245304,172.53115175970353,73.40195541405295,flowering,1,66.4,high,bacterial_wilt
sugarcane,22.974115390044375,56.34728578202627,294.30257127891196,71.31175020046659,vegetative,0,59.9,medium,leaf_blight
grapes,19.85961107120035,93.30021552890491,228.84921734965513,70.6274057489523,flowering,0,67.5,high,blast
maize,29.18791311435416,81.26032767069971,270.93224745432036,38.796882452940125,flowering,0,78.7,high,root_rot
maize,31.36972539281429,59.85770024076538,34.338196795905176,59.31723800476619,seedling,0,49.8,medium,powdery_mildew
chickpea,15.171429334215425,60.788065736726544,132.42950932512548,41.86350004804543,vegetative,0,51.3,medium,powdery_mildew
coconut,26.897406007937697,43.15538887047431,254.07566175421752,68.78177840152674,flowering,0,70.9,high,bacterial_wilt
watermelon,28.97035237404009,84.95805439062198,28.591388194130595,89.10573571273673,seedling,1,65.9,high,bacterial_wilt
banana,24.736280938931827,71.87490306532999,46.2395283072629,31.5396162319635,flowering,0,69.3,high,blast
coffee,28.269422026661392,69.28862775624248,178.45103045808796,47.52863386094009,maturity,0,66.9,high,bacterial_wilt
maize,17.703095110879104,97.54508867148245,285.9354427013837,61.976670239676366,maturity,0,79.8,high,downy_mildew
mango,29.798031893069567,21.53648441153323,291.64958667219946,72.01220082926609,vegetative,0,67.7,high,blast
mango,31.6696861258236,83.20895521039702,37.54899682015523,21.88711635414094,seedling,0,52.7,medium,powdery_mildew
maize,26.06684536796365,45.86509707832703,60.80628464451516,91.28475799537853,maturity,1,68.0,high,blast
orange,22.214630575350018,47.04260938083678,108.95671679515164,88.87065343241231,flowering,0,52.2,medium,rust
banana,29.618030717441755,59.90350550770543,268.71404540701036,15.004673866099111,maturity,0,76.6,high,root_rot
watermelon,26.079715166029278,34.48774641972345,249.78238539106624,23.824379016183006,vegetative,1,61.3,medium,leaf_blight
wheat,17.96424197387069,54.43175688030584,82.33900754395158,93.81220386971329,vegetative,0,47.2,medium,powdery_mildew
sugarcane,27.97946475168956,43.01747395109991,128.78420327814493,61.50295759436728,seedling,1,64.7,medium,rust
rice,30.607127212703386,68.56351788361462,264.5020415141985,74.75339938914696,flowering,0,91.1,high,root_rot
maize,24.134093834096117,38.044542710692454,119.92387377439664,50.961177331099826,seedling,0,57.4,medium,powdery_mildew
watermelon,17.036629892267896,60.71076091824662,39.796975103761554,39.94101002861113,vegetative,1,41.5,medium,rust
watermelon,30.295575934621432,80.33381386874026,58.32000597564595,90.60929102886362,flowering,1,70.3,high,blast
coffee,26.58734564053469,26.574909495200217,7.46765645739893,18.255787708370597,flowering,0,13.9,low,none_significant
wheat,18.46822449409403,27.66603279891808,202.92798688898753,75.66652505052728,vegetative,0,43.2,medium,rust
kidneybeans,12.281752925365536,84.4646253414614,206.16621667328465,50.33587618766981,vegetative,0,69.1,high,bacterial_wilt
lentil,26.326931059580424,29.31445572929743,123.71466117040694,57.85765733460831,maturity,0,53.6,medium,rust
lentil,24.289019393424784,25.394960572162013,17.729382217969448,66.75604237848997,seedling,0,42.0,medium,rust
banana,27.585389169462115,70.55002422065141,56.316062604452654,76.21859025082543,seedling,0,62.3,medium,rust
orange,20.71462209429597,93.4184814945604,211.61078343926297,84.84710130414894,seedling,1,83.4,high,bacterial_wilt
cotton,22.701485728858803,63.87606080897242,149.12645692933893,22.582275388547252,seedling,0,71.9,high,downy_mildew
grapes,19.99834740143721,70.79909452283005,30.45489974599108,73.74066306893057,vegetative,0,38.1,low,none_significant
rice,25.537682828606442,31.785394665523885,253.27423778377596,12.127623904913271,seedling,1,66.1,high,blast
banana,24.841454563844838,36.71709600532389,234.17512355376414,57.59958349046882,vegetative,0,76.3,high,root_rot
sugarcane,30.221054734088902,85.11884297471516,112.02592710367965,67.75237657549182,vegetative,0,73.2,high,downy_mildew
mango,31.360866236495532,67.7449798723575,62.2909027386132,52.852446919629344,vegetative,1,68.0,high,blast
banana,26.590078430548633,66.59209963256825,72.25885001941835,86.2257939702627,maturity,1,70.7,high,bacterial_wilt
kidneybeans,18.404124160233465,36.129798050110836,265.2436921242047,32.39365591579742,maturity,0,40.9,medium,rust
sugarcane,23.372100200244457,93.78696340497217,194.25026924880655,85.31576844526269,seedling,1,100.0,high,root_rot
rice,25.566751852195438,86.47393783759799,218.10266981519146,84.03434536292656,seedling,0,80.1,high,bacterial_wilt
chickpea,18.389837124480067,55.071352606612265,30.793237822449594,56.80733196704872,seedling,0,37.3,low,none_significant
cotton,27.781658800700033,56.06515366135837,67.84451104952917,41.451223447360476,seedling,1,56.1,medium,powdery_mildew
cotton,25.707097621301372,43.66899098700298,144.07890698538674,73.57524100429522,vegetative,0,50.6,medium,powdery_mildew
sugarcane,28.409811364584943,93.6645808362513,263.0412599716685,24.834107731217657,seedling,0,78.5,high,downy_mildew
lentil,28.792244030330963,58.17677658818448,182.39375658953338,29.350705280767897,maturity,0,60.3,medium,rust
mango,29.682573696906946,82.05279646715071,58.20634648451487,63.15064973607568,vegetative,0,58.4,medium,powdery_mildew
watermelon,26.147251048950846,73.91397863130331,262.51133281604353,63.755380587529395,maturity,0,78.8,high,blast
coffee,24.032239789028925,71.48888836006682,213.9725713992132,73.62638011594045,maturity,0,72.0,high,blast
coffee,23.203572465009525,65.81751579596391,137.0292051880248,80.67606079886541,seedling,0,65.4,high,root_rot
wheat,17.172490166551725,47.12512187583776,215.42270110934538,52.092411717174656,maturity,0,45.0,medium,powdery_mildew
mango,33.142375694635035,85.23140100109592,236.71597359820709,26.000761412408977,seedling,0,64.5,medium,rust
lentil,25.855382588917454,30.57854314895384,279.4870713547492,18.11478383104856,flowering,0,64.2,medium,rust
banana,23.298686457704942,33.77320716344102,120.38037804734813,9.323103053295192,seedling,0,48.7,medium,powdery_mildew
kidneybeans,16.435654521655973,77.87235672190806,147.53599463497383,64.07881948561786,vegetative,1,62.4,medium,leaf_blight
chickpea,15.431262751727592,83.45604756515182,15.380929995544946,38.04642206681753,flowering,1,68.1,high,bacterial_wilt
mango,28.110395219282193,52.34138242576056,288.3456090274552,14.588482838988226,flowering,0,51.6,medium,rust
chickpea,18.644890065756,44.05027405269677,261.0539195201303,66.18198573222317,seedling,0,47.0,medium,rust
cotton,29.546318971377048,28.773234021483553,51.21798855293681,48.02870321148674,seedling,0,32.3,low,none_significant
coconut,24.43370845401112,81.25747472004437,220.98220461078608,54.63402116606648,maturity,0,67.6,high,bacterial_wilt
sugarcane,24.24570068112305,63.17189857583201,178.95731057843892,79.41058795679062,seedling,0,72.2,high,bacterial_wilt
rice,23.35632265670569,26.48177097283864,42.527471783591686,43.41170461464326,flowering,1,58.3,medium,powdery_mildew
mango,29.951953381763794,21.791888097021666,195.28391288515084,72.28050134820201,seedling,0,53.2,medium,powdery_mildew
maize,11.337995503483619,88.74834015298849,219.19094570851468,21.83363067129742,seedling,0,54.4,medium,powdery_mildew
mango,33.7958925593674,32.039613981583095,59.117041380040625,37.76687467663691,maturity,0,34.8,low,none_significant
chickpea,16.028548375214775,34.74029974347757,78.30670122843163,42.0075834180051,flowering,0,34.9,low,none_significant
sugarcane,25.45208825592725,44.86853087815128,218.1083829501151,28.243174093083272,seedling,0,65.8,high,blast
watermelon,24.214478021143783,47.72418564222268,158.5654034388742,64.1833359978416,vegetative,0,54.3,medium,leaf_blight
coffee,23.498541326348636,41.05610370907773,179.46439016372804,90.79668106163955,vegetative,0,62.4,medium,rust
mango,36.43257517338423,96.97664910712146,24.382130199120677,77.7758519675404,vegetative,0,64.2,medium,leaf_blight
cotton,23.842242635898494,85.84543455845008,136.13812236855193,40.3747008770501,maturity,0,72.6,high,root_rot
banana,27.040647954504013,91.40274475829438,220.70121194647166,10.582754673078718,seedling,1,97.1,high,downy_mildew
wheat,18.08508559193326,42.08691906524835,254.6642039502457,83.76439307317038,vegetative,0,54.3,medium,rust
maize,25.65582681379102,20.411929912020206,234.84687269428218,43.83066150338239,maturity,0,51.1,medium,powdery_mildew
coconut,27.84082836766484,71.26060331824698,65.45135973662461,7.632679484820696,vegetative,1,62.5,medium,powdery_mildew
maize,22.36431947269128,93.73743507158915,215.44658147392536,76.82554664660466,seedling,1,92.5,high,bacterial_wilt
coconut,27.670873078852637,68.4987283813295,274.53980664499954,90.356173269125,maturity,0,83.2,high,root_rot
mango,29.921062378562365,45.40242138073657,58.89417553192916,52.112938933590875,flowering,0,44.1,medium,powdery_mildew
coconut,30.59302002967223,25.208221079685398,252.20556184607443,94.95328804484011,vegetative,0,57.5,medium,leaf_blight
maize,17.278311219690032,34.51917372985831,174.99623986696167,89.78803314625247,vegetative,0,57.8,medium,leaf_blight
coconut,26.087041656801134,56.237917108949375,179.2470214836881,11.172000452711785,vegetative,0,57.5,medium,rust
chickpea,18.659396954361085,57.051941191219115,177.95301490132397,55.74428224256401,maturity,1,59.9,medium,powdery_mildew
banana,28.90084975511931,58.869774826171664,240.05487342230347,68.86953587800348,vegetative,0,69.3,high,blast
grapes,26.953130106302396,69.50416249236686,113.95843708467072,11.50828446019445,seedling,0,55.0,medium,leaf_blight
chickpea,24.47175010055277,49.533318866136796,0.14741768322590332,61.57627511738203,flowering,0,35.0,low,none_significant
rice,23.212699807455426,39.800621941939205,298.2870726144284,80.2091347120025,seedling,0,71.6,high,bacterial_wilt
maize,22.798863752591874,21.78412000992651,132.48027502075732,9.74933015520741,seedling,0,42.6,medium,powdery_mildew
coffee,26.810192787065112,39.37347171318586,124.84898878312417,68.2493541150472,flowering,0,53.4,medium,powdery_mildew
kidneybeans,17.932185735829265,67.91793736426911,82.67462735228956,41.78865262875782,maturity,0,41.9,medium,leaf_blight
maize,22.977909475922548,81.60537426498823,229.0950471159382,37.4437385818044,seedling,1,84.2,high,root_rot
lentil,28.3205600712458,65.83678465690677,18.0401257031891,87.89352264785855,vegetative,0,54.4,medium,powdery_mildew
coffee,27.303207369576626,65.68164389120986,271.98026316526426,50.337460648371845,vegetative,1,84.6,high,blast
mango,30.914974503084647,46.003066317140274,63.75872020008103,11.294596710379825,seedling,0,42.7,medium,leaf_blight
wheat,18.007428689481145,75.5444241409163,241.5207541258433,56.58855680332168,flowering,1,72.3,high,blast
wheat,14.52695477152146,73.74866693494477,225.42573000468562,33.74261175725433,seedling,1,64.0,medium,powdery_mildew
kidneybeans,21.321347916330062,46.46597994505956,215.38175153343175,8.490986015482985,vegetative,1,72.2,high,root_rot
wheat,20.07532129922077,64.85941995891854,175.853030465479,67.5720591620783,seedling,0,71.3,high,downy_mildew
sugarcane,27.980391915964905,49.98054532594893,232.00377971055042,15.642899969503164,seedling,0,62.2,medium,powdery_mildew
rice,23.464210917029664,48.575322756488426,56.966452574560286,84.7612726882258,seedling,0,44.4,medium,leaf_blight
chickpea,25.705544098885287,79.72200095805445,81.31271718493255,10.173383106997452,vegetative,1,66.7,high,bacterial_wilt
wheat,16.098872397872764,23.123971114398767,255.42494731534256,82.6999414054186,maturity,0,46.7,medium,rust
banana,24.40253406926281,77.78125604653694,226.78670628373075,42.45146533793624,flowering,0,85.4,high,root_rot
rice,24.770564697570748,57.65636208336925,167.54122866329075,68.64990302805762,seedling,0,63.2,medium,rust
mango,30.243460915908422,85.40601320095152,126.99480231001505,85.54603553187809,flowering,0,80.9,high,root_rot
sugarcane,28.184101116565127,64.72125005776661,63.55614162984745,31.312097945248325,seedling,0,48.5,medium,powdery_mildew
coconut,26.417462323051534,49.38515305726113,118.05138396097267,58.34619821843064,vegetative,0,53.0,medium,rust
coffee,25.07750197899611,46.661828789487544,186.0343222126158,61.15843753719632,maturity,0,68.7,high,blast
kidneybeans,14.569245193898329,79.21505287969157,12.258261759554701,72.07406965765423,vegetative,1,53.0,medium,powdery_mildew
rice,24.6483630538775,33.096458494660425,101.5038129266965,39.349586852070075,maturity,0,46.9,medium,leaf_blight
sugarcane,27.016391369749023,69.08169861476028,156.406798366347,24.87520720838146,flowering,0,63.7,medium,powdery_mildew
rice,23.895001582034148,66.38280816633672,191.4997253362444,56.271358824588646,seedling,0,74.9,high,downy_mildew
kidneybeans,18.312019929108608,37.56635103996616,289.03595621787207,37.13319972879632,seedling,0,44.6,medium,leaf_blight
banana,28.277220074848252,73.93431856033311,56.32831054241796,80.36171059556933,seedling,0,52.7,medium,rust
maize,16.41988307737154,88.75214777468896,197.60120252997982,52.8328082865676,flowering,0,77.7,high,root_rot
maize,15.679581998727304,99.38341828426091,28.789609759633105,44.61762482908202,maturity,0,55.7,medium,rust
coffee,23.191919315436717,72.77616959427206,182.20223617340497,68.00277764571588,maturity,0,75.8,high,blast
rice,29.70789652083382,34.94705366980754,195.3621546570572,54.42601961458873,vegetative,1,75.5,high,root_rot
watermelon,27.80269233609979,80.50976663532697,148.86138450093023,35.266740553453246,vegetative,0,68.2,high,bacterial_wilt
banana,28.00190335014992,41.618444636590795,237.1320640323748,68.6602550661892,maturity,0,69.9,high,downy_mildew
chickpea,21.877534355052738,51.50541310867829,214.23714583317027,51.99956438016466,vegetative,0,69.9,high,downy_mildew
grapes,26.031741399909105,87.05218709777454,17.207326783333077,16.94067141341508,vegetative,0,40.3,medium,rust
rice,22.870497969962784,68.68462654479049,206.72122496530665,22.094037994756718,vegetative,1,83.3,high,bacterial_wilt
watermelon,22.420857195412193,92.96932528774815,244.0492730671386,81.00459681986945,vegetative,1,96.1,high,root_rot
lentil,24.18863103426552,70.61651683989125,288.46899908091234,69.80305640274801,seedling,0,72.4,high,downy_mildew
wheat,14.51761030481476,72.20065515228737,64.52765818162001,25.95384191937775,seedling,1,41.2,medium,leaf_blight
grapes,21.3988415354202,20.475911772102826,202.11120843430405,80.78679091191385,seedling,0,53.4,medium,leaf_blight
grapes,27.201813152398536,38.23154358332498,68.20171306989312,23.515973564092697,flowering,1,59.3,medium,powdery_mildew
kidneybeans,19.1565797408516,61.36290260684486,202.1342376191192,77.51091587480953,maturity,1,72.5,high,bacterial_wilt
cotton,25.774506648025206,32.14000109730346,44.10767902278199,68.87991460205266,flowering,1,51.9,medium,leaf_blight
coconut,28.72328925985986,74.26899296984574,3.2313649232535657,39.84205144513258,vegetative,0,50.5,medium,leaf_blight
coffee,25.845085414694914,50.01470246047002,215.19473122116455,60.86048919395686,flowering,0,63.4,medium,leaf_blight
maize,23.129509528015316,83.71567747929969,24.607526607717833,81.49356210319831,vegetative,0,64.9,medium,leaf_blight
lentil,28.301136330969197,61.192379606439566,24.4996319088592,58.142982094840065,vegetative,0,42.6,medium,rust
lentil,16.807112790207732,39.157224313039414,260.67492298241507,83.48061097297406,vegetative,0,47.2,medium,powdery_mildew
kidneybeans,9.376897753180437,82.50426168921334,142.27820129028555,32.36396971102094,vegetative,0,53.3,medium,rust
lentil,21.31557258189877,29.996570256257318,80.27542784856863,92.72165126300825,flowering,0,58.5,medium,powdery_mildew
banana,22.470363824920632,82.66640449137577,21.40981486430573,39.82931410376722,seedling,0,50.3,medium,powdery_mildew
watermelon,27.131500315054296,96.74604928484597,155.62042035070112,32.20114083008265,maturity,1,75.9,high,root_rot
orange,29.929082031731806,84.55250698976018,233.97948891345752,64.37286483711833,seedling,0,92.4,high,root_rot
coffee,27.468786816552736,57.80279498482287,14.895050380929153,28.338203872363007,vegetative,1,50.7,medium,leaf_blight
orange,22.679727071177982,75.046957137999,120.70029078571031,71.19270135511533,vegetative,0,67.0,high,root_rot
wheat,13.971592386704629,43.249264689028585,101.89074811182645,29.504758333139304,vegetative,0,30.2,low,none_significant
grapes,19.460432322300747,51.246412570090186,197.24082756085772,91.89218466961162,flowering,0,63.1,medium,rust
coconut,24.996621721537597,26.44027128597136,57.9338012132706,31.53953282410464,seedling,0,34.9,low,none_significant
grapes,28.40270889115072,53.74552395690917,206.96049603618025,28.48528591214151,vegetative,0,70.2,high,blast
grapes,25.42672966397241,62.90758369012684,240.59654878038705,21.287446940773524,flowering,0,63.4,medium,leaf_blight
watermelon,25.455502429651247,77.65829909686008,137.15660421852797,60.555576760699715,maturity,0,82.3,high,root_rot
mango,31.011896871931743,49.10035668401761,282.3148717792133,58.74410661918512,vegetative,1,75.7,high,root_rot
cotton,28.521138610348224,38.75528969287119,299.9981199882022,64.4071534876791,vegetative,0,66.6,high,root_rot
rice,23.329203637608654,31.579930907278076,224.44896674393826,61.776194251809585,vegetative,1,73.4,high,blast
lentil,24.04560105763634,86.73963840402173,158.02773167143337,63.797865438296924,maturity,1,90.6,high,bacterial_wilt
banana,27.845508023025115,69.32335080493222,30.898347936003923,13.321936316913849,maturity,1,66.0,high,downy_mildew
chickpea,15.398625382562532,82.49564598785273,179.61283376112206,45.36024720747514,flowering,0,61.1,medium,rust
coffee,24.589345405500524,43.23597003940162,48.74261720512488,92.67743467315826,vegetative,1,57.2,medium,powdery_mildew
watermelon,27.09957123929285,70.23301415808986,114.42585577490632,35.08594670887612,seedling,0,60.3,medium,leaf_blight
mango,27.454891464763598,94.43327565611077,114.0951385058229,14.541638236138525,seedling,0,72.8,high,root_rot
cotton,29.41128075539161,36.44990189203331,227.03325188762318,63.96566706082089,maturity,1,71.1,high,blast
banana,26.2949925624745,53.22599044350898,275.14302643976964,32.88705209073932,seedling,1,78.6,high,bacterial_wilt
grapes,26.341087188811983,26.890835036880603,259.33112202674056,56.348772823389375,maturity,0,64.5,medium,rust
watermelon,25.62426146378252,48.802400231837815,248.33858958070485,31.594424567417324,maturity,0,66.1,high,root_rot
coconut,28.173308416693928,89.90905653357781,120.34260135424594,70.56743277356479,maturity,0,69.1,high,bacterial_wilt
mango,28.940470241834447,72.88619912299967,232.37946179582184,39.51884504263123,seedling,0,72.6,high,blast
maize,26.70687783504053,66.53921805034425,126.70667333027818,9.654077950324638,flowering,1,68.8,high,bacterial_wilt
orange,24.341686530787022,87.80964581474746,129.8722782764052,13.593824076166225,seedling,1,74.0,high,root_rot
watermelon,25.39954166748377,40.520062497243075,101.13685837542809,82.34827400602613,seedling,0,56.1,medium,rust
kidneybeans,18.386826530754437,60.63099581544148,152.85687958383906,20.065718873758442,maturity,1,66.4,high,bacterial_wilt
lentil,26.398641471088638,82.83497381568736,234.11299822544044,90.00056097154504,maturity,1,89.0,high,downy_mildew
watermelon,21.454847464441787,78.37533291429914,31.04004687750682,52.75229409520596,vegetative,0,65.2,high,bacterial_wilt
banana,25.520165191731518,81.6871940048803,191.22122402442594,29.07860031410742,seedling,0,73.1,high,blast
rice,29.31454158452012,24.46541778977241,139.95618106119892,91.35630984780863,maturity,1,71.0,high,bacterial_wilt
wheat,16.734511883152337,56.50934782213363,112.33163715569466,65.8263155723256,vegetative,1,55.9,medium,leaf_blight
grapes,29.219677873834385,54.41827154364327,198.74905695831617,81.1066482549088,maturity,0,70.5,high,bacterial_wilt
wheat,20.503511579562733,69.96564399494468,79.02730361850205,44.785373106407796,maturity,1,77.5,high,downy_mildew
grapes,18.14971048337426,52.764979836158844,165.59635452609464,5.898552319487283,maturity,0,45.8,medium,powdery_mildew
lentil,24.969203318966215,87.3679030014204,162.57143346740804,38.314343490362724,vegetative,0,76.2,high,root_rot
lentil,26.38566701651856,93.86199022767781,49.936794528600316,48.88921840679082,maturity,0,57.2,medium,leaf_blight
banana,26.031565967938313,77.02655549240654,46.66792597961296,75.85435428253152,vegetative,1,74.2,high,blast
banana,28.817655916269224,97.48329866731189,6.003339430583332,76.1470143793753,maturity,0,53.5,medium,powdery_mildew
sugarcane,28.55701088479893,90.37963505867414,97.70820314140745,68.25093408631213,flowering,1,77.2,high,bacterial_wilt
coconut,25.236679015317307,24.997924191951206,28.127389986410346,80.30445768287564,vegetative,0,38.3,low,none_significant
chickpea,19.190242628191484,98.97466064372078,246.18027236488373,85.02576989160067,flowering,1,86.0,high,root_rot
cotton,24.935940101805507,92.55861314181915,205.7851719009593,94.74394260350019,maturity,0,86.5,high,root_rot
kidneybeans,18.00160179020056,94.97979997802317,169.98519920032388,10.232646724328534,vegetative,0,58.2,medium,powdery_mildew
banana,24.933281321971396,47.46088197804088,220.19216229910478,79.79488808883723,flowering,0,64.0,medium,rust
wheat,22.665173501778415,23.744479937787357,161.81405419441106,71.683703376752,seedling,0,56.2,medium,powdery_mildew
coffee,20.967523209534267,39.182282163506926,72.44532337853839,48.98112170035914,maturity,0,45.0,medium,powdery_mildew
banana,26.64690210562266,79.8932279775191,209.79318237151756,65.35948866590948,vegetative,0,75.1,high,blast
maize,16.547812951013064,78.60603204011619,243.25311052954913,70.38780060665256,seedling,1,79.1,high,downy_mildew
sugarcane,28.224812276426096,31.73354116808455,173.92542965705965,41.09532747055396,maturity,0,53.3,medium,rust
rice,27.608604593415333,68.6417010486801,84.0252666908231,26.508411037064043,maturity,1,76.8,high,downy_mildew
kidneybeans,15.199242480142669,46.030662338931165,208.4522957419698,33.68049929199074,vegetative,0,56.7,medium,rust
cotton,26.236867713411765,94.69009749514883,152.5537746125606,20.31386927409776,vegetative,1,79.2,high,blast
banana,23.437841205609793,33.322271938367614,69.44830703217855,87.85960759220134,vegetative,0,45.5,medium,leaf_blight
banana,27.749273245136965,86.63610565084439,198.60546175421325,78.21031807757461,vegetative,1,94.3,high,root_rot
coffee,24.786914146476217,48.923777569244635,147.865565570354,82.32203779517123,flowering,1,78.6,high,downy_mildew
coffee,22.033496174730388,61.500267796121676,121.36081888190262,10.83786738001633,vegetative,0,58.0,medium,leaf_blight
rice,23.45251143001374,25.791474006394004,176.3333954511723,5.729258581250941,maturity,1,57.3,medium,rust
lentil,23.901068235282487,99.90804705844315,150.38098235814152,91.65758199538891,seedling,0,87.2,high,bacterial_wilt
wheat,19.69568423578195,83.45410262257448,159.73070447104067,62.60070264031342,vegetative,0,52.7,medium,rust
grapes,26.752611628983814,53.36244153027552,289.1818197085849,15.643486877962017,vegetative,0,66.8,high,downy_mildew
banana,28.974830510067193,80.06585881910542,39.61327545616713,29.722547388066044,flowering,0,48.3,medium,powdery_mildew
kidneybeans,17.51997253818586,55.37047563879797,175.69593156620095,36.62234704535915,seedling,1,56.2,medium,rust
sugarcane,29.412516290035917,38.08921012387778,168.84289522491963,38.9860069531386,maturity,1,66.4,high,bacterial_wilt
mango,29.868705035308487,77.70019184802467,148.52156761833888,47.35931005172502,maturity,1,76.2,high,downy_mildew
rice,25.725701822775605,53.2718475614842,197.72767292432889,40.199752527633215,seedling,0,66.4,high,downy_mildew
orange,18.809503342395757,77.46271737660862,135.62860635928072,59.28249272212523,seedling,0,57.9,medium,leaf_blight
wheat,18.13141296302772,41.38575765199187,3.8630155986590586,87.28260125438264,vegetative,0,32.5,low,none_significant
kidneybeans,20.711382441121103,99.33527420920954,82.86847701631014,37.56870676480175,vegetative,0,65.6,high,blast
rice,28.955186092891243,26.533216284505983,228.02024355232984,83.4635671207863,seedling,0,55.3,medium,powdery_mildew
coconut,24.639851502701276,96.74993073733886,62.364880314805504,12.565308307871533,seedling,0,63.4,medium,rust
orange,27.316633953766942,47.58462882081076,102.91973647444537,80.68274614825955,vegetative,0,64.2,medium,powdery_mildew
orange,24.228029827386997,58.91392639172443,21.661157553248735,86.57250818740826,seedling,1,51.3,medium,leaf_blight
wheat,20.99854278914307,21.260902300341947,97.29401168337711,43.709188079858365,flowering,0,35.4,low,none_significant
watermelon,29.17640154480538,87.94448499896019,27.979800191421965,17.822418331456642,seedling,0,48.6,medium,powdery_mildew
wheat,14.465521675628478,45.71345812851864,100.54625538153658,21.09829718055548,seedling,0,49.4,medium,powdery_mildew
coffee,22.284356145609575,70.42239968365746,128.35391538003975,77.30839527341291,flowering,0,71.2,high,blast
lentil,24.50829952745577,98.93257664109436,103.95252070826373,62.465427323710344,seedling,0,72.5,high,root_rot
wheat,26.835888423383587,38.84684242864563,232.27523028022904,34.14082405230819,maturity,0,53.7,medium,powdery_mildew
sugarcane,31.46920369307619,60.4210755984582,207.95579532078744,62.33231218931891,flowering,0,65.1,high,bacterial_wilt
wheat,18.675181825364845,36.66386392821814,144.72043764260468,8.303848971962006,maturity,0,29.5,low,none_significant
banana,27.033882863104992,96.0894512635078,197.6489344332563,92.47582544983845,flowering,0,70.8,high,blast
coffee,26.598913520378677,72.30565680565464,291.36287568491576,52.088041037999815,vegetative,0,76.3,high,root_rot
maize,23.255858541109802,58.8206854727073,62.59783678414769,82.40700875367308,vegetative,1,59.2,medium,powdery_mildew
chickpea,21.386900448901535,91.75204565934499,37.63149541993397,35.93768743558992,flowering,1,64.8,medium,rust
sugarcane,32.800652911526086,71.11123336568014,111.17188971541243,29.41227527487512,maturity,1,54.2,medium,rust
orange,26.343300044845876,51.07825560820186,98.42401382274643,28.20882553858877,maturity,1,51.2,medium,rust
lentil,23.28872919038585,41.38995341203476,10.66415637457494,42.248932901973255,maturity,1,47.7,medium,powdery_mildew
wheat,20.807216815299707,52.13264785952709,247.57107843917976,7.135281066716149,vegetative,0,55.8,medium,powdery_mildew
coffee,19.570015582567827,52.17397587129578,220.46780389670226,20.415434353900366,maturity,0,51.6,medium,leaf_blight
cotton,28.359062778600805,25.88619109373881,298.90998063479964,45.968550282438024,flowering,1,59.9,medium,leaf_blight
chickpea,18.677002369169255,65.42870407579925,47.35092670540916,15.070743935170999,maturity,0,38.5,low,none_significant
kidneybeans,18.093730789050834,63.74519178411484,88.31859425564558,74.44804029922716,seedling,0,46.9,medium,leaf_blight
rice,25.358117776799272,46.223447289906936,35.20896513645786,57.296809163383465,vegetative,0,45.5,medium,leaf_blight
coconut,27.959325065549237,43.83000416538138,219.70540172506185,15.46842614635181,maturity,0,48.8,medium,rust
chickpea,21.907732561676518,42.417697262651444,171.82082990555912,84.88628421242493,vegetative,0,63.2,medium,leaf_blight
mango,28.68821920152656,21.890318492615826,200.78424152512093,8.32049970620756,maturity,0,53.4,medium,powdery_mildew
grapes,22.486630438609005,85.57830955308204,65.6407183479484,69.46556775238967,maturity,0,66.6,high,blast
watermelon,26.859253361712547,40.55400330922928,235.10595256834546,18.261376949779965,maturity,1,53.4,medium,leaf_blight
mango,29.763368767374004,51.85972194679501,7.762097454315642,17.908502074763746,vegetative,0,48.9,medium,rust
cotton,26.69974276319776,70.95015226309818,21.188921086076295,85.46941460341613,vegetative,0,54.3,medium,leaf_blight
chickpea,20.17949891947218,93.14940130019234,259.0824976399657,87.46885242537572,seedling,0,86.9,high,bacterial_wilt
coconut,27.88563898989013,53.2185763957811,219.74387779498747,56.036797606844,flowering,1,70.0,high,downy_mildew
sugarcane,28.592949384801276,65.40027724629246,101.52983600842619,65.27205129063363,maturity,0,55.9,medium,leaf_blight
coffee,25.33177168523886,49.56575245809503,217.3380904362666,84.65986991402814,seedling,1,76.5,high,blast
wheat,19.938654028005054,92.46718824524476,92.53345487179192,78.69927538878298,flowering,1,65.6,high,blast
cotton,25.591781747767783,21.177494729943263,187.7296687942479,42.31781838264631,flowering,0,44.7,medium,powdery_mildew
maize,17.949462736899793,68.87694286473364,143.1788870881235,68.54471601619233,vegetative,0,45.6,medium,rust
coffee,24.4135910065265,31.857340451132707,215.1175162106476,86.1456381611056,flowering,0,64.8,medium,leaf_blight
sugarcane,27.67302964960939,86.09352393813691,291.8052060337937,12.916317789053872,maturity,0,62.2,medium,powdery_mildew
rice,23.07958184377103,87.56203795589123,204.49648928403835,62.66358083377726,flowering,0,78.7,high,downy_mildew
sugarcane,26.099375921336975,58.615439320456275,233.55531800917888,72.98143514142973,maturity,0,83.0,high,root_rot
sugarcane,25.779738712353506,31.7561719445714,65.54437008821064,14.165770168858847,maturity,0,31.3,low,none_significant
maize,36.54018919759427,78.15210827801025,121.95003670347894,76.92343462886912,vegetative,0,56.9,medium,rust
coffee,28.165291640556767,39.76573461962805,147.2496413121013,42.276596318531354,seedling,1,63.7,medium,rust
rice,18.316918804552788,81.00480630305559,200.70300260914783,53.38859534810753,flowering,1,81.0,high,blast
banana,24.373452199022935,82.78358357323233,183.8241815773926,27.654152630544232,seedling,0,61.0,medium,powdery_mildew
banana,26.718425701306675,44.62746604689939,54.68329296128862,86.93144187741595,seedling,0,51.5,medium,leaf_blight
kidneybeans,20.245806800207543,92.77120636779752,40.44575910070387,18.155524288064633,seedling,0,50.2,medium,rust
orange,18.45998414610485,30.150329259309345,211.66200572579373,63.26362784433022,maturity,0,55.9,medium,leaf_blight
kidneybeans,20.72677510900069,46.588890899306435,166.12806897602394,17.457843419975596,flowering,0,51.4,medium,rust
chickpea,19.693562306192664,34.808024607940496,22.65778070238249,30.395279027001955,vegetative,1,29.2,low,none_significant
watermelon,21.124070192780565,27.0438679093653,56.125860622964076,75.57919664223765,maturity,0,40.6,medium,rust
wheat,17.15894329168816,65.62123351006207,163.89799022949072,77.7897610452771,vegetative,0,66.1,high,downy_mildew
cotton,30.427325122404852,86.21129146735814,148.0611570756347,50.07332846233269,maturity,0,59.3,medium,rust
chickpea,17.114312231519918,37.38730659854401,38.708839337308376,65.53608527517645,seedling,0,41.7,medium,leaf_blight
wheat,17.648186097861295,67.88832059132794,128.07364359551778,89.07863011999251,seedling,1,58.7,medium,powdery_mildew
coconut,25.644568293647016,99.27143154794413,198.3509643586618,87.45378217196267,maturity,1,100.0,high,blast
coffee,22.975788141850693,66.80218212246258,276.5017277209498,92.57166911181386,maturity,0,71.8,high,root_rot
kidneybeans,21.25903636713382,54.522964801135515,90.77140541456976,44.77420206835268,vegetative,0,61.2,medium,rust
grapes,25.778868088017962,74.137237346221,22.085961791241015,5.143332228775957,maturity,0,40.4,medium,leaf_blight
coconut,25.413495851231122,76.50023233994943,198.89599620543572,79.38060311518123,maturity,0,79.9,high,blast
lentil,25.376632870706448,94.27407365819622,267.9012065687946,40.940618328820186,flowering,0,72.6,high,root_rot
banana,25.293909342031967,57.715537258772244,72.16967175352471,8.976110813158988,flowering,0,51.0,medium,rust
cotton,26.604917445492184,62.510454361220496,34.66631152925361,9.330832730176784,seedling,0,36.8,low,none_significant
orange,26.012063091132852,29.156357402596377,79.05331272477932,79.22976320453262,vegetative,0,44.4,medium,leaf_blight
watermelon,24.971694348436028,71.66996418170484,270.64372479328256,85.21299625484785,maturity,0,72.8,high,root_rot
coffee,24.833065753828603,74.46908288198549,286.5516843289867,57.12458832869367,vegetative,0,79.1,high,blast
cotton,28.606615690529548,50.23434148437893,121.08920146070903,56.08179077812191,seedling,0,49.7,medium,powdery_mildew
wheat,18.50141620972964,27.366359489908703,99.85302880688785,19.20856763656025,maturity,0,25.8,low,none_significant
kidneybeans,16.337164635931977,89.07221241818954,202.6182382723515,90.96937983190776,vegetative,0,80.1,high,root_rot
watermelon,23.49526837816848,63.59190512582814,100.12085996536672,30.25700489392613,maturity,1,57.0,medium,leaf_blight
chickpea,22.198956330447427,87.29270164943897,278.3168588525973,65.03150221768624,seedling,0,76.7,high,bacterial_wilt
chickpea,20.00588981731552,87.90694244841337,83.69319097711664,39.23768924254159,seedling,1,70.7,high,downy_mildew
wheat,14.690663941650872,52.61239923627399,109.08633124202002,71.13270754967998,flowering,0,40.1,medium,powdery_mildew
grapes,22.96093166429789,59.84904153440098,128.70678722664707,10.18159949687692,vegetative,1,59.9,medium,powdery_mildew
watermelon,26.3440587647078,20.91168542118263,36.99476398116298,22.14933163403718,flowering,0,34.5,low,none_significant
orange,25.15381073521478,22.83970727836917,173.25404061040823,68.2811061429143,vegetative,0,60.7,medium,powdery_mildew
banana,27.181097037545825,79.85541800151172,260.83578266713164,39.251220862387626,maturity,0,87.0,high,blast
rice,26.144649786140672,85.99163898989234,255.8299162825341,63.259066460752436,maturity,1,93.4,high,root_rot
wheat,19.419724764518868,41.95692028967347,284.98246046184033,93.54598693312205,maturity,0,57.8,medium,rust
kidneybeans,18.669839872351428,69.9246807914458,11.2314975841306,63.17738095435078,seedling,0,38.2,low,none_significant
banana,28.909575372430517,20.18008149468433,131.32713526008774,16.35272606936434,maturity,0,47.3,medium,leaf_blight
banana,26.53425285480069,82.09990780335346,55.04129852685994,86.65211816069726,flowering,0,56.4,medium,powdery_mildew
maize,25.68369991796493,92.88267297390156,154.60275354070006,45.516004308355775,flowering,0,76.5,high,root_rot
sugarcane,28.93439190851664,90.50665854161682,58.37323562567466,17.921472989459296,seedling,0,58.5,medium,leaf_blight
mango,30.498293151629515,30.32488224354152,215.84330272129822,19.609450931299165,flowering,0,43.7,medium,powdery_mildew
cotton,21.358881062546917,59.476730196026665,268.85752940529176,55.260237807475846,maturity,1,73.3,high,blast
grapes,22.628093300323407,29.540592311523113,130.26742458669588,10.686937580508241,flowering,0,49.6,medium,leaf_blight
lentil,27.151523399346203,28.155805825018092,219.0893084793104,87.13212809582816,vegetative,0,69.5,high,root_rot
chickpea,18.15557384186679,52.68861181795956,146.859025301225,64.78550062203357,flowering,0,51.5,medium,rust
cotton,26.112298393199463,47.3352189163499,12.159317657129588,5.662684746757735,maturity,0,23.3,low,none_significant
rice,23.895096005908123,77.87658732487111,56.45594414139544,21.919494267261317,seedling,1,54.9,medium,leaf_blight
coconut,27.55726151698313,94.31376823207631,44.550933396071656,19.013797440502046,vegetative,0,45.2,medium,leaf_blight
kidneybeans,17.731832083324676,62.31668782829629,266.67340911396496,70.3321410932219,flowering,0,64.4,medium,powdery_mildew
kidneybeans,18.143163268332096,40.589212027842436,232.91810279408185,89.16529629553015,flowering,0,47.2,medium,leaf_blight
watermelon,26.693577988598197,79.70446353493816,121.5625286465279,43.34576160618174,maturity,0,72.5,high,root_rot
lentil,27.632044071875637,77.49262561636675,271.1043398976661,19.782776155407554,flowering,0,69.6,high,downy_mildew
watermelon,24.822279393596457,80.2862475753843,170.40668437442622,41.95107385656524,flowering,0,74.8,high,downy_mildew
kidneybeans,19.073859386593888,39.86324194088023,264.77574599271526,40.7154055801009,flowering,0,48.7,medium,leaf_blight
maize,24.90065016013116,43.84736862890128,89.84514780877052,76.97780801359241,vegetative,0,57.5,medium,rust
chickpea,25.203286100503583,26.954134275430725,204.75867275287743,71.90750477530928,maturity,0,67.2,high,bacterial_wilt
orange,20.4221109946904,78.21500569726996,278.9047966215306,62.08663874937472,flowering,0,78.4,high,blast
lentil,22.998774567760076,66.64384104966578,44.825021324338024,90.31865903636633,vegetative,0,70.6,high,downy_mildew
coffee,25.490830687438237,51.92481772934955,39.55941761275241,18.489845990684394,vegetative,0,31.7,low,none_significant
chickpea,14.385913383296698,45.67711611671329,41.90422582653138,36.58575245368786,maturity,0,22.5,low,none_significant
coconut,25.854695321001664,31.121162972568772,172.1976743557338,15.52397557327143,seedling,0,74.3,high,blast
coffee,29.911739359771126,23.916418647196807,190.41024838957057,30.757774422095036,vegetative,0,47.4,medium,powdery_mildew
maize,24.727989805349637,45.20020408800416,162.3826335151743,86.6291908439099,vegetative,0,61.5,medium,powdery_mildew
grapes,26.27221467010929,70.8908224486796,183.71807504493475,80.01736415237188,maturity,1,79.4,high,root_rot
coffee,23.617200286984282,31.6090309862623,207.80365408008282,31.41537828235155,vegetative,1,57.8,medium,rust
rice,21.901117510859855,79.98240711908,185.01109801789997,75.09046533917214,vegetative,0,77.4,high,root_rot
coconut,25.61579033414273,38.32793865618563,109.4542373185212,45.829444806890535,seedling,0,62.8,medium,rust
grapes,22.054946474900454,48.063865758229184,13.096979221823691,42.75716854343276,seedling,1,49.5,medium,powdery_mildew
chickpea,20.302010004862982,65.97301744509446,298.76106923328825,38.39831507913722,seedling,0,66.3,high,bacterial_wilt
coffee,26.480638437710148,21.23665754722299,205.1534297461586,18.29663326891612,maturity,0,49.9,medium,leaf_blight
lentil,24.74327373214452,73.67930778256749,163.79145039720768,36.826986091256536,flowering,0,64.4,medium,rust
banana,31.43841825055922,60.4900391189785,240.61999931560604,54.47667315892267,flowering,0,72.4,high,root_rot
rice,24.735113182470595,78.2514387225102,39.59548168044243,86.99840096790629,maturity,0,62.0,medium,powdery_mildew
rice,27.94395136054562,95.84111694177552,141.1504454414217,21.911445082147324,maturity,0,75.1,high,downy_mildew
orange,24.741123303718208,23.955589886619375,296.9425400655665,56.854366989948645,vegetative,1,58.8,medium,rust
banana,27.256910102444078,81.66572708975542,49.95006446610481,43.27960211809138,flowering,0,58.5,medium,rust
coconut,26.154627784958414,68.3969017007235,28.264614913464925,45.39307011828385,maturity,1,63.9,medium,rust
coconut,29.90799502906674,21.023396574709395,101.9713797674491,50.05531687084114,flowering,0,48.8,medium,rust
kidneybeans,17.037294408104888,50.37619138765976,230.46415550766315,58.5035323549661,maturity,0,55.8,medium,powdery_mildew
wheat,20.715381784581815,88.49909545963155,82.53123916577633,73.50485196917494,flowering,0,60.9,medium,rust
lentil,27.548560279665846,44.90839199977988,3.114440457725709,22.46058321142526,maturity,0,27.5,low,none_significant
cotton,28.001192713627834,94.33078613712853,110.77189204631259,19.659043928962767,flowering,1,76.0,high,root_rot
banana,28.446922870376852,43.019281028061016,158.6160827181846,82.96573306939015,seedling,1,75.1,high,bacterial_wilt
rice,24.33140481709567,63.852226548046445,165.4211808788173,23.441975406298358,maturity,0,64.0,medium,powdery_mildew
lentil,24.492244819027793,80.12328865435299,98.07373312691698,58.49861372547482,flowering,0,59.1,medium,powdery_mildew
coffee,23.317262626521657,51.83381181584778,171.60643059476797,20.25504013652865,seedling,0,52.7,medium,leaf_blight
wheat,17.53263518090892,94.91606559698272,53.322245649053066,7.485791739750903,flowering,0,36.6,low,none_significant
cotton,28.91388784467259,23.008627865595514,275.67337459445656,50.16043497371971,vegetative,0,51.8,medium,rust
banana,30.724335172446075,24.10127214985244,44.85086228254399,79.0557365972883,maturity,0,41.1,medium,powdery_mildew
mango,27.456204105092795,55.93322236400013,98.43924135931624,13.462838457723281,flowering,1,50.9,medium,leaf_blight
chickpea,18.09674398986246,34.267972435129764,152.7573177800424,13.514936029906007,maturity,1,46.7,medium,powdery_mildew
coconut,29.705990392359528,52.70486799255809,94.26470718208866,80.07919159028265,flowering,1,58.1,medium,powdery_mildew
maize,20.673854750662766,34.65935399721316,162.32213234027813,12.506302731029237,flowering,0,51.9,medium,rust
chickpea,18.82961359636533,35.2649552685542,218.56311578495274,7.155995694653816,maturity,0,47.4,medium,rust
banana,27.12060538409291,73.10415546410769,116.37198983087062,37.05807910404484,flowering,0,58.0,medium,rust
mango,31.114122751261164,20.029837595376723,48.28591181194789,49.46179797922294,maturity,0,33.9,low,none_significant
grapes,20.136375451907742,46.21159127218884,114.03614612179217,26.49071989205164,flowering,0,46.9,medium,leaf_blight
mango,33.014051585974975,52.30868009702562,80.83638071854018,87.40471495756167,vegetative,0,49.2,medium,rust
coffee,25.932286922799175,86.73754342033132,200.96088438622536,39.2931914972756,seedling,0,74.1,high,bacterial_wilt
watermelon,17.33777633059036,94.08565225159333,246.4849972900103,8.66975693659521,seedling,0,73.8,high,blast
cotton,27.916277906340053,97.83047274411017,148.2772395243019,20.966701904542447,flowering,0,73.9,high,root_rot
chickpea,11.135306740693046,38.787623757018025,222.5090557766663,21.725590803101998,flowering,0,38.9,low,none_significant
grapes,24.708956352535978,98.1924330035108,284.59151287173677,18.401986130222525,seedling,1,84.0,high,downy_mildew
cotton,29.849332320490596,85.81397146776762,67.12277635752422,64.84103128632643,flowering,0,67.9,high,root_rot
kidneybeans,17.18534194467512,56.78829278371979,213.09612222664538,8.57318976647544,vegetative,1,60.3,medium,leaf_blight
grapes,18.81608003882257,51.15642676299056,139.51454287972066,47.15995259169118,maturity,0,49.1,medium,leaf_blight
coconut,27.194197744601414,91.57687904202949,39.1933451143104,40.56730437842008,seedling,0,66.8,high,downy_mildew
cotton,28.0249693103874,97.52089619955,299.0238667354378,16.935790967618985,vegetative,1,77.9,high,downy_mildew
wheat,20.463009098969113,46.21881230307266,186.4788333895413,51.16668533992083,vegetative,0,67.0,high,bacterial_wilt
maize,21.584098875971648,66.86010295530835,107.16457033935329,55.20719427747387,seedling,0,58.4,medium,rust
coffee,24.85211008803584,89.73819133152622,135.45655904622978,62.21073896946171,seedling,0,78.1,high,downy_mildew
maize,23.301430708816493,24.85744306529213,24.96018220417673,35.89702773610135,seedling,1,46.1,medium,leaf_blight
coconut,25.98294673186154,59.31128286089546,19.18550100978338,61.53019796495046,vegetative,1,51.8,medium,leaf_blight
lentil,27.144880241617873,97.43729101676448,223.77692994584996,83.2983764701028,flowering,0,91.1,high,bacterial_wilt
grapes,20.683992533180888,48.91428674620691,19.71163002300983,46.08943125172531,seedling,1,48.1,medium,rust
mango,28.187000567199114,21.80229780039167,0.9888034369148757,20.22079796775703,seedling,1,28.9,low,none_significant
orange,22.65194800031305,97.08939514160348,19.795885753820876,13.740808699232913,vegetative,0,64.5,medium,powdery_mildew
kidneybeans,17.296547920899698,77.73597617442243,278.0550363882845,66.81233407406617,maturity,0,62.4,medium,leaf_blight
orange,15.495101753724114,65.23052695457122,117.6789486871343,64.66576223057977,seedling,0,57.0,medium,powdery_mildew
coffee,25.927179551744658,71.04476808888734,8.003669121472202,79.06877853470338,flowering,1,55.2,medium,leaf_blight
kidneybeans,18.105836245217347,81.7461894100665,21.315319249139776,53.69991370602763,flowering,1,54.3,medium,powdery_mildew
chickpea,19.157603104764718,82.00170509318629,143.1647101918278,42.78260725727865,flowering,0,58.6,medium,rust
cotton,25.314248403896002,73.85626690939046,288.80884319854295,29.902447309400607,seedling,1,76.6,high,downy_mildew
kidneybeans,19.478170749645013,51.77992986381806,18.80448593106384,7.181280402166296,flowering,0,28.1,low,none_significant
mango,29.06723879294339,69.61682877531713,287.56271932303997,10.145079027363696,seedling,0,61.3,medium,leaf_blight
chickpea,15.705348252116767,76.09679071383621,167.7900352853366,19.818591318115796,flowering,0,52.4,medium,powdery_mildew
coconut,28.014193714546625,74.01320260984326,34.75251863127241,73.27383447373896,flowering,1,64.1,medium,leaf_blight
maize,17.058081100895578,61.069215660060976,157.21829618875682,82.14136895812884,seedling,0,68.0,high,bacterial_wilt
coffee,26.149411443142817,92.32585361879659,267.2052270412881,9.543240103075847,maturity,1,97.3,high,bacterial_wilt
kidneybeans,17.152600305798998,93.91461136640773,119.67139996461768,26.84342764197974,seedling,0,57.7,medium,powdery_mildew
watermelon,24.588452373430048,61.775537497686095,192.398097802585,69.64985034868678,seedling,0,66.5,high,blast
sugarcane,25.42953326450172,94.21581827056173,208.03317123823618,55.62991654765768,maturity,0,75.9,high,blast
watermelon,26.56009141650572,20.443313210164984,191.40586960084119,36.37477039644296,maturity,0,50.3,medium,leaf_blight
coffee,21.849906437787865,33.2052665742992,34.83796887643626,51.305896928346364,seedling,0,44.2,medium,powdery_mildew
lentil,24.599627813824366,33.999850439569656,125.43238328227551,58.997981180149544,flowering,0,48.9,medium,powdery_mildew
coconut,27.558525982644305,97.97065342327176,234.6186115369252,58.65603282372092,flowering,0,75.0,high,blast
banana,27.528505049489336,51.9612498158353,191.03221046690047,6.687085654906459,maturity,0,60.7,medium,rust
kidneybeans,16.51385748942565,59.01204659867912,160.96750430928563,44.51496637483429,flowering,0,49.4,medium,leaf_blight
maize,17.616518168888476,51.65154707863141,130.61741124502265,5.02079092186907,seedling,0,41.6,medium,rust
kidneybeans,16.340531836518526,98.73212491000454,297.443313933728,58.3007320888978,maturity,1,80.9,high,bacterial_wilt
maize,23.167372901094858,62.093707982421485,13.138528725883114,22.496208586547617,maturity,0,48.4,medium,leaf_blight
banana,26.04378008954548,51.96281924603534,37.893659123364934,91.37475593264085,maturity,0,58.3,medium,leaf_blight
kidneybeans,22.79963222657569,49.43853166600543,269.09620713604215,58.874225448432696,flowering,0,61.6,medium,rust
banana,24.183023944031234,56.189818815703696,17.157078964131223,9.794527239659043,flowering,0,30.2,low,none_significant
rice,25.127565142585976,54.47926739519283,282.881498329185,11.222538126695708,vegetative,0,67.2,high,blast
maize,29.98764147158679,81.31478100942023,218.75217732943878,88.90753547790706,seedling,0,80.4,high,downy_mildew
coconut,28.851767213195387,92.25890323527686,244.8365041171409,33.60965129639317,seedling,0,80.1,high,bacterial_wilt
cotton,25.904104441575097,21.835875299882133,29.3963747189975,41.37284867470978,vegetative,0,30.5,low,none_significant
grapes,19.342424548197954,94.66008880447576,56.987907996848705,37.26753419496364,maturity,0,40.1,medium,powdery_mildew
grapes,25.05545687997838,23.929594775120854,91.14713936755314,84.45139111811478,flowering,0,42.3,medium,powdery_mildew
sugarcane,26.13957432383866,59.81361896501551,54.38713615933626,23.745601667997814,maturity,0,37.4,low,none_significant
maize,21.46293416692149,80.16109730396641,156.39247547162802,36.184519641426476,flowering,0,65.8,high,downy_mildew
maize,26.865549675374904,61.973766858625645,31.27416009303238,70.91151645998949,maturity,0,52.1,medium,powdery_mildew
mango,35.19546579541906,49.35752719679929,45.992651923843354,54.04854190407907,seedling,0,31.1,low,none_significant
grapes,25.585730624738073,53.74580126146729,61.464448246679325,45.45998151785021,flowering,0,39.4,low,none_significant
lentil,26.423521041088932,20.03139204412106,238.38077370178132,70.50992272808493,seedling,1,61.7,medium,leaf_blight
kidneybeans,20.119632623695804,46.183860105671116,253.74931988088463,46.250365849946384,maturity,0,59.0,medium,powdery_mildew
sugarcane,25.999565573460522,41.70357176058354,182.6551210692071,80.42565262706418,vegetative,0,76.7,high,blast
grapes,24.98146881623633,43.54205787433525,85.85482048494275,72.21308036389424,vegetative,0,46.1,medium,powdery_mildew
coconut,25.869284708966816,66.16741035527683,216.71466618050957,46.69459454696186,flowering,0,76.9,high,bacterial_wilt
grapes,23.57484407328508,98.3979913293375,240.98093546822997,59.24341186095527,vegetative,0,84.3,high,root_rot
coffee,29.064714467991895,33.59388024742866,149.15965101985577,35.73440632731414,vegetative,0,58.6,medium,leaf_blight
orange,23.30004161989441,47.917069096022786,220.15259509925554,54.28613537698758,vegetative,1,71.0,high,bacterial_wilt
chickpea,15.217055100434058,91.39626151350232,216.40144693179144,46.84485296276007,maturity,0,73.8,high,bacterial_wilt
chickpea,18.44834329570376,69.76109536383939,65.285440407793,38.090538372246634,vegetative,0,37.3,low,none_significant
wheat,17.165943206430388,75.59737698668403,72.78135994136936,34.14449257305452,flowering,1,62.5,medium,powdery_mildew
rice,29.24643914977648,45.96368212913311,86.86570716563511,43.87521722682266,vegetative,0,54.7,medium,leaf_blight
orange,21.45757932005451,57.71312197832826,88.03357335829213,39.41568541398912,seedling,0,51.5,medium,leaf_blight
grapes,20.55410387221484,36.4216974853055,201.43672360058656,94.34657868623161,vegetative,0,62.9,medium,powdery_mildew
sugarcane,27.888596044774243,89.3912641160088,214.27555535461235,18.083680495415326,flowering,0,81.7,high,downy_mildew
coffee,23.617074028785495,40.541859921612186,218.5624038025904,34.656742311131936,maturity,0,45.7,medium,rust
lentil,25.898843509328206,81.7674471883578,9.44619750880108,53.58055797981644,vegetative,1,66.4,high,root_rot
cotton,31.283920750588294,98.03268111234789,57.63625024713367,9.458006453873825,vegetative,0,56.4,medium,powdery_mildew
kidneybeans,15.404770328494335,44.46945150297055,294.57577377746276,28.881231168812267,vegetative,1,46.2,medium,rust
chickpea,19.821959725718283,63.52995777700163,14.712020435667617,36.32942050916284,maturity,0,36.1,low,none_significant
banana,23.9976316955962,41.71188132934722,167.15061014461077,11.382932838356552,maturity,0,64.7,medium,rust
rice,31.002276709691667,20.58743702277323,54.5368658918327,79.29865091105572,flowering,1,51.7,medium,powdery_mildew
cotton,30.06049142360846,47.39143460296182,140.49894882389944,43.84336945265983,maturity,0,44.9,medium,powdery_mildew
mango,32.81049931980365,49.172359504733755,89.09871349389786,57.74594340613278,flowering,0,44.0,medium,powdery_mildew
cotton,26.81506430778753,47.831147366015884,10.302238617781278,42.47233826999677,flowering,1,49.3,medium,rust
coffee,21.594004867035807,67.68624845925075,54.123404653404606,35.69207560194936,vegetative,0,46.9,medium,powdery_mildew
kidneybeans,19.031626978441313,48.17171675857958,207.84620950075438,29.068296738830966,seedling,0,53.1,medium,powdery_mildew
kidneybeans,17.121960133718144,85.7573366433095,201.29140398790184,60.16932700317528,vegetative,0,69.9,high,downy_mildew
cotton,24.322053335634585,83.09851639401883,237.32323169873948,41.04038591953041,vegetative,1,81.6,high,bacterial_wilt
banana,26.94524282585251,82.34919766008304,290.26265186899707,67.10512652182939,seedling,0,70.0,high,bacterial_wilt
grapes,29.152630328374606,89.19501631618684,141.8236430598594,35.79660587779706,flowering,0,66.7,high,bacterial_wilt
coconut,25.102351120052386,84.78084165015927,124.30385805819898,63.651246313143226,seedling,0,78.3,high,root_rot
maize,24.251490425965788,63.24126997491253,111.1930273875464,59.82242654607102,seedling,0,53.7,medium,rust
watermelon,21.226286159039024,97.44257597372221,60.217286204821086,33.03202893400396,seedling,1,66.4,high,bacterial_wilt
chickpea,19.860366739546556,39.62267369214011,128.34746429430731,42.22606004600663,maturity,0,45.2,medium,rust
chickpea,18.02697842084856,38.20990311639875,221.81671382781047,23.244094097340923,flowering,0,43.4,medium,powdery_mildew
coconut,25.686370169911285,32.58629073157305,111.64244200754435,33.258635095603594,maturity,0,37.0,low,none_significant
chickpea,21.193091957978414,99.14674055526771,48.00879362971661,76.21313500552125,seedling,0,64.3,medium,leaf_blight
chickpea,18.005706724816108,52.85552452396935,211.51328995716455,47.66286017269776,seedling,0,58.7,medium,rust
watermelon,22.232812676872584,44.712285459851486,31.493031251417502,74.79128056318972,seedling,0,44.1,medium,rust
rice,17.97117582724527,61.86332695532852,24.603262430676367,19.452655939422733,vegetative,1,45.9,medium,leaf_blight
cotton,30.77152423325502,91.00376976747262,56.98473518409318,26.407855742032147,seedling,1,60.9,medium,rust
coffee,25.348167897844302,37.561985716988474,258.4374682019131,65.79814482216062,vegetative,0,62.6,medium,powdery_mildew
lentil,23.293877345260654,48.70256422122165,177.5875923733148,72.9606324382564,flowering,0,75.2,high,blast
coconut,27.40872008163553,64.50204953913061,66.99295641517256,68.676852140892,maturity,0,56.1,medium,powdery_mildew
orange,19.644286121915595,23.373779570680576,62.03317452420261,92.19348326073795,flowering,0,45.6,medium,rust
wheat,18.346894452218983,66.2470694206676,214.62248470768685,62.327909855299936,flowering,1,63.6,medium,powdery_mildew
coffee,21.550516867505706,57.34341624292013,192.80594110585605,59.405331972065824,flowering,1,74.3,high,downy_mildew
banana,29.52070190954321,43.22113939900274,253.6300021252065,68.96105575174013,maturity,0,80.1,high,root_rot
wheat,25.184036803911034,50.14285473504047,152.42761599966363,34.391520720635825,seedling,0,61.5,medium,rust
coffee,24.0238238960885,81.33712532995872,22.440691303525018,31.38357489453349,vegetative,0,47.8,medium,powdery_mildew
rice,26.537943299348655,67.41658859839333,113.48770932800574,64.31108815507312,flowering,0,66.3,high,blast
banana,24.372424441497145,26.719817144194884,12.390631575085099,69.28203792706297,flowering,0,37.0,low,none_significant
cotton,28.942003652507314,70.31416160750268,54.97796387473555,93.16985490821162,maturity,1,63.4,medium,leaf_blight
chickpea,15.999794781934092,86.89544012768157,150.01514411658655,12.971770789006491,vegetative,0,45.9,medium,leaf_blight
maize,24.741333149933865,36.892579426501854,129.57914416724086,37.131775700613275,maturity,0,46.4,medium,rust
chickpea,23.38008828398155,90.66964294175774,242.7615914072355,21.81098454755045,maturity,1,72.0,high,blast
lentil,26.95702745097133,73.80355349598607,24.195579055465743,87.90070881959,seedling,0,59.9,medium,leaf_blight
maize,20.029501310971717,85.44344030065817,211.61509871272602,56.898197615991485,maturity,0,87.0,high,downy_mildew
sugarcane,30.11820802297237,50.182823835790764,136.81803642510997,46.611526493674475,flowering,0,56.8,medium,rust
sugarcane,31.238905838726122,63.677205289211514,40.99516406037766,67.84296541594534,seedling,1,71.9,high,bacterial_wilt
grapes,23.202009717301642,69.717389680165,209.50720455413628,73.3418718656895,vegetative,0,84.2,high,downy_mildew
maize,20.533933335333444,31.623741168570668,244.78708717719232,64.49150810047702,maturity,0,64.1,medium,powdery_mildew
chickpea,16.8364365733852,23.953596176889818,120.70424020279398,50.797544300078094,flowering,0,29.8,low,none_significant
rice,19.79611360187382,99.48548580002037,168.08174601031038,92.14451015147705,maturity,1,83.4,high,bacterial_wilt
chickpea,20.069139781293128,25.583954823888586,285.63050053859655,50.42112401185304,vegetative,0,54.1,medium,leaf_blight
kidneybeans,16.365857240902205,73.51950238320617,37.08031052638005,46.56101555947255,seedling,0,43.2,medium,leaf_blight
chickpea,15.753403433917267,27.854177665388697,26.84896742827585,85.91817990752108,maturity,0,21.3,low,none_significant
mango,31.95640687156798,69.14145074305193,284.7207715691977,59.538450712415894,flowering,0,62.9,medium,rust
coconut,24.918327873724728,65.33342259484101,9.999106637338285,87.65484441433239,maturity,1,63.4,medium,powdery_mildew
lentil,22.01853128541346,50.31454041018782,292.9903309075465,42.33001169934757,vegetative,1,73.3,high,blast
wheat,11.66865974596528,88.13666109079853,183.39867968920876,28.84368347577885,vegetative,0,52.8,medium,rust
wheat,26.151697023476032,54.87245902487713,264.03169226889446,93.25344238327078,flowering,0,70.7,high,blast
rice,24.04615850096253,47.3583059480072,127.75893876367687,18.052323351778895,maturity,1,66.3,high,bacterial_wilt
coffee,24.879910171461486,71.50477975032805,281.2554958054647,30.4109901259754,flowering,1,90.0,high,bacterial_wilt
cotton,26.7442583651681,48.40875627378912,92.95197592943445,67.34800712019921,flowering,1,66.7,high,bacterial_wilt
grapes,26.51426892114175,72.51663886364956,266.618187039732,78.21580317085267,seedling,0,76.0,high,downy_mildew
coconut,26.87793617250027,40.99265727828741,114.83931370759571,57.72358806706316,flowering,0,50.7,medium,powdery_mildew
maize,27.546433512192223,96.24400603761897,286.7711643459622,51.26299746812798,vegetative,0,72.6,high,blast
lentil,15.755858418703689,77.64093036124868,134.18244220306292,83.20547688325888,flowering,0,67.1,high,downy_mildew
watermelon,21.0204240864268,71.90794079286118,192.67501349099612,90.92456853846878,vegetative,1,85.4,high,bacterial_wilt
chickpea,18.5637119762292,97.94067136655411,118.76621744069567,35.85046267441324,seedling,0,56.2,medium,powdery_mildew
sugarcane,33.06041208317869,53.396244886729846,34.842557389480014,26.71184308797553,maturity,0,32.3,low,none_significant
grapes,19.143422975376566,49.30490998538786,148.91124963074952,30.66228023523727,seedling,0,54.5,medium,powdery_mildew
maize,24.411258526448403,69.46626786549248,200.30283055463943,88.05130635396584,flowering,0,70.9,high,root_rot
maize,24.95993186818144,69.1195923905762,252.92918772909445,34.377087453684325,maturity,1,75.8,high,bacterial_wilt
kidneybeans,17.529609726490126,82.16108204292969,130.34848179246532,71.42273548714553,seedling,0,61.7,medium,powdery_mildew
lentil,26.2238740831096,88.68783190015724,63.7788273363769,41.24516230672306,vegetative,0,58.3,medium,rust
watermelon,26.496314973690733,24.82646677879096,222.35751627521861,68.86325791690977,flowering,0,62.6,medium,powdery_mildew
cotton,26.467152919529408,69.28602021775333,259.6091799529176,53.76751992454178,seedling,0,67.4,high,downy_mildew
watermelon,19.896207679282423,81.68891667381175,124.0458687636147,11.076551090833224,seedling,0,46.1,medium,rust
coconut,22.549883871317448,58.24029542929363,184.15855033531335,42.55323362943671,flowering,1,71.0,high,blast
grapes,22.084199789290427,61.30840793612437,235.60387608395683,27.03855206470607,seedling,1,66.2,high,bacterial_wilt
coffee,26.6263262909353,29.938876911644094,2.476019236817839,68.55198488453617,maturity,1,41.1,medium,powdery_mildew
sugarcane,25.345902971770865,34.88386463319982,19.032457196371077,91.9125249566519,flowering,1,57.8,medium,powdery_mildew
coffee,21.530189782081226,71.84952912346441,189.6737249095458,88.29766561862245,maturity,0,87.4,high,bacterial_wilt
lentil,21.149989561052188,76.66379213606606,74.95386770018952,12.922940886304088,maturity,0,50.4,medium,leaf_blight
coconut,26.992996250784476,20.54947231584802,67.94299196249507,71.45667885622476,flowering,0,51.2,medium,powdery_mildew
lentil,26.491869692837813,73.64835389648822,223.97669416367896,56.28159842423634,seedling,0,85.7,high,bacterial_wilt
coconut,26.240714399501964,71.52757653093771,173.0427602938968,13.497807574480538,maturity,0,69.8,high,blast
watermelon,18.42305631816422,51.85174639038319,98.42660370598672,81.84890573748096,maturity,1,55.9,medium,rust
sugarcane,29.99240397566673,35.34515767421043,108.6840566340428,49.20132014434855,vegetative,0,53.3,medium,rust
chickpea,21.163765789318468,62.50954484533753,195.23228046923214,81.8425424598738,maturity,0,70.8,high,blast
grapes,18.661477949625112,20.161713984770635,273.6672545245474,75.96405170939528,flowering,0,44.2,medium,leaf_blight
banana,28.949530610904684,44.34781844266021,182.70209377307117,52.05727761497231,seedling,1,79.3,high,blast
sugarcane,24.530904113190857,94.1331529111608,245.39709286140922,18.714306084711332,flowering,1,92.4,high,downy_mildew
coffee,20.90942043868891,38.476752954397774,59.92582765523524,81.67398728147377,maturity,0,53.4,medium,leaf_blight
coffee,19.55678128035455,51.46628553685278,275.62328008450504,73.03195357990876,flowering,0,52.6,medium,rust
lentil,24.051003946126762,95.67348419505589,78.14061402608992,78.80768586784298,vegetative,0,60.9,medium,rust
grapes,18.201997462116125,60.02062826438415,25.787488999360143,18.169747465841226,seedling,0,34.2,low,none_significant
maize,25.70960791994269,23.70716091957003,46.35694635804669,32.65163013136172,maturity,0,41.3,medium,leaf_blight
kidneybeans,16.559102449576496,61.926313288209265,186.77201022146926,86.84453496066024,flowering,0,68.5,high,downy_mildew
mango,26.30727027551551,33.548314800206036,236.25109553436275,22.698190465261277,flowering,0,42.1,medium,powdery_mildew
coconut,27.609158846102645,97.58516479462023,119.02360110485962,44.22630320622612,vegetative,0,67.6,high,blast
chickpea,20.936042368000358,94.04549476316271,54.767514201615064,31.741273777240295,seedling,1,78.6,high,blast
lentil,24.935418879798966,40.56093261665505,56.12715746223774,10.640049054458773,vegetative,0,37.2,low,none_significant
sugarcane,27.132252242642412,36.35492149792904,205.05216857711605,27.757058955938746,flowering,1,61.8,medium,leaf_blight
chickpea,13.901948709850776,66.40824727162402,128.2249776620927,84.90100691333556,seedling,0,55.9,medium,leaf_blight
coffee,26.57514322549394,55.776802158151845,173.18372803295082,90.08071703749165,flowering,0,69.7,high,bacterial_wilt
coconut,26.261651132742518,39.26579831341506,30.750174500888118,75.67240563385712,maturity,0,33.6,low,none_significant
coffee,21.354367940009766,97.26436692934551,82.45982143856438,60.774311821835994,vegetative,0,67.9,high,downy_mildew
maize,27.89914414929126,83.53886399717953,103.48118209795811,5.090840293610613,maturity,0,61.1,medium,leaf_blight
watermelon,24.8097525287726,94.34529665876107,197.82874992594915,51.725890125143586,maturity,0,83.9,high,downy_mildew
rice,24.290920308501782,81.52627887183088,11.43276772510764,79.08621315366857,flowering,0,51.7,medium,rust
maize,29.32038124197194,23.90754233780428,11.175423855448873,52.16193918816816,seedling,0,42.5,medium,powdery_mildew
coffee,25.45559769136909,68.61735080600558,255.06017764310704,15.421134774723747,maturity,1,75.5,high,root_rot
coffee,26.178458963340887,31.320180887276887,23.366496785614977,40.88451538490095,vegetative,1,34.4,low,none_significant
cotton,26.87403241036908,63.059024900692016,34.036640464963256,63.782291996019744,vegetative,0,49.8,medium,rust
kidneybeans,18.091552760303905,73.99426269936748,139.48209197340938,79.72137525398578,vegetative,0,57.4,medium,rust
coconut,23.8516293392163,50.83126387138215,90.63337766639026,52.03951662184533,seedling,1,62.9,medium,leaf_blight
coconut,25.189466118225795,40.16896543460667,207.3311627342408,71.18525226759436,vegetative,0,57.1,medium,powdery_mildew
coffee,24.517589303984106,80.45654734272728,114.39777755849467,49.34558017306462,maturity,0,63.2,medium,powdery_mildew
mango,24.32677055836176,87.82614383726234,35.94811141359507,74.5173240646034,flowering,1,74.9,high,blast
orange,23.10829324273152,68.5736795138204,113.41108317075978,76.84667251303169,vegetative,1,79.6,high,bacterial_wilt
wheat,19.09450514120101,59.76473712241273,135.7057927256513,65.5650372010578,vegetative,0,58.5,medium,powdery_mildew
cotton,22.418756980528755,33.66953320980839,5.628738002089806,24.96663723709228,flowering,0,19.0,low,none_significant
maize,29.708029837245626,99.86354718884148,0.21265042313081128,22.11078027034225,maturity,0,50.3,medium,powdery_mildew
sugarcane,26.431819673249937,45.012506822959224,267.8931070033114,11.795780380665938,maturity,0,59.7,medium,leaf_blight
rice,27.846823321186374,84.03773300687871,253.24960800323274,40.99455963170398,flowering,1,86.0,high,bacterial_wilt
lentil,22.808926726898147,22.04537654482617,197.3920724080522,91.9406078875454,seedling,0,73.6,high,root_rot
lentil,23.01621598771748,61.45305742339399,299.2796205838742,48.437867393724865,maturity,0,66.1,high,root_rot
sugarcane,28.64427653859137,93.59468598887014,237.5963111351409,10.657904749718345,maturity,0,71.7,high,root_rot
grapes,24.360531306147024,45.31551997086444,138.16686585280556,87.83348413630318,flowering,0,68.5,high,bacterial_wilt
coconut,25.853920200996384,34.01479261007473,69.90127871451257,25.92419053169237,seedling,0,38.6,low,none_significant
maize,27.854928388445597,28.547183891461472,195.14022836033115,42.79893962302358,seedling,0,55.4,medium,powdery_mildew
coconut,26.593807516731882,71.14940151249837,229.517551392471,53.89478568744374,maturity,0,65.4,high,downy_mildew
mango,25.927656816492366,86.98301939663662,26.806175585275337,7.945075077859098,maturity,0,49.7,medium,powdery_mildew
kidneybeans,22.205204586850527,85.04279846379117,272.86485528712035,85.97843335727417,seedling,0,84.8,high,root_rot
coffee,21.271878809033694,97.89375284555386,0.7815357673701895,30.72137909443742,vegetative,0,60.2,medium,leaf_blight
coffee,24.42022564517679,21.393871238909874,79.7046144280698,9.634638542459939,flowering,0,32.8,low,none_significant
mango,32.5603381401468,48.94004021208042,112.82832465247388,88.68623627888768,maturity,0,56.9,medium,rust
lentil,26.104873184359626,21.288634090021922,80.47685489037273,58.49693581909255,seedling,0,47.5,medium,rust
sugarcane,27.278038185311637,77.30282966931864,153.4599595993484,65.62358453042444,flowering,1,64.3,medium,rust
rice,25.2044357796782,67.75809785366518,262.6066949399554,5.470475536971882,flowering,0,59.7,medium,leaf_blight
mango,27.780173105345874,75.46043365980053,151.30871009907392,56.634574748291506,vegetative,0,76.8,high,bacterial_wilt
rice,24.927443977191547,74.62640279015181,7.997456795135715,35.34696570313415,maturity,0,46.1,medium,powdery_mildew
lentil,23.64723127606553,32.984463149483915,294.24006293150944,8.937134771690669,maturity,1,64.3,medium,leaf_blight
banana,27.20652067459795,58.21728668536652,169.41177503057776,7.282908707708882,maturity,0,52.9,medium,leaf_blight
kidneybeans,17.566625007472815,50.83838010707004,22.20607999004951,75.48622800290168,flowering,0,35.7,low,none_significant
chickpea,21.014717445237146,55.1113430949296,12.599481213465912,42.02976237800973,seedling,0,35.1,low,none_significant
banana,25.702315601807378,72.04273245582698,182.14287583518575,16.395037343436663,seedling,0,69.1,high,bacterial_wilt
orange,19.27038983279527,61.72867605387589,270.6817347925607,16.826018682886975,vegetative,0,48.6,medium,powdery_mildew
cotton,30.29816466750288,88.51756832808108,40.75532810235506,6.558522894139543,flowering,0,51.8,medium,powdery_mildew
chickpea,17.88778467210379,54.448302770446745,221.17025410707012,55.10035850930189,flowering,0,55.4,medium,powdery_mildew
rice,19.017792784547332,56.123633209477894,51.0201674604262,33.945516614087225,vegetative,1,50.8,medium,rust
coconut,27.03556623018069,27.75813477768944,199.74499061934756,82.92847592532175,vegetative,0,55.3,medium,rust
coconut,26.700078296935523,24.482909587305038,63.51711163310028,13.732988670675349,flowering,0,38.5,low,none_significant
chickpea,15.312066292723763,84.28840375794127,71.76996308981202,56.51743888879547,flowering,0,59.2,medium,rust
cotton,25.789273916470602,84.67696382423937,108.49010148279271,61.31200247634752,seedling,1,80.9,high,downy_mildew
coffee,24.01049262152103,96.61873573713652,113.48002169423803,73.87592486365865,seedling,0,68.1,high,bacterial_wilt
coffee,24.494788742425772,45.442268443283986,228.33554264258257,52.94155259785063,vegetative,0,64.9,medium,rust
watermelon,24.711091101387783,89.61850965274114,235.21778672857894,58.44579117644797,seedling,0,72.8,high,blast
wheat,16.532383342914613,20.150320160641098,221.58696185325803,79.97153527888042,flowering,0,48.8,medium,rust
wheat,15.251699261545156,48.0951514377375,285.1207384313055,91.90240728917068,maturity,0,67.6,high,bacterial_wilt
coconut,28.14506575275378,29.49733131859011,287.4506897418651,70.19298823177616,flowering,0,61.5,medium,rust
cotton,31.96255138743029,56.47100413785619,210.39995608717393,45.55467825092381,vegetative,0,60.1,medium,leaf_blight
watermelon,22.857043987117507,49.05680823557433,65.26850674642388,24.804240465287897,flowering,1,50.2,medium,powdery_mildew
banana,26.925414076212135,58.87467672469739,80.20892016615855,38.64047453813447,maturity,0,43.2,medium,leaf_blight
chickpea,18.93442146832369,86.81672960064162,161.13818060962842,40.04975485099054,seedling,0,70.5,high,blast
maize,29.711077141388593,95.13397627746626,236.0792149727201,58.229245437140236,vegetative,0,84.3,high,bacterial_wilt
watermelon,20.560181096507897,75.13576897394574,10.866700488782389,17.55013517931207,flowering,1,62.2,medium,powdery_mildew
chickpea,20.327260324655608,28.956644208103288,35.28166899401987,11.182694590296041,vegetative,0,27.3,low,none_significant
rice,24.95400200712807,78.43603579562895,200.65227644299324,66.58758973461474,seedling,0,72.3,high,bacterial_wilt
rice,23.523134493848346,76.26431602744242,100.72304500915045,26.496222954939427,vegetative,1,60.7,medium,leaf_blight
watermelon,22.986951710038696,37.16426694986275,62.03543494989786,28.227201569967804,seedling,0,30.4,low,none_significant
chickpea,16.588038485511348,45.83131373371393,200.22574978632653,32.53331504961845,maturity,0,55.7,medium,leaf_blight
coffee,24.475311963645368,27.723785580183787,224.90809237189387,35.938487041823805,maturity,0,54.8,medium,rust
sugarcane,27.924316854351193,30.045073286627265,94.65830433224912,32.307848069603665,seedling,1,41.2,medium,leaf_blight
grapes,22.005064420122103,34.342444511968694,18.02852345898399,10.517121725959434,flowering,0,26.5,low,none_significant
coconut,26.317955202710166,26.113362106086278,156.71682610498928,22.620313817007236,vegetative,0,47.5,medium,powdery_mildew
kidneybeans,16.187385606907835,59.46329956761787,235.85877540774584,23.157845858671422,maturity,0,51.4,medium,powdery_mildew
maize,22.11669157984083,79.59236686102722,223.44186302952266,44.90488768099004,vegetative,0,71.2,high,bacterial_wilt
mango,31.481594924324746,92.45447359926543,164.61181174314999,76.36099830958551,seedling,0,77.2,high,bacterial_wilt
orange,23.518654608872712,20.400843723576585,169.8481475046802,23.35279796210971,maturity,0,52.8,medium,leaf_blight
rice,25.3660364027921,43.606384935234686,189.6954905129054,60.97828307802407,maturity,0,58.6,medium,leaf_blight
wheat,16.551673576414927,41.02899517832899,147.52567865792517,89.80826093615138,seedling,1,72.8,high,blast
orange,26.278737258890512,25.952927503844982,256.3777074390662,22.791405513660788,vegetative,0,44.0,medium,powdery_mildew
banana,27.690427756342775,40.40838495082578,17.887451526926725,32.45886789343918,seedling,0,37.4,low,none_significant
chickpea,21.218705857786755,74.08104829097056,30.948375890399284,24.244639462036705,maturity,0,48.2,medium,rust
kidneybeans,18.426042569601464,55.04036181916602,207.70534598937948,87.08550742917194,seedling,0,61.3,medium,rust
mango,28.412877238009493,84.86284422793216,74.19192509990805,25.007297976805035,seedling,0,60.8,medium,rust
rice,26.33510627031106,84.68761838337701,158.32269543192015,83.38833133596887,flowering,0,77.7,high,blast
coconut,28.079334696445137,81.2746469823654,76.66004794871718,42.5370623036249,flowering,0,67.1,high,downy_mildew
coffee,25.13186777320796,89.06350982656201,276.3207914651281,90.86869963325795,maturity,1,100.0,high,root_rot
watermelon,24.776012619595903,45.57716352054201,244.82870546899278,25.48114245944794,vegetative,0,54.5,medium,powdery_mildew
orange,16.157551320086938,62.15899328271522,150.6120529677722,67.04314662465652,maturity,0,55.3,medium,powdery_mildew
kidneybeans,13.096737950129247,24.814137657477346,278.5203697562703,10.392399710181977,maturity,1,51.6,medium,leaf_blight
kidneybeans,14.901015309591532,33.2922105954257,19.46014517162934,9.430575572363425,vegetative,0,23.6,low,none_significant
coconut,27.041860861829115,50.2843913062968,119.56927693227702,15.86957004250636,vegetative,1,61.7,medium,leaf_blight
cotton,25.68987932507892,56.39400742817925,101.43048385301644,69.36458486260055,maturity,0,63.8,medium,leaf_blight
banana,26.352152596108034,70.09498753918632,102.03380588453045,54.50477042998811,maturity,1,68.1,high,downy_mildew
chickpea,23.064059421760476,92.17645852124645,65.03331763796142,64.11610337932727,maturity,0,62.3,medium,rust
banana,31.008997395191756,95.44991481261916,283.9998964641672,7.0955669197330735,seedling,1,80.8,high,downy_mildew
orange,26.20621731505475,98.52060465796066,224.4695261656404,73.3423198942525,maturity,0,72.1,high,bacterial_wilt
banana,26.678009210861603,67.25543440694679,167.43468153788223,35.42240285397212,seedling,0,67.1,high,bacterial_wilt
lentil,20.56762356388923,39.79452354514828,85.02286600931467,7.099717289842364,flowering,0,38.8,low,none_significant
mango,31.726970057404696,96.29842693495095,221.0106269251064,65.59460673159003,flowering,0,80.6,high,bacterial_wilt
banana,27.417339882423867,58.46933622368564,67.52353774809916,47.062714194930145,seedling,1,68.0,high,downy_mildew
wheat,14.184808741255399,59.63949330825871,81.8006355907815,58.9928403009943,seedling,0,42.6,medium,leaf_blight
watermelon,19.489636761256968,32.402790934171406,135.9157566027107,31.261650982438553,vegetative,1,45.4,medium,powdery_mildew
banana,28.569649337849107,93.37807108745524,167.28112906161772,46.9092819870812,flowering,0,78.0,high,downy_mildew
wheat,10.653045770773648,53.24637200517692,172.91104235091188,87.4300470739794,seedling,0,61.1,medium,leaf_blight
banana,28.091357695201072,71.6588083278744,191.0479215721527,64.4130032825602,maturity,0,74.9,high,root_rot
rice,19.13210093727761,80.59146156932601,31.494845354642976,53.82795413084465,maturity,0,50.6,medium,leaf_blight
mango,32.007395355737266,33.2848448177719,181.97884859123985,50.61301531853989,flowering,1,69.3,high,blast
sugarcane,22.56541662163943,99.66568552980338,139.31086655124426,87.86075047743279,vegetative,1,82.9,high,blast
maize,26.65143538226373,38.923195153419535,224.24397437667542,26.230824540869435,seedling,1,67.7,high,root_rot
banana,26.71401056051615,38.87868788751028,297.66462364812656,70.7725627460834,vegetative,1,73.6,high,root_rot
sugarcane,29.09144324100344,22.181168006597282,242.91611307956404,82.83948367016976,maturity,0,51.7,medium,powdery_mildew
coconut,26.805908321970687,35.7377418267809,206.00049173440806,72.72823769769111,flowering,0,51.8,medium,leaf_blight
sugarcane,28.481358820009447,95.49858675773224,175.1243498668768,40.96486094460827,flowering,0,57.7,medium,rust
watermelon,26.37296516206219,91.54380614681692,75.14591787667312,76.58069084709027,vegetative,1,76.2,high,blast
maize,24.307807988981132,94.14907932854558,109.77517950208512,6.828750936398159,vegetative,0,59.0,medium,rust
sugarcane,24.05147466520468,38.36317432110655,177.5243890105767,94.65294680637884,vegetative,1,73.2,high,root_rot
coffee,26.33236946062921,60.15324112250789,254.22831311739787,57.368604394068,vegetative,0,57.8,medium,leaf_blight
watermelon,25.535170276461173,78.20473592672055,81.1064511384127,70.63643266852064,flowering,0,64.3,medium,leaf_blight
wheat,19.90968126987598,88.98875993188416,40.129380871858686,67.68301775118414,seedling,1,66.5,high,downy_mildew
maize,23.48332546354337,75.67573634441644,163.59198472071415,78.07110604546835,vegetative,1,96.6,high,blast
cotton,23.223859578438685,93.28399606100604,130.79151894889046,57.79412774131278,flowering,0,74.0,high,downy_mildew
coconut,22.946188071467596,65.47202086399669,50.4174970653071,75.57720646941715,seedling,1,70.3,high,bacterial_wilt
rice,26.426595768005583,71.2453228641314,50.47890092041326,55.54455246697018,maturity,1,60.2,medium,powdery_mildew
coffee,24.967676992003767,60.229381740977246,139.87744907566454,19.61021298845464,seedling,0,47.6,medium,leaf_blight
kidneybeans,17.51461267404962,68.73198587458485,294.38467041811384,66.09329591201644,maturity,1,69.1,high,bacterial_wilt
coconut,28.600653390946587,24.85363247517432,173.79031412186524,77.6025081187695,flowering,1,66.2,high,blast
banana,29.446046898569893,70.17514290964864,114.05881732291513,5.255461202843348,seedling,0,49.7,medium,rust
chickpea,13.760634889610028,29.762282368512743,221.13541135211233,53.92999343552922,maturity,0,54.4,medium,leaf_blight
orange,22.76049020730132,65.23753326021193,297.17489573561807,74.43927393950331,seedling,1,73.2,high,downy_mildew
banana,25.138031066538794,35.30724041616635,262.0033274701783,84.30917745563437,maturity,0,61.6,medium,rust
mango,32.11708994557363,34.67063167014905,197.31076349803547,39.14655042483023,flowering,1,67.7,high,downy_mildew
lentil,25.970800809981384,95.98575988269448,60.19455201626139,9.885954433948443,maturity,0,54.0,medium,powdery_mildew
watermelon,22.051069513824572,61.14294994155464,270.76356105795014,34.106748411837664,flowering,1,68.9,high,bacterial_wilt
mango,24.270080318272367,43.557192832345805,106.72415390362717,8.663000668719885,flowering,0,41.7,medium,leaf_blight
rice,28.823968961695044,90.82794024324697,53.183826542213595,59.489586382429906,flowering,0,63.0,medium,powdery_mildew
orange,23.49678168753875,91.2817910710999,236.89728452869556,70.18620337100228,flowering,1,81.3,high,blast
mango,32.0065352483444,61.5808770783793,107.56516194479924,16.01506841930452,maturity,0,37.6,low,none_significant
watermelon,25.076868400234815,30.77075384425872,61.62495711475179,7.134278254238902,vegetative,1,35.4,low,none_significant
banana,29.739012338941823,57.70772063478041,266.83569022324957,74.04189523820828,maturity,0,62.8,medium,rust
maize,23.115236072216877,90.1508228474767,221.54033474883445,74.85536837518995,seedling,0,83.1,high,downy_mildew
coconut,27.31113231892051,26.89917877261201,116.70453193428459,74.05135501332083,seedling,0,54.5,medium,powdery_mildew
lentil,26.08292429384108,33.7070946695986,57.31644865395914,41.66027786722686,flowering,0,45.3,medium,leaf_blight
lentil,25.357765357410297,31.505502252530178,168.7031796002048,43.68022024353595,flowering,0,58.4,medium,powdery_mildew
lentil,24.268792560629947,76.85099494923858,173.97875588595315,10.04027029839504,vegetative,0,50.8,medium,leaf_blight
cotton,25.835026508273696,66.52190623666105,177.83248488891053,37.949546247094965,flowering,1,73.7,high,downy_mildew
kidneybeans,18.95809499990639,68.4134057409176,152.90431581941687,71.34305835653824,vegetative,0,59.3,medium,rust
grapes,22.274747511681042,54.283252488596425,13.754001188983189,89.60621947041298,vegetative,0,46.5,medium,rust
kidneybeans,19.165849468640978,56.57636593023271,296.5177886012112,71.52788165499751,flowering,1,69.1,high,downy_mildew
maize,29.76167835461024,89.21982156402112,168.7612309104685,25.685852472811572,vegetative,0,68.7,high,downy_mildew
coffee,23.06170836964836,33.162965549494274,17.393144774549917,74.34400311732256,flowering,0,38.1,low,none_significant
lentil,20.94990544804685,75.58474073308417,62.988405925216284,23.04465527219229,vegetative,0,45.6,medium,powdery_mildew
sugarcane,27.64358060446798,61.56408423641604,54.111519511047725,73.86723825312232,flowering,1,65.1,high,bacterial_wilt
sugarcane,26.76179320561008,34.272479990060106,23.328970338117337,82.01045220970822,flowering,1,50.4,medium,rust
coconut,25.947800088536763,82.93652033215218,296.50539065226724,92.77416698064805,maturity,0,85.5,high,downy_mildew
mango,29.63190580308225,86.20673601449437,32.9385874753361,46.3147092769596,seedling,0,64.8,medium,powdery_mildew
chickpea,17.027599661202874,83.33512206856543,24.37959579245308,34.32740727936774,flowering,0,44.3,medium,leaf_blight
watermelon,23.978780495904395,43.27158633006266,99.65391499599234,91.23594392740439,vegetative,1,66.8,high,bacterial_wilt
mango,29.356438864433535,83.15478973818142,250.78554352370807,64.43399037776652,maturity,1,93.7,high,downy_mildew
rice,32.51525300638736,23.384557146429383,191.5803609237671,29.487625326278135,flowering,0,48.0,medium,rust
coconut,29.51716831174462,52.626716852869976,79.95860366622209,89.17967827410699,vegetative,0,49.9,medium,leaf_blight
coconut,27.39194847900438,20.03182128687259,4.967918193797393,38.95539827516805,flowering,0,27.2,low,none_significant
mango,24.696106487754008,27.141559566743485,23.22102760676089,72.06083237572183,vegetative,1,55.5,medium,leaf_blight
coconut,28.92445845371271,90.73467126258309,58.176425843542724,6.978447967370527,flowering,0,57.7,medium,rust
maize,22.854856469780444,79.28450038192057,159.4624046814141,28.027966238635816,maturity,0,65.3,high,bacterial_wilt
sugarcane,31.03842666676301,77.351841675955,122.9478252943182,39.23071261455707,flowering,0,66.3,high,root_rot
rice,28.218663866384126,90.5756838756663,124.21057950042426,60.14001639336717,flowering,0,69.9,high,downy_mildew
sugarcane,22.56234821152816,34.74192759960653,259.86642764937477,12.19734564838802,flowering,1,74.1,high,root_rot
sugarcane,25.616887102524466,99.30677490768377,259.6148877604263,42.28060006249617,vegetative,1,100.0,high,blast
cotton,27.15310232836823,82.36605793361781,57.650431151590844,71.82199134560686,maturity,0,66.1,high,blast
maize,28.87300216749697,78.54103978614904,130.57688191262903,14.601966935867573,flowering,0,52.3,medium,powdery_mildew
wheat,13.81036252444694,79.30771403380079,136.32143910051968,35.12344012724698,vegetative,1,64.6,medium,powdery_mildew
sugarcane,28.939685797713974,57.06466696161079,44.93928397021075,57.25915857334284,seedling,0,53.4,medium,rust
sugarcane,25.896093516806012,46.266277110525266,250.30714076417124,61.25871054051237,flowering,0,75.0,high,bacterial_wilt
cotton,30.58288077090015,28.07589254513795,16.851003431980516,8.007566716588032,maturity,0,38.4,low,none_significant
rice,26.641758742020322,58.620985127425406,28.04306645832141,5.524865625946788,seedling,0,38.6,low,none_significant
watermelon,28.011612309824795,26.31203897320134,280.40665746248726,41.51422820304753,flowering,0,54.7,medium,rust
rice,28.506538442291813,73.18481248906804,49.339354803253535,29.172408026885652,seedling,0,45.5,medium,powdery_mildew
lentil,24.383750294422754,36.36902169053926,166.86630425407515,33.961586769954835,vegetative,1,66.2,high,blast
mango,33.14627802123428,59.01497399746211,173.84191664014992,31.13626080380306,maturity,0,48.2,medium,rust
sugarcane,30.907329868119366,28.253719114659013,151.8682339558337,85.60763908973271,vegetative,0,47.2,medium,leaf_blight
orange,17.87145121715662,26.45796820736157,229.32551997200002,91.27238296237576,flowering,1,54.3,medium,leaf_blight
lentil,24.359726225398976,44.32483678993505,226.70869763556814,18.22715016560787,vegetative,0,65.5,high,downy_mildew
kidneybeans,19.106537336475427,93.5643051580419,235.48642237516356,90.3190119505432,maturity,0,85.0,high,root_rot
sugarcane,30.00636616478154,79.40393348360055,73.5712305698607,76.98810277020007,vegetative,0,66.2,high,root_rot
sugarcane,20.56160764218582,75.51175293178154,162.57210400354825,81.76316094250696,seedling,1,81.1,high,root_rot
grapes,24.02923210564744,71.23852701422715,24.722642938827132,49.9682575867348,maturity,1,52.1,medium,powdery_mildew
coffee,26.41605497188382,33.86312587448206,279.2407019878166,24.122504807460675,maturity,0,51.1,medium,leaf_blight
wheat,19.206393546248684,50.32200176173013,8.183601398366026,10.99963051164221,vegetative,0,21.9,low,none_significant
mango,30.819824605301722,56.8259736185355,159.77344354075964,85.3525240991544,seedling,0,64.0,medium,powdery_mildew
maize,25.927008047326407,93.39653814478369,41.98140375772637,15.562330108786874,vegetative,0,52.5,medium,leaf_blight
kidneybeans,15.499652023478173,31.88607381848272,113.37429225376765,27.850561662623004,seedling,0,35.4,low,none_significant
cotton,28.548471190065804,93.14835549560017,96.48228780211565,15.980492960315368,vegetative,0,59.9,medium,leaf_blight
banana,26.853393158506535,65.24553454027267,242.63012831856048,36.02316542551955,vegetative,0,65.0,medium,leaf_blight
grapes,22.132345597567877,44.7496469447329,278.79767746636384,29.802958570890667,flowering,1,74.0,high,root_rot
grapes,16.480798664242307,66.79432879651779,233.74144656679096,58.178851844049035,vegetative,1,68.2,high,downy_mildew
maize,21.56598688148016,44.63018490779379,65.84538721810588,16.601156537139833,flowering,0,46.4,medium,rust
mango,28.901777597459773,59.29229870202586,64.13092013510354,89.23754799421201,flowering,0,58.5,medium,rust
sugarcane,25.469183498319214,48.476407902627685,179.52625379361942,40.05342966650354,maturity,1,80.3,high,blast
chickpea,17.449213160217113,87.00703124039202,63.37313184613045,83.43588724846596,maturity,0,47.6,medium,powdery_mildew
wheat,14.421152827256103,62.37521876982669,193.0395714084292,69.07443923012485,flowering,0,63.8,medium,rust
lentil,24.885730230959116,43.54192789479786,291.0578008348653,6.132992269541195,vegetative,0,50.5,medium,rust
rice,24.91880259525192,40.14940399767835,238.9246538316073,34.93878338508215,maturity,0,60.2,medium,rust
grapes,22.50661171981062,30.317871538060608,161.48497140264053,16.116304243057847,vegetative,1,62.7,medium,leaf_blight
chickpea,17.05068101597336,42.93952001073058,46.17290089146802,78.72092386523249,seedling,0,40.2,medium,powdery_mildew
kidneybeans,15.172038758772633,35.258518829924824,96.40797511195876,86.21116289261512,flowering,0,55.1,medium,powdery_mildew
rice,19.84683280813261,26.299608865801858,48.546499511801045,13.263305647809938,flowering,0,22.6,low,none_significant
wheat,25.660301607133924,53.93193678067077,114.37011945118017,19.369472646479284,vegetative,0,38.9,low,none_significant
coconut,25.47160119946012,52.898758983170985,72.32739880195537,56.0210334350812,maturity,0,50.8,medium,rust
coconut,24.448207807072336,48.513403322838606,160.4888801187597,62.19695403263414,vegetative,0,63.5,medium,rust
watermelon,28.48661811390967,73.82017301379769,90.4820894626455,20.495519283063842,flowering,0,51.6,medium,powdery_mildew
sugarcane,23.914396891053702,39.741306784472606,258.45564210214593,48.33858767974752,vegetative,1,75.1,high,root_rot
kidneybeans,13.734672619907691,75.86175217914035,120.9383973333237,60.31556794954112,maturity,0,54.8,medium,rust
sugarcane,22.751026553712656,29.544496663883564,177.58307957407143,66.22367665433785,flowering,0,64.6,medium,leaf_blight
watermelon,25.919246784589937,26.017820978356312,186.06527769704152,73.63404295010135,vegetative,0,60.1,medium,leaf_blight
chickpea,17.860165209407924,69.18413747925706,185.77741401810758,54.83930359421539,maturity,0,63.1,medium,powdery_mildew
wheat,18.219643676419363,41.25161582668789,272.4299600136525,29.003708564704784,vegetative,0,48.6,medium,rust
watermelon,26.83581280311777,77.73427413544815,90.90934531774957,19.678310975889005,flowering,1,63.3,medium,rust
grapes,28.6776014068862,32.28047792873557,201.12841540280593,63.447573483594944,maturity,0,47.8,medium,rust
coconut,26.13225517359669,50.28625221908197,117.31493798677099,24.217863343900405,seedling,0,48.6,medium,rust
chickpea,20.659630592974086,89.9326470761139,68.05050805917546,58.31109159870312,flowering,0,62.8,medium,rust
watermelon,22.688126569954584,26.018610163682325,127.6369661506415,32.569577652963,maturity,1,61.5,medium,powdery_mildew
maize,26.162214696342637,20.82345568764552,29.325714167902884,70.49554660770902,seedling,1,54.0,medium,rust
coffee,25.04261672252834,24.447850011025672,163.45424276436273,5.98732957592776,vegetative,0,47.7,medium,rust
grapes,24.882049313017852,96.22101535559067,253.73633109779868,80.39628399090861,vegetative,0,90.7,high,root_rot
coffee,22.675256184048177,54.434835401793706,122.72676974378612,36.664227395299505,vegetative,0,49.5,medium,leaf_blight
mango,29.379245530532742,75.21822424013465,157.90151880454576,36.69519954302241,seedling,1,67.4,high,bacterial_wilt
wheat,20.2207278297468,45.85373275631778,82.12418636403132,83.01283072883304,maturity,0,52.7,medium,rust
orange,16.33622113403353,90.32695718236722,123.33513956231444,83.74086191382504,seedling,0,56.8,medium,powdery_mildew
maize,22.022933187342787,71.09449140967588,193.313905823011,75.09065513101665,vegetative,0,88.1,high,blast
lentil,26.503560001552884,82.73434547536775,141.29396708979513,53.03727030499087,flowering,0,69.1,high,root_rot
cotton,29.86349478939478,39.15522312818135,248.85213037924302,54.36245854842489,flowering,1,68.7,high,root_rot
watermelon,26.6794556931409,41.54341291796796,211.22333923947286,32.09437236477022,maturity,0,53.3,medium,rust
grapes,30.40674962096028,77.69616509960352,238.1362168179071,87.19817401447503,seedling,0,81.5,high,downy_mildew
chickpea,15.917388792282942,80.84304910424078,157.53545338791514,88.90616772586463,flowering,1,65.6,high,blast
sugarcane,32.68696693234443,46.457428227096436,66.92795360117923,51.07266493177736,seedling,1,43.4,medium,leaf_blight
coconut,25.049319887779824,48.31626144828958,23.10967585877226,82.30165718391675,vegetative,0,51.0,medium,powdery_mildew
rice,27.828503451992624,86.86612973754035,139.1432441615055,10.349881873941662,vegetative,1,75.5,high,blast
maize,23.588262277331975,73.41094205333988,231.13444484681042,47.435054440192694,vegetative,0,66.7,high,bacterial_wilt
chickpea,15.820727414539753,94.04667241899917,103.56986104255603,49.44907721021922,maturity,0,57.6,medium,powdery_mildew
cotton,24.037339343874088,41.162905574806565,94.35821680882378,70.9242069348914,vegetative,0,51.7,medium,leaf_blight
sugarcane,30.250587174911377,77.41367607405326,201.0925598578151,73.65811181174382,maturity,0,80.5,high,blast
grapes,22.533035464969284,20.943750524043665,29.398246444333854,8.701860987993687,seedling,0,18.1,low,none_significant
chickpea,21.834417139693638,46.81427212821732,154.4378115773184,74.75361913530753,maturity,0,55.2,medium,rust
watermelon,25.20694714496888,98.99241958070074,155.0428300229873,30.756273383541924,maturity,0,79.3,high,root_rot
wheat,20.80681528777684,21.928271895060412,13.974241782281416,12.360834750563907,flowering,0,33.6,low,none_significant
maize,20.578164279190563,85.12202727032933,68.37701082165954,79.51129076318387,seedling,0,72.5,high,bacterial_wilt
grapes,23.68146623753573,47.03545870786017,99.93369088318553,17.045919771060067,seedling,0,29.0,low,none_significant
cotton,24.722487499633537,77.74278627415056,79.99820258429997,8.825336955599361,maturity,0,50.6,medium,leaf_blight
banana,29.931512006152985,93.96697185257865,190.74068636294123,89.09402764220171,seedling,0,96.9,high,bacterial_wilt
chickpea,22.159485552358262,28.025229639630123,123.35911828051371,23.220644693977412,flowering,1,51.0,medium,rust
mango,30.96020320023707,23.220268001565813,49.51221367023383,27.11989035368707,maturity,0,44.2,medium,powdery_mildew
wheat,20.735913725568476,88.43777653090888,298.0726715786666,13.820666956409779,seedling,0,66.9,high,blast
coconut,25.09569472505419,96.47620839666439,99.50611169126317,90.12520084175995,seedling,0,81.0,high,downy_mildew
chickpea,20.76956497429854,25.690411451883133,151.30887414109887,20.58544952733483,maturity,0,41.2,medium,powdery_mildew
rice,28.524295372997504,90.02534745065279,299.0900211117151,20.93371394929427,flowering,0,76.7,high,blast
orange,25.934181544462163,99.02058715068584,132.40506968985287,74.48947905851533,flowering,0,69.9,high,downy_mildew
grapes,24.207953412351696,64.3094099223537,129.82708817725415,61.348425370087334,seedling,0,65.6,high,blast
kidneybeans,13.940178186596413,51.82649599813559,270.7576974265815,89.77234698343469,flowering,0,59.5,medium,powdery_mildew
cotton,29.608725233493438,99.53960967568456,262.4301023297846,88.66258204320071,seedling,0,73.7,high,root_rot
watermelon,23.991989355020618,81.51710738609131,102.53599936099646,84.84905361884464,vegetative,0,66.1,high,bacterial_wilt
lentil,26.87341902715726,96.88230922467875,180.71610262056578,57.83389208946589,flowering,0,74.6,high,bacterial_wilt
coffee,25.71790468538438,94.89686884764556,80.97762751819963,76.18206003084437,seedling,0,81.7,high,root_rot
maize,22.98376652656244,28.89463406093812,23.678570850787917,7.119665125123891,maturity,0,24.5,low,none_significant
mango,30.67034448339309,53.38011735775143,204.2609271321518,84.49171084790704,flowering,1,77.4,high,root_rot
wheat,20.326798163447855,88.8978379151562,284.3322371562212,60.71508499881693,maturity,0,74.3,high,bacterial_wilt
coconut,28.75325730120294,94.80036857304157,149.2411366277333,41.39356944350852,vegetative,0,75.5,high,blast
rice,20.48960956505403,46.596239261412286,71.24502030174689,53.152442755381536,vegetative,0,47.5,medium,leaf_blight
orange,25.769198428891812,57.36283529912279,158.4049408096842,69.1617625397353,maturity,0,71.5,high,downy_mildew
lentil,25.962055316797187,86.85288038605037,78.81895621576906,77.84145092760583,vegetative,0,78.7,high,downy_mildew
lentil,26.701383042155193,59.845301446838086,182.55185896872618,39.34096661469829,flowering,0,78.8,high,blast
lentil,23.485125163409435,66.42611049492803,291.6636372636738,7.7084955313379675,flowering,1,78.1,high,blast
grapes,26.03301242858717,61.114758988427084,235.16105708654422,43.06009273129345,vegetative,1,75.3,high,downy_mildew
banana,24.63559043823104,62.04565619666569,258.3167955402287,18.698212805498343,flowering,0,74.1,high,downy_mildew
grapes,22.17427220001225,98.82631780130083,44.05900228990804,26.082889367655163,seedling,0,55.4,medium,leaf_blight
chickpea,15.880901324706684,75.70589132306628,187.58884973621986,5.357503185128505,maturity,1,66.6,high,bacterial_wilt
lentil,26.341497527994846,94.35743870518847,109.9934707080582,79.28301757051803,flowering,0,69.8,high,blast
mango,27.482641060431433,28.189237782454263,130.26074594414973,22.728698684429084,flowering,0,54.3,medium,powdery_mildew
coconut,26.805263607499317,69.82070552519593,93.90107259276147,57.413646261113044,vegetative,1,73.3,high,root_rot
banana,25.11321367006857,62.664600441331466,117.09659830394918,31.55863590128013,vegetative,1,63.0,medium,leaf_blight
sugarcane,26.43232663004962,24.842727459666463,51.82525222544558,46.03688819532662,vegetative,0,36.2,low,none_significant
lentil,23.33914065171992,64.26422625165353,60.3798795381723,81.48696645438609,flowering,0,58.9,medium,rust
rice,21.92348686373012,47.11050456819439,89.16073960675445,65.73612932705052,vegetative,1,68.7,high,root_rot
maize,26.24487367120002,75.48533129227607,227.97364694950346,24.9043914064132,maturity,1,79.9,high,downy_mildew
kidneybeans,11.415023783843539,85.8612260225097,207.74649590523114,18.734425131526997,vegetative,1,81.2,high,bacterial_wilt
banana,32.26333536293588,73.9874345702136,73.31260414676511,32.68191683806103,seedling,0,49.6,medium,leaf_blight
coconut,30.4325748769073,75.13951829734248,123.73180791248461,11.161132982762616,seedling,0,62.2,medium,powdery_mildew
maize,21.59293261033199,49.649584160208136,172.84522552780876,36.564226046089324,maturity,0,54.0,medium,leaf_blight
rice,25.101678325147436,97.81570336313914,143.46224911127615,14.143007726883178,vegetative,0,69.3,high,root_rot
wheat,19.562459863003085,45.752635977902465,194.18082716007575,48.89899870663916,maturity,1,65.8,high,downy_mildew
mango,30.459604758208563,39.98910743099563,7.962788436999723,57.941995329325664,maturity,0,44.9,medium,powdery_mildew
coconut,22.41539866435333,88.23636001843501,249.56433905383633,58.6531211431413,vegetative,1,80.7,high,downy_mildew
banana,30.414496280967114,26.834947701538443,65.24683187243689,55.24875999022991,flowering,1,54.5,medium,leaf_blight
lentil,22.157535768534956,32.634421344680945,72.64968794360384,48.59520999968009,vegetative,0,47.6,medium,powdery_mildew
rice,25.499110960526814,85.78251524786475,243.2438423349717,36.94068375393482,vegetative,1,79.0,high,downy_mildew
mango,30.853479286105692,34.14690108673133,133.27008813947762,88.77161119981533,maturity,0,52.1,medium,powdery_mildew
wheat,18.234343234353084,30.167960640628042,127.88115708788428,73.79926087826614,vegetative,1,59.6,medium,leaf_blight
cotton,22.090068916611628,66.22506118791354,18.067763817867444,14.951178022006449,vegetative,0,38.3,low,none_significant
chickpea,22.03172337914603,84.88014003386482,294.9282012371499,86.72013862658255,seedling,0,76.3,high,downy_mildew
kidneybeans,16.788967886374362,89.26438512430722,193.56364787223026,89.80017931050745,flowering,0,76.3,high,bacterial_wilt
mango,28.306545902580392,75.7359090755784,236.91952337579954,79.76258528302621,vegetative,0,84.8,high,downy_mildew
mango,28.42938705843158,29.39620024435054,19.4372171008952,89.90150446809936,seedling,0,40.1,medium,rust
rice,24.481413359547897,46.69105144230167,84.37168871528554,93.14458464325902,seedling,0,60.4,medium,powdery_mildew
lentil,24.341435995099317,64.29816559652457,113.99810318802682,24.430635706530687,flowering,1,68.5,high,blast
kidneybeans,17.074351244582132,85.33791737982057,206.74690761242596,90.94581337313576,seedling,1,78.7,high,bacterial_wilt
maize,30.19694333542084,55.58484051520467,164.30992222647544,65.44862580636351,vegetative,1,85.5,high,bacterial_wilt
kidneybeans,17.263412972473766,74.7537704510056,295.01892111224896,18.822827261692794,flowering,0,61.5,medium,powdery_mildew
lentil,24.4078707416328,38.502765102647686,193.5468455691469,61.046069351637485,flowering,0,59.7,medium,leaf_blight
grapes,15.08740674304283,81.43093777710027,19.476080710722965,30.60541836482555,vegetative,0,47.6,medium,powdery_mildew
maize,25.60076008175621,65.25051302893131,80.62955254306644,18.856881587639265,seedling,0,48.0,medium,leaf_blight
maize,25.799778813954138,75.70648042591984,243.1232052550135,64.01658119455102,seedling,1,76.7,high,downy_mildew
chickpea,18.892029599125813,22.70534179265453,256.15780985464204,60.337222676450864,vegetative,0,51.8,medium,leaf_blight
grapes,21.569205709444944,94.92458659111641,226.79985379685724,21.34184517430275,vegetative,0,74.2,high,root_rot
lentil,22.857939711865644,77.51365242797011,179.93499539991527,47.98119871133214,flowering,0,73.5,high,bacterial_wilt
grapes,23.100196665607832,59.69239040314907,98.91569682010439,64.62067871639982,seedling,0,57.4,medium,powdery_mildew
maize,25.782817524351426,66.6400400378815,258.54761603665503,21.34324413180867,flowering,0,64.5,medium,powdery_mildew
wheat,19.137144845893282,49.83507953352265,81.64928802543346,91.22380515235697,vegetative,0,50.5,medium,powdery_mildew
watermelon,24.281026969979802,88.38716530438197,33.30267897979776,53.58733054825274,seedling,1,61.9,medium,rust
coconut,29.17449659319646,56.70167215298545,146.46010129285384,27.78320287980486,seedling,1,68.4,high,bacterial_wilt
coconut,27.10221641852157,34.44445443619785,231.0918631151478,18.293091704845423,maturity,1,51.1,medium,leaf_blight
coffee,25.56869757324764,79.35369053320726,178.21619786501427,45.20655481819177,maturity,0,80.0,high,bacterial_wilt
wheat,18.804267364358065,22.92298943592605,254.5474361764868,85.73370791809903,flowering,1,57.0,medium,powdery_mildew
mango,30.241014054406502,47.225475252235995,243.81435143068248,18.06163605021802,maturity,1,61.3,medium,rust
grapes,25.63318868487858,22.54925821983357,48.928539656503546,17.786479869087056,seedling,0,35.4,low,none_significant
sugarcane,30.238919105032426,63.188086431236286,255.71462786373715,57.656979055879496,maturity,0,74.3,high,root_rot
maize,21.439841103707415,81.78915494064366,24.282915272250328,10.210370589766393,vegetative,1,44.4,medium,powdery_mildew
mango,27.581767956263953,53.69512410876813,6.314676473224667,78.95543117311261,vegetative,0,38.4,low,none_significant
